{
  "scope": "ordinary public correction boundary, not unified/direct-P5/scientific acceptance",
  "root": "/private/tmp/cpswm-pc-a-w2-review-target-w3-20260912",
  "python": "/Users/pangwei/Documents/ai/continual-personalized-semantic-world-model/.venv/bin/python",
  "loaded": {
    "cpswm": "/private/tmp/cpswm-pc-a-w2-review-target-w3-20260912/src/cpswm/__init__.py",
    "cpswm.contracts.base": "/private/tmp/cpswm-pc-a-w2-review-target-w3-20260912/src/cpswm/contracts/base.py",
    "cpswm.contracts.assertions": "/private/tmp/cpswm-pc-a-w2-review-target-w3-20260912/src/cpswm/contracts/assertions.py",
    "cpswm.contracts.beliefs": "/private/tmp/cpswm-pc-a-w2-review-target-w3-20260912/src/cpswm/contracts/beliefs.py",
    "cpswm.contracts.corrections": "/private/tmp/cpswm-pc-a-w2-review-target-w3-20260912/src/cpswm/contracts/corrections.py",
    "cpswm.contracts.decision_context": "/private/tmp/cpswm-pc-a-w2-review-target-w3-20260912/src/cpswm/contracts/decision_context.py",
    "cpswm.contracts.events": "/private/tmp/cpswm-pc-a-w2-review-target-w3-20260912/src/cpswm/contracts/events.py",
    "cpswm.system": "/private/tmp/cpswm-pc-a-w2-review-target-w3-20260912/src/cpswm/system/__init__.py",
    "cpswm.system.reproducibility": "/private/tmp/cpswm-pc-a-w2-review-target-w3-20260912/src/cpswm/system/reproducibility.py",
    "cpswm.contracts.evidence_factor_trace": "/private/tmp/cpswm-pc-a-w2-review-target-w3-20260912/src/cpswm/contracts/evidence_factor_trace.py",
    "cpswm.contracts.habit_learning": "/private/tmp/cpswm-pc-a-w2-review-target-w3-20260912/src/cpswm/contracts/habit_learning.py",
    "cpswm.contracts.evidence_protocol": "/private/tmp/cpswm-pc-a-w2-review-target-w3-20260912/src/cpswm/contracts/evidence_protocol.py",
    "cpswm.contracts.likelihoods": "/private/tmp/cpswm-pc-a-w2-review-target-w3-20260912/src/cpswm/contracts/likelihoods.py",
    "cpswm.contracts.llm_roles": "/private/tmp/cpswm-pc-a-w2-review-target-w3-20260912/src/cpswm/contracts/llm_roles.py",
    "cpswm.contracts.grounded_search": "/private/tmp/cpswm-pc-a-w2-review-target-w3-20260912/src/cpswm/contracts/grounded_search.py",
    "cpswm.contracts.hidden_event_evidence": "/private/tmp/cpswm-pc-a-w2-review-target-w3-20260912/src/cpswm/contracts/hidden_event_evidence.py",
    "cpswm.contracts.observation_mechanism": "/private/tmp/cpswm-pc-a-w2-review-target-w3-20260912/src/cpswm/contracts/observation_mechanism.py",
    "cpswm.contracts.placement_memory": "/private/tmp/cpswm-pc-a-w2-review-target-w3-20260912/src/cpswm/contracts/placement_memory.py",
    "cpswm.contracts.project_two_replay": "/private/tmp/cpswm-pc-a-w2-review-target-w3-20260912/src/cpswm/contracts/project_two_replay.py",
    "cpswm.contracts.project_two_revision_action": "/private/tmp/cpswm-pc-a-w2-review-target-w3-20260912/src/cpswm/contracts/project_two_revision_action.py",
    "cpswm.contracts.queries": "/private/tmp/cpswm-pc-a-w2-review-target-w3-20260912/src/cpswm/contracts/queries.py",
    "cpswm.contracts": "/private/tmp/cpswm-pc-a-w2-review-target-w3-20260912/src/cpswm/contracts/__init__.py",
    "cpswm.system.continual.event_derived_update_ledger": "/private/tmp/cpswm-pc-a-w2-review-target-w3-20260912/src/cpswm/system/continual/event_derived_update_ledger.py",
    "cpswm.system.continual.hybrid_statistics": "/private/tmp/cpswm-pc-a-w2-review-target-w3-20260912/src/cpswm/system/continual/hybrid_statistics.py",
    "cpswm.system.continual.execution_feedback_projector": "/private/tmp/cpswm-pc-a-w2-review-target-w3-20260912/src/cpswm/system/continual/execution_feedback_projector.py",
    "cpswm.world_model": "/private/tmp/cpswm-pc-a-w2-review-target-w3-20260912/src/cpswm/world_model/__init__.py",
    "cpswm.world_model.habits_transitions.cause_factorized_bocpd": "/private/tmp/cpswm-pc-a-w2-review-target-w3-20260912/src/cpswm/world_model/habits_transitions/cause_factorized_bocpd.py",
    "cpswm.world_model.habits_transitions.joint_cause_bocpd": "/private/tmp/cpswm-pc-a-w2-review-target-w3-20260912/src/cpswm/world_model/habits_transitions/joint_cause_bocpd.py",
    "cpswm.world_model.habits_transitions.cause_gated_consolidation": "/private/tmp/cpswm-pc-a-w2-review-target-w3-20260912/src/cpswm/world_model/habits_transitions/cause_gated_consolidation.py",
    "cpswm.world_model.habits_transitions.context_conditioned_regime": "/private/tmp/cpswm-pc-a-w2-review-target-w3-20260912/src/cpswm/world_model/habits_transitions/context_conditioned_regime.py",
    "cpswm.world_model.habits_transitions.cause_regime_semantics": "/private/tmp/cpswm-pc-a-w2-review-target-w3-20260912/src/cpswm/world_model/habits_transitions/cause_regime_semantics.py",
    "cpswm.world_model.habits_transitions.propensity_correction": "/private/tmp/cpswm-pc-a-w2-review-target-w3-20260912/src/cpswm/world_model/habits_transitions/propensity_correction.py",
    "cpswm.world_model.habits_transitions.hierarchical_dirichlet": "/private/tmp/cpswm-pc-a-w2-review-target-w3-20260912/src/cpswm/world_model/habits_transitions/hierarchical_dirichlet.py",
    "cpswm.world_model.habits_transitions.habit_regime_write": "/private/tmp/cpswm-pc-a-w2-review-target-w3-20260912/src/cpswm/world_model/habits_transitions/habit_regime_write.py",
    "cpswm.world_model.habits_transitions.layered_habit_posterior": "/private/tmp/cpswm-pc-a-w2-review-target-w3-20260912/src/cpswm/world_model/habits_transitions/layered_habit_posterior.py",
    "cpswm.world_model.habits_transitions.mobility_axes": "/private/tmp/cpswm-pc-a-w2-review-target-w3-20260912/src/cpswm/world_model/habits_transitions/mobility_axes.py",
    "cpswm.world_model.habits_transitions.mobility_profile": "/private/tmp/cpswm-pc-a-w2-review-target-w3-20260912/src/cpswm/world_model/habits_transitions/mobility_profile.py",
    "cpswm.world_model.habits_transitions": "/private/tmp/cpswm-pc-a-w2-review-target-w3-20260912/src/cpswm/world_model/habits_transitions/__init__.py",
    "cpswm.system.continual.project_one_regime_loop": "/private/tmp/cpswm-pc-a-w2-review-target-w3-20260912/src/cpswm/system/continual/project_one_regime_loop.py",
    "cpswm.system.continual.project_one_feedback": "/private/tmp/cpswm-pc-a-w2-review-target-w3-20260912/src/cpswm/system/continual/project_one_feedback.py",
    "cpswm.system.continual.regime_authority": "/private/tmp/cpswm-pc-a-w2-review-target-w3-20260912/src/cpswm/system/continual/regime_authority.py",
    "cpswm.system.continual.rls.core": "/private/tmp/cpswm-pc-a-w2-review-target-w3-20260912/src/cpswm/system/continual/rls/core.py",
    "cpswm.system.continual.rls.channel_calibrator": "/private/tmp/cpswm-pc-a-w2-review-target-w3-20260912/src/cpswm/system/continual/rls/channel_calibrator.py",
    "cpswm.system.continual.rls.habit_head": "/private/tmp/cpswm-pc-a-w2-review-target-w3-20260912/src/cpswm/system/continual/rls/habit_head.py",
    "cpswm.system.continual.rls.regime_bank": "/private/tmp/cpswm-pc-a-w2-review-target-w3-20260912/src/cpswm/system/continual/rls/regime_bank.py",
    "cpswm.system.continual.rls": "/private/tmp/cpswm-pc-a-w2-review-target-w3-20260912/src/cpswm/system/continual/rls/__init__.py",
    "cpswm.system.continual": "/private/tmp/cpswm-pc-a-w2-review-target-w3-20260912/src/cpswm/system/continual/__init__.py",
    "cpswm.system.synthetic_routines.contracts": "/private/tmp/cpswm-pc-a-w2-review-target-w3-20260912/src/cpswm/system/synthetic_routines/contracts.py",
    "cpswm.system.synthetic_routines.generator": "/private/tmp/cpswm-pc-a-w2-review-target-w3-20260912/src/cpswm/system/synthetic_routines/generator.py",
    "cpswm.system.synthetic_routines": "/private/tmp/cpswm-pc-a-w2-review-target-w3-20260912/src/cpswm/system/synthetic_routines/__init__.py",
    "cpswm_gt.habit_trajectories": "/private/tmp/cpswm-pc-a-w2-review-target-w3-20260912/src/cpswm_gt/habit_trajectories.py",
    "cpswm_gt.models": "/private/tmp/cpswm-pc-a-w2-review-target-w3-20260912/src/cpswm_gt/models.py",
    "cpswm_gt": "/private/tmp/cpswm-pc-a-w2-review-target-w3-20260912/src/cpswm_gt/__init__.py",
    "cpswm.system.world_model_simulator.benchmark_access": "/private/tmp/cpswm-pc-a-w2-review-target-w3-20260912/src/cpswm/system/world_model_simulator/benchmark_access.py",
    "cpswm.system.world_model_simulator.symbolic": "/private/tmp/cpswm-pc-a-w2-review-target-w3-20260912/src/cpswm/system/world_model_simulator/symbolic.py",
    "cpswm.system.world_model_simulator": "/private/tmp/cpswm-pc-a-w2-review-target-w3-20260912/src/cpswm/system/world_model_simulator/__init__.py",
    "cpswm.system.evaluation_operations.shift_attribution": "/private/tmp/cpswm-pc-a-w2-review-target-w3-20260912/src/cpswm/system/evaluation_operations/shift_attribution.py",
    "cpswm.system.evaluation_operations.d0_shift_scenarios": "/private/tmp/cpswm-pc-a-w2-review-target-w3-20260912/src/cpswm/system/evaluation_operations/d0_shift_scenarios.py",
    "cpswm.system.attestation.authority": "/private/tmp/cpswm-pc-a-w2-review-target-w3-20260912/src/cpswm/system/attestation/authority.py",
    "cpswm.system.attestation": "/private/tmp/cpswm-pc-a-w2-review-target-w3-20260912/src/cpswm/system/attestation/__init__.py",
    "cpswm.system.evaluation_operations.direction_three_dataset": "/private/tmp/cpswm-pc-a-w2-review-target-w3-20260912/src/cpswm/system/evaluation_operations/direction_three_dataset.py",
    "cpswm.system.evaluation_operations.raw_data_signatures": "/private/tmp/cpswm-pc-a-w2-review-target-w3-20260912/src/cpswm/system/evaluation_operations/raw_data_signatures.py",
    "cpswm.system.evaluation_operations.report_output": "/private/tmp/cpswm-pc-a-w2-review-target-w3-20260912/src/cpswm/system/evaluation_operations/report_output.py",
    "cpswm.system.evaluation_operations.direction_three_prediction_cache": "/private/tmp/cpswm-pc-a-w2-review-target-w3-20260912/src/cpswm/system/evaluation_operations/direction_three_prediction_cache.py",
    "cpswm.foundation.identity_time_frames.contracts": "/private/tmp/cpswm-pc-a-w2-review-target-w3-20260912/src/cpswm/foundation/identity_time_frames/contracts.py",
    "cpswm.foundation.identity_time_frames.clocks": "/private/tmp/cpswm-pc-a-w2-review-target-w3-20260912/src/cpswm/foundation/identity_time_frames/clocks.py",
    "cpswm.foundation.identity_time_frames.frames": "/private/tmp/cpswm-pc-a-w2-review-target-w3-20260912/src/cpswm/foundation/identity_time_frames/frames.py",
    "cpswm.foundation.identity_time_frames.identity": "/private/tmp/cpswm-pc-a-w2-review-target-w3-20260912/src/cpswm/foundation/identity_time_frames/identity.py",
    "cpswm.foundation.identity_time_frames.service": "/private/tmp/cpswm-pc-a-w2-review-target-w3-20260912/src/cpswm/foundation/identity_time_frames/service.py",
    "cpswm.foundation.identity_time_frames": "/private/tmp/cpswm-pc-a-w2-review-target-w3-20260912/src/cpswm/foundation/identity_time_frames/__init__.py",
    "cpswm.foundation.persistence_replay.contracts": "/private/tmp/cpswm-pc-a-w2-review-target-w3-20260912/src/cpswm/foundation/persistence_replay/contracts.py",
    "cpswm.foundation.persistence_replay.memory_store": "/private/tmp/cpswm-pc-a-w2-review-target-w3-20260912/src/cpswm/foundation/persistence_replay/memory_store.py",
    "cpswm.foundation.persistence_replay.snapshots": "/private/tmp/cpswm-pc-a-w2-review-target-w3-20260912/src/cpswm/foundation/persistence_replay/snapshots.py",
    "cpswm.foundation.persistence_replay": "/private/tmp/cpswm-pc-a-w2-review-target-w3-20260912/src/cpswm/foundation/persistence_replay/__init__.py",
    "cpswm.foundation.runtime_orchestration.contracts": "/private/tmp/cpswm-pc-a-w2-review-target-w3-20260912/src/cpswm/foundation/runtime_orchestration/contracts.py",
    "cpswm.foundation.runtime_orchestration.handlers": "/private/tmp/cpswm-pc-a-w2-review-target-w3-20260912/src/cpswm/foundation/runtime_orchestration/handlers.py",
    "cpswm.foundation.runtime_orchestration.provenance": "/private/tmp/cpswm-pc-a-w2-review-target-w3-20260912/src/cpswm/foundation/runtime_orchestration/provenance.py",
    "cpswm.foundation.runtime_orchestration.runtime": "/private/tmp/cpswm-pc-a-w2-review-target-w3-20260912/src/cpswm/foundation/runtime_orchestration/runtime.py",
    "cpswm.foundation.runtime_orchestration.replay": "/private/tmp/cpswm-pc-a-w2-review-target-w3-20260912/src/cpswm/foundation/runtime_orchestration/replay.py",
    "cpswm.foundation.runtime_orchestration": "/private/tmp/cpswm-pc-a-w2-review-target-w3-20260912/src/cpswm/foundation/runtime_orchestration/__init__.py",
    "cpswm.foundation": "/private/tmp/cpswm-pc-a-w2-review-target-w3-20260912/src/cpswm/foundation/__init__.py",
    "cpswm.system.household_memory_benchmark.contracts": "/private/tmp/cpswm-pc-a-w2-review-target-w3-20260912/src/cpswm/system/household_memory_benchmark/contracts.py",
    "cpswm.system.household_memory_benchmark": "/private/tmp/cpswm-pc-a-w2-review-target-w3-20260912/src/cpswm/system/household_memory_benchmark/__init__.py",
    "cpswm.system.evaluation_operations.evaluator": "/private/tmp/cpswm-pc-a-w2-review-target-w3-20260912/src/cpswm/system/evaluation_operations/evaluator.py",
    "cpswm.system.evaluation_operations.fair_ablation": "/private/tmp/cpswm-pc-a-w2-review-target-w3-20260912/src/cpswm/system/evaluation_operations/fair_ablation.py",
    "cpswm.system.counterfactual_event_hypergraph.contracts": "/private/tmp/cpswm-pc-a-w2-review-target-w3-20260912/src/cpswm/system/counterfactual_event_hypergraph/contracts.py",
    "cpswm.system.counterfactual_event_hypergraph.engine": "/private/tmp/cpswm-pc-a-w2-review-target-w3-20260912/src/cpswm/system/counterfactual_event_hypergraph/engine.py",
    "cpswm.system.counterfactual_event_hypergraph.baselines": "/private/tmp/cpswm-pc-a-w2-review-target-w3-20260912/src/cpswm/system/counterfactual_event_hypergraph/baselines.py",
    "cpswm.system.counterfactual_event_hypergraph.hypothesis_message_passing": "/private/tmp/cpswm-pc-a-w2-review-target-w3-20260912/src/cpswm/system/counterfactual_event_hypergraph/hypothesis_message_passing.py",
    "cpswm.system.counterfactual_event_hypergraph.feedback_revision_loop": "/private/tmp/cpswm-pc-a-w2-review-target-w3-20260912/src/cpswm/system/counterfactual_event_hypergraph/feedback_revision_loop.py",
    "cpswm.system.counterfactual_event_hypergraph": "/private/tmp/cpswm-pc-a-w2-review-target-w3-20260912/src/cpswm/system/counterfactual_event_hypergraph/__init__.py",
    "cpswm.system.evaluation_operations.hidden_event_death_test": "/private/tmp/cpswm-pc-a-w2-review-target-w3-20260912/src/cpswm/system/evaluation_operations/hidden_event_death_test.py",
    "cpswm.system.evaluation_operations.independent_test_process": "/private/tmp/cpswm-pc-a-w2-review-target-w3-20260912/src/cpswm/system/evaluation_operations/independent_test_process.py",
    "cpswm.system.evaluation_operations.method_falsification": "/private/tmp/cpswm-pc-a-w2-review-target-w3-20260912/src/cpswm/system/evaluation_operations/method_falsification.py",
    "cpswm.system.evaluation_operations.oam_phm_baselines": "/private/tmp/cpswm-pc-a-w2-review-target-w3-20260912/src/cpswm/system/evaluation_operations/oam_phm_baselines.py",
    "cpswm.system.evaluation_operations.oam_phm_external_evidence": "/private/tmp/cpswm-pc-a-w2-review-target-w3-20260912/src/cpswm/system/evaluation_operations/oam_phm_external_evidence.py",
    "cpswm.system.evaluation_operations.oam_phm_external_receipts": "/private/tmp/cpswm-pc-a-w2-review-target-w3-20260912/src/cpswm/system/evaluation_operations/oam_phm_external_receipts.py",
    "cpswm.system.evaluation_operations.oam_phm_selected_protocol": "/private/tmp/cpswm-pc-a-w2-review-target-w3-20260912/src/cpswm/system/evaluation_operations/oam_phm_selected_protocol.py",
    "cpswm.system.evaluation_operations.online_shift_attribution": "/private/tmp/cpswm-pc-a-w2-review-target-w3-20260912/src/cpswm/system/evaluation_operations/online_shift_attribution.py",
    "cpswm.system.evaluation_operations.shift_baselines": "/private/tmp/cpswm-pc-a-w2-review-target-w3-20260912/src/cpswm/system/evaluation_operations/shift_baselines.py",
    "cpswm.system.evaluation_operations.project_one_ablation_pilot": "/private/tmp/cpswm-pc-a-w2-review-target-w3-20260912/src/cpswm/system/evaluation_operations/project_one_ablation_pilot.py",
    "cpswm.system.evaluation_operations.sealed_test_split": "/private/tmp/cpswm-pc-a-w2-review-target-w3-20260912/src/cpswm/system/evaluation_operations/sealed_test_split.py",
    "cpswm.system.evaluation_operations.project_one_ablation_v0_2": "/private/tmp/cpswm-pc-a-w2-review-target-w3-20260912/src/cpswm/system/evaluation_operations/project_one_ablation_v0_2.py",
    "cpswm.system.evaluation_operations.project_two_dataset": "/private/tmp/cpswm-pc-a-w2-review-target-w3-20260912/src/cpswm/system/evaluation_operations/project_two_dataset.py",
    "cpswm.system.evaluation_operations.structure_two_search_utility": "/private/tmp/cpswm-pc-a-w2-review-target-w3-20260912/src/cpswm/system/evaluation_operations/structure_two_search_utility.py",
    "cpswm.world_model.grounded_search.active_verification": "/private/tmp/cpswm-pc-a-w2-review-target-w3-20260912/src/cpswm/world_model/grounded_search/active_verification.py",
    "cpswm.world_model.grounded_search.adapters": "/private/tmp/cpswm-pc-a-w2-review-target-w3-20260912/src/cpswm/world_model/grounded_search/adapters.py",
    "cpswm.world_model.grounded_search.ciav_opceu_loop": "/private/tmp/cpswm-pc-a-w2-review-target-w3-20260912/src/cpswm/world_model/grounded_search/ciav_opceu_loop.py",
    "cpswm.world_model.grounded_search.concurrent_map_task": "/private/tmp/cpswm-pc-a-w2-review-target-w3-20260912/src/cpswm/world_model/grounded_search/concurrent_map_task.py",
    "cpswm.world_model.grounded_search.embodiment_platforms": "/private/tmp/cpswm-pc-a-w2-review-target-w3-20260912/src/cpswm/world_model/grounded_search/embodiment_platforms.py",
    "cpswm.world_model.grounded_search.execution_feedback": "/private/tmp/cpswm-pc-a-w2-review-target-w3-20260912/src/cpswm/world_model/grounded_search/execution_feedback.py",
    "cpswm.world_model.grounded_search.feedback_replay": "/private/tmp/cpswm-pc-a-w2-review-target-w3-20260912/src/cpswm/world_model/grounded_search/feedback_replay.py",
    "cpswm.world_model.grounded_search.identity_verification": "/private/tmp/cpswm-pc-a-w2-review-target-w3-20260912/src/cpswm/world_model/grounded_search/identity_verification.py",
    "cpswm.world_model.grounded_search.joint_posterior": "/private/tmp/cpswm-pc-a-w2-review-target-w3-20260912/src/cpswm/world_model/grounded_search/joint_posterior.py",
    "cpswm.world_model.grounded_search.layered_map": "/private/tmp/cpswm-pc-a-w2-review-target-w3-20260912/src/cpswm/world_model/grounded_search/layered_map.py",
    "cpswm.world_model.grounded_search.memory_reliability": "/private/tmp/cpswm-pc-a-w2-review-target-w3-20260912/src/cpswm/world_model/grounded_search/memory_reliability.py",
    "cpswm.world_model.grounded_search.multi_parse_query": "/private/tmp/cpswm-pc-a-w2-review-target-w3-20260912/src/cpswm/world_model/grounded_search/multi_parse_query.py",
    "cpswm.world_model.grounded_search.oracle": "/private/tmp/cpswm-pc-a-w2-review-target-w3-20260912/src/cpswm/world_model/grounded_search/oracle.py",
    "cpswm.world_model.grounded_search.pipeline": "/private/tmp/cpswm-pc-a-w2-review-target-w3-20260912/src/cpswm/world_model/grounded_search/pipeline.py",
    "cpswm.world_model.grounded_search.probabilistic_instance_graph": "/private/tmp/cpswm-pc-a-w2-review-target-w3-20260912/src/cpswm/world_model/grounded_search/probabilistic_instance_graph.py",
    "cpswm.world_model.grounded_search.revision_aware_evidence": "/private/tmp/cpswm-pc-a-w2-review-target-w3-20260912/src/cpswm/world_model/grounded_search/revision_aware_evidence.py",
    "cpswm.world_model.grounded_search": "/private/tmp/cpswm-pc-a-w2-review-target-w3-20260912/src/cpswm/world_model/grounded_search/__init__.py",
    "cpswm.system.continual.hybrid_event_to_task_loop": "/private/tmp/cpswm-pc-a-w2-review-target-w3-20260912/src/cpswm/system/continual/hybrid_event_to_task_loop.py",
    "cpswm.system.evaluation_operations.structure_two_selected_method": "/private/tmp/cpswm-pc-a-w2-review-target-w3-20260912/src/cpswm/system/evaluation_operations/structure_two_selected_method.py",
    "cpswm.system.structure_two_execution": "/private/tmp/cpswm-pc-a-w2-review-target-w3-20260912/src/cpswm/system/structure_two_execution.py",
    "cpswm.system.structure_two_particle_workspace": "/private/tmp/cpswm-pc-a-w2-review-target-w3-20260912/src/cpswm/system/structure_two_particle_workspace.py",
    "cpswm.system.prototype_spine": "/private/tmp/cpswm-pc-a-w2-review-target-w3-20260912/src/cpswm/system/prototype_spine.py",
    "cpswm.system.structure_two_adaptive_runtime": "/private/tmp/cpswm-pc-a-w2-review-target-w3-20260912/src/cpswm/system/structure_two_adaptive_runtime.py",
    "cpswm.system.structure_two_production_system": "/private/tmp/cpswm-pc-a-w2-review-target-w3-20260912/src/cpswm/system/structure_two_production_system.py",
    "cpswm.system.evaluation_operations.project_two_action_benchmark": "/private/tmp/cpswm-pc-a-w2-review-target-w3-20260912/src/cpswm/system/evaluation_operations/project_two_action_benchmark.py",
    "cpswm.system.evaluation_operations.structure_two_action_death_test": "/private/tmp/cpswm-pc-a-w2-review-target-w3-20260912/src/cpswm/system/evaluation_operations/structure_two_action_death_test.py",
    "cpswm.system.evaluation_operations.project_two_dataset_adapters": "/private/tmp/cpswm-pc-a-w2-review-target-w3-20260912/src/cpswm/system/evaluation_operations/project_two_dataset_adapters.py",
    "cpswm.system.evaluation_operations.project_two_d1_development": "/private/tmp/cpswm-pc-a-w2-review-target-w3-20260912/src/cpswm/system/evaluation_operations/project_two_d1_development.py",
    "cpswm.system.evaluation_operations.project_two_multiseed_evidence": "/private/tmp/cpswm-pc-a-w2-review-target-w3-20260912/src/cpswm/system/evaluation_operations/project_two_multiseed_evidence.py",
    "cpswm.system.evaluation_operations.project_two_real_perception": "/private/tmp/cpswm-pc-a-w2-review-target-w3-20260912/src/cpswm/system/evaluation_operations/project_two_real_perception.py",
    "cpswm.system.evaluation_operations.project_two_replay_importer": "/private/tmp/cpswm-pc-a-w2-review-target-w3-20260912/src/cpswm/system/evaluation_operations/project_two_replay_importer.py",
    "cpswm.system.evaluation_operations.structure_two_evidence_artifacts": "/private/tmp/cpswm-pc-a-w2-review-target-w3-20260912/src/cpswm/system/evaluation_operations/structure_two_evidence_artifacts.py",
    "cpswm.system.evaluation_operations.structure_two_artifact_verifier": "/private/tmp/cpswm-pc-a-w2-review-target-w3-20260912/src/cpswm/system/evaluation_operations/structure_two_artifact_verifier.py",
    "cpswm.system.evaluation_operations.project_two_experiment_config": "/private/tmp/cpswm-pc-a-w2-review-target-w3-20260912/src/cpswm/system/evaluation_operations/project_two_experiment_config.py",
    "cpswm.system.evaluation_operations.structure_two_cost_guardrail_calibration": "/private/tmp/cpswm-pc-a-w2-review-target-w3-20260912/src/cpswm/system/evaluation_operations/structure_two_cost_guardrail_calibration.py",
    "cpswm.system.evaluation_operations.structure_two_technical_route_audit": "/private/tmp/cpswm-pc-a-w2-review-target-w3-20260912/src/cpswm/system/evaluation_operations/structure_two_technical_route_audit.py",
    "cpswm.system.evaluation_operations": "/private/tmp/cpswm-pc-a-w2-review-target-w3-20260912/src/cpswm/system/evaluation_operations/__init__.py",
    "cpswm.system.structure_two_semantic_identity": "/private/tmp/cpswm-pc-a-w2-review-target-w3-20260912/src/cpswm/system/structure_two_semantic_identity.py"
  },
  "cases": [
    {
      "case": "legal_same",
      "history_fixture": "_legacy_history(12)",
      "target_index": 8,
      "requested_location": "a5a97d44-a72a-f6e7-3ef1-72fba6bb29d3",
      "requested_mass": 0.19836201405759452,
      "public_request": {
        "corrected_location_id": "a5a97d44-a72a-f6e7-3ef1-72fba6bb29d3",
        "corrected_owner_mass": 0.19836201405759452,
        "corrected_revision_id": "383ef193-8541-441a-bd4a-f389492ca72d",
        "evidence_source_record_ids": [
          "9bd393a7-3b6e-4da2-9885-d5529c510a1d"
        ],
        "kind": "correct",
        "rationale": "frozen public direct correction input",
        "superseded_revision_id": "9c62dbbc-b649-5a39-bfe0-e68f2fb477fd"
      },
      "operations": [
        "correct"
      ],
      "error": null,
      "before": {
        "observable": "e2ce873690afe3022940ffacf63c3718a21387589bb667d5f2af12e1d646eeea",
        "ledger": "2dfd6cb47a0eb0ddddfd8680b784dac7249ea48a183d44d82feab35a016aa7a7",
        "ledger_records": {
          "config": {
            "alpha_prior": 0.0,
            "feature_dim": 1,
            "information_ridge": 1e-06,
            "max_condition_number": 1000000000000.0,
            "ridge": 1e-06
          },
          "entries": [
            {
              "entry_hash": "b868b9068d1493643dcf6440e0ab07bbb305514fa4052797f36bdf2e6bbf4409",
              "previous_hash": "0000000000000000000000000000000000000000000000000000000000000000",
              "record": {
                "authorization_scope_id": "118f0f8b-7ac0-5f0d-8a4c-855bc712391b",
                "code_version": "prototype-spine",
                "content_hash": "9221deae4dff3b757e9d7cf26f803e264330ff9279b4c10110c022df10b3d6d5",
                "delta_a": [
                  [
                    1.2649135561780425
                  ]
                ],
                "delta_alpha": "1.2649135561780425",
                "delta_b": [
                  1.6000063046029818
                ],
                "delta_information": [
                  [
                    0.0
                  ]
                ],
                "delta_information_vector": [
                  0.0
                ],
                "event_hypothesis_id": "c4e50041-5dd2-5fac-a3a6-91a9f5d3479c",
                "evidence_cluster_id": "eb109aea-a1e8-44f0-a410-1d7b3d5ae7e6",
                "initial_state": "quarantined",
                "input_watermark": 0,
                "key": {
                  "actor_key": "owner",
                  "location_id": "44b33099-dee8-2a8b-cc46-e34a555d6659",
                  "object_instance_id": "d912a2b3-2f43-d7ec-6e94-3731240716ea",
                  "parameter_block": "owner_habit_location",
                  "regime_id": "owner-habit"
                },
                "kind": "delta",
                "model_version": "core-prototype-spine@0.1",
                "parent_revision_id": null,
                "record_id": "3985359e-e9ce-490d-949e-42b6595d73da",
                "revision_id": "bd0de4c9-3c64-5ee5-8a05-d29daa4158ef",
                "semantic_dedup_id": "bd0de4c9-3c64-5ee5-8a05-d29daa4158ef:owner:44b33099-dee8-2a8b-cc46-e34a555d6659",
                "source_record_ids": [
                  "df76db36-909a-68bd-e716-7f98c547e510"
                ]
              },
              "record_hash": "4e9f7c0a4b9593f50c6bbea7f44b9972621a53d160508e65659bbdaa1fdbeafc",
              "sequence": 0
            },
            {
              "entry_hash": "508b5e26b66e6e3dbd8473436e15505f507f59fa78ac09d7e8c4f37642017250",
              "previous_hash": "b868b9068d1493643dcf6440e0ab07bbb305514fa4052797f36bdf2e6bbf4409",
              "record": {
                "authorization_scope_id": "118f0f8b-7ac0-5f0d-8a4c-855bc712391b",
                "input_watermark": 1,
                "kind": "promotion",
                "promotes_record_id": "3985359e-e9ce-490d-949e-42b6595d73da",
                "reason": "owner-attributed hidden-event placement consolidated",
                "record_id": "d2db6004-40ee-47fa-9532-43b7ce6e03d9",
                "risk_certificate": {
                  "belief_snapshot_id": "28636307-323b-4e97-8ed4-8b8c82bb869c",
                  "counterfactual_id": "18b5a520-ae02-4294-a9f0-13c4000fd051",
                  "exact_verifier_id": "owner-habit-consolidation@0.1",
                  "expected_task_loss": "0.0",
                  "hard_safety_violations": [],
                  "map_version": 0,
                  "maximum_allowed_risk": "1000000000.0",
                  "subject_delta_record_id": "3985359e-e9ce-490d-949e-42b6595d73da",
                  "uncertainty_penalty": "0.0"
                }
              },
              "record_hash": "79f17b1a757c91f68b459e64d3865f1f66ed64016d5e5c26de6166b76e7c300e",
              "sequence": 1
            },
            {
              "entry_hash": "cedf6da3da82b7660e50ffc79b87b043a8ff6fb49b7b797eb2c30d9f29b3ef8d",
              "previous_hash": "508b5e26b66e6e3dbd8473436e15505f507f59fa78ac09d7e8c4f37642017250",
              "record": {
                "authorization_scope_id": "118f0f8b-7ac0-5f0d-8a4c-855bc712391b",
                "code_version": "prototype-spine",
                "content_hash": "86a57f5400cac74038a3dc15cd1d6c0b020efbf59aecc0d15b6e0f0e1ae5c647",
                "delta_a": [
                  [
                    1.2649135561780425
                  ]
                ],
                "delta_alpha": "1.2649135561780425",
                "delta_b": [
                  1.6000063046029818
                ],
                "delta_information": [
                  [
                    0.0
                  ]
                ],
                "delta_information_vector": [
                  0.0
                ],
                "event_hypothesis_id": "5f026914-a7b6-50e2-9cd3-ad28e754b588",
                "evidence_cluster_id": "4e73a9b1-69ab-4e82-8b20-33c36f7f3f90",
                "initial_state": "quarantined",
                "input_watermark": 2,
                "key": {
                  "actor_key": "owner",
                  "location_id": "44b33099-dee8-2a8b-cc46-e34a555d6659",
                  "object_instance_id": "d912a2b3-2f43-d7ec-6e94-3731240716ea",
                  "parameter_block": "owner_habit_location",
                  "regime_id": "owner-habit"
                },
                "kind": "delta",
                "model_version": "core-prototype-spine@0.1",
                "parent_revision_id": null,
                "record_id": "4cf9b567-7c54-4b96-913a-c2202e570c91",
                "revision_id": "03bee523-f705-54b7-8808-3b006513752e",
                "semantic_dedup_id": "03bee523-f705-54b7-8808-3b006513752e:owner:44b33099-dee8-2a8b-cc46-e34a555d6659",
                "source_record_ids": [
                  "765e9091-ab88-6d74-e5ca-11086fb28b20"
                ]
              },
              "record_hash": "7780ef7823f79176f6d492d8de2cf5e6f4a7ea02a317c884895c2f98ad6a9c2d",
              "sequence": 2
            },
            {
              "entry_hash": "b23fa98f0d536114d36b7c800cd4474d09127e46baa54a5f93f8bea5f8643296",
              "previous_hash": "cedf6da3da82b7660e50ffc79b87b043a8ff6fb49b7b797eb2c30d9f29b3ef8d",
              "record": {
                "authorization_scope_id": "118f0f8b-7ac0-5f0d-8a4c-855bc712391b",
                "input_watermark": 3,
                "kind": "promotion",
                "promotes_record_id": "4cf9b567-7c54-4b96-913a-c2202e570c91",
                "reason": "owner-attributed hidden-event placement consolidated",
                "record_id": "669c87ef-ab79-4705-a615-39b0726dd770",
                "risk_certificate": {
                  "belief_snapshot_id": "63031932-133b-4f3e-8e1b-0c3cb1d31080",
                  "counterfactual_id": "4c26224a-7cb3-4970-9b7c-8e80166f2373",
                  "exact_verifier_id": "owner-habit-consolidation@0.1",
                  "expected_task_loss": "0.0",
                  "hard_safety_violations": [],
                  "map_version": 1,
                  "maximum_allowed_risk": "1000000000.0",
                  "subject_delta_record_id": "4cf9b567-7c54-4b96-913a-c2202e570c91",
                  "uncertainty_penalty": "0.0"
                }
              },
              "record_hash": "0b2398afcd8d539c070aea6cda37141333a1fa0ff703c73769af19cab9568c31",
              "sequence": 3
            },
            {
              "entry_hash": "f3fde2f6396b38fc6c0c4926085968ad0ca269b7a831001042399f901c3a2ac7",
              "previous_hash": "b23fa98f0d536114d36b7c800cd4474d09127e46baa54a5f93f8bea5f8643296",
              "record": {
                "authorization_scope_id": "118f0f8b-7ac0-5f0d-8a4c-855bc712391b",
                "code_version": "prototype-spine",
                "content_hash": "87f8e0ac9136c6ecb97eaa0740ce323cb7c563e7f757b9f3fc741b4f67c25c06",
                "delta_a": [
                  [
                    1.2649135561780425
                  ]
                ],
                "delta_alpha": "1.2649135561780425",
                "delta_b": [
                  1.6000063046029818
                ],
                "delta_information": [
                  [
                    0.0
                  ]
                ],
                "delta_information_vector": [
                  0.0
                ],
                "event_hypothesis_id": "910d541b-aa72-5f2f-89a0-8b0a2b5724fe",
                "evidence_cluster_id": "dedef63c-aa50-45ab-bf5a-557d1e745c9b",
                "initial_state": "quarantined",
                "input_watermark": 4,
                "key": {
                  "actor_key": "owner",
                  "location_id": "44b33099-dee8-2a8b-cc46-e34a555d6659",
                  "object_instance_id": "d912a2b3-2f43-d7ec-6e94-3731240716ea",
                  "parameter_block": "owner_habit_location",
                  "regime_id": "owner-habit"
                },
                "kind": "delta",
                "model_version": "core-prototype-spine@0.1",
                "parent_revision_id": null,
                "record_id": "eaf76536-389b-4d07-8cd3-02b08e3c0dcf",
                "revision_id": "0f5685f8-b161-5532-9a33-32b4bed97e07",
                "semantic_dedup_id": "0f5685f8-b161-5532-9a33-32b4bed97e07:owner:44b33099-dee8-2a8b-cc46-e34a555d6659",
                "source_record_ids": [
                  "a528ebc2-14db-748e-9def-d643a9c43f70"
                ]
              },
              "record_hash": "3c324bc03ee95cf078b855fb3f357a383bd11cba5fbf9a53c053408aca1701dc",
              "sequence": 4
            },
            {
              "entry_hash": "527845fbd610af70ae08d79dd2d6e9942222d6a7ccc6a412c730fd3e3dc12453",
              "previous_hash": "f3fde2f6396b38fc6c0c4926085968ad0ca269b7a831001042399f901c3a2ac7",
              "record": {
                "authorization_scope_id": "118f0f8b-7ac0-5f0d-8a4c-855bc712391b",
                "input_watermark": 5,
                "kind": "promotion",
                "promotes_record_id": "eaf76536-389b-4d07-8cd3-02b08e3c0dcf",
                "reason": "owner-attributed hidden-event placement consolidated",
                "record_id": "a10cb39c-f046-4535-8ed7-1e0603452ba9",
                "risk_certificate": {
                  "belief_snapshot_id": "75bddebe-e52c-44ec-b750-6e66a4ce1fb3",
                  "counterfactual_id": "84bdc36b-b955-45bf-845d-5051629bc836",
                  "exact_verifier_id": "owner-habit-consolidation@0.1",
                  "expected_task_loss": "0.0",
                  "hard_safety_violations": [],
                  "map_version": 2,
                  "maximum_allowed_risk": "1000000000.0",
                  "subject_delta_record_id": "eaf76536-389b-4d07-8cd3-02b08e3c0dcf",
                  "uncertainty_penalty": "0.0"
                }
              },
              "record_hash": "80e887f700e13a3d13126ccc421b12cf0e7cd6d8acc684cf7b1e0ea50e80c26e",
              "sequence": 5
            },
            {
              "entry_hash": "ef76cd854f73fbe7d4028ceb393640cdc8ad61f2ce8e7b9004415b12a1ab781a",
              "previous_hash": "527845fbd610af70ae08d79dd2d6e9942222d6a7ccc6a412c730fd3e3dc12453",
              "record": {
                "authorization_scope_id": "118f0f8b-7ac0-5f0d-8a4c-855bc712391b",
                "code_version": "prototype-spine",
                "content_hash": "8c39459609cbdea4546c77fada19bca3aabac791aa4ea0f62fe20938ccd5da39",
                "delta_a": [
                  [
                    1.2649135561780425
                  ]
                ],
                "delta_alpha": "1.2649135561780425",
                "delta_b": [
                  1.6000063046029818
                ],
                "delta_information": [
                  [
                    0.0
                  ]
                ],
                "delta_information_vector": [
                  0.0
                ],
                "event_hypothesis_id": "5e82175b-f840-54ef-ae09-3905b6719d04",
                "evidence_cluster_id": "f0b64bf2-36d3-4633-9852-869633d3e36e",
                "initial_state": "quarantined",
                "input_watermark": 6,
                "key": {
                  "actor_key": "owner",
                  "location_id": "44b33099-dee8-2a8b-cc46-e34a555d6659",
                  "object_instance_id": "d912a2b3-2f43-d7ec-6e94-3731240716ea",
                  "parameter_block": "owner_habit_location",
                  "regime_id": "owner-habit"
                },
                "kind": "delta",
                "model_version": "core-prototype-spine@0.1",
                "parent_revision_id": null,
                "record_id": "c6cadb9c-b83d-4123-bcfa-ec27931b1596",
                "revision_id": "44607dfc-f2f2-5ede-a2c2-d5eec27f0c96",
                "semantic_dedup_id": "44607dfc-f2f2-5ede-a2c2-d5eec27f0c96:owner:44b33099-dee8-2a8b-cc46-e34a555d6659",
                "source_record_ids": [
                  "0582a586-6dba-dbc9-50e5-eb9761db3141"
                ]
              },
              "record_hash": "ef2c2ea9764f92ab28c5db69b8c6e4ecdad0d831648635778a58ced9f48b6559",
              "sequence": 6
            },
            {
              "entry_hash": "34f75c0c1e6b9f61a924a3116c12a4b13c8cc3303498106bb64a616ee367209d",
              "previous_hash": "ef76cd854f73fbe7d4028ceb393640cdc8ad61f2ce8e7b9004415b12a1ab781a",
              "record": {
                "authorization_scope_id": "118f0f8b-7ac0-5f0d-8a4c-855bc712391b",
                "input_watermark": 7,
                "kind": "promotion",
                "promotes_record_id": "c6cadb9c-b83d-4123-bcfa-ec27931b1596",
                "reason": "owner-attributed hidden-event placement consolidated",
                "record_id": "a649fa43-daff-4aa3-b39f-956bdd0ade85",
                "risk_certificate": {
                  "belief_snapshot_id": "490b64f0-9529-4f13-8cbc-c3500d8a9d9d",
                  "counterfactual_id": "0d341b7e-c193-422c-b21c-ac9032da2135",
                  "exact_verifier_id": "owner-habit-consolidation@0.1",
                  "expected_task_loss": "0.0",
                  "hard_safety_violations": [],
                  "map_version": 3,
                  "maximum_allowed_risk": "1000000000.0",
                  "subject_delta_record_id": "c6cadb9c-b83d-4123-bcfa-ec27931b1596",
                  "uncertainty_penalty": "0.0"
                }
              },
              "record_hash": "63cc6595b696178a2d411b902a7c804a42d649177201785e109faff5ddc957b4",
              "sequence": 7
            },
            {
              "entry_hash": "cea77e4e7fe288f43739c0a31c4859292802cb0e3154fd1dd2f8149c199899ec",
              "previous_hash": "34f75c0c1e6b9f61a924a3116c12a4b13c8cc3303498106bb64a616ee367209d",
              "record": {
                "authorization_scope_id": "118f0f8b-7ac0-5f0d-8a4c-855bc712391b",
                "code_version": "prototype-spine",
                "content_hash": "0a0665d613435af87c7e69715166b5c3c78ff8fbbb5e42b6c1cd9f9769ef6924",
                "delta_a": [
                  [
                    1.2649135561780425
                  ]
                ],
                "delta_alpha": "1.2649135561780425",
                "delta_b": [
                  1.6000063046029818
                ],
                "delta_information": [
                  [
                    0.0
                  ]
                ],
                "delta_information_vector": [
                  0.0
                ],
                "event_hypothesis_id": "19962f1c-7ed3-5ebc-82b3-f1e5acfa7f65",
                "evidence_cluster_id": "50a9fdb9-f17b-45b9-ba3a-9dd36449fda8",
                "initial_state": "quarantined",
                "input_watermark": 8,
                "key": {
                  "actor_key": "owner",
                  "location_id": "44b33099-dee8-2a8b-cc46-e34a555d6659",
                  "object_instance_id": "d912a2b3-2f43-d7ec-6e94-3731240716ea",
                  "parameter_block": "owner_habit_location",
                  "regime_id": "owner-habit"
                },
                "kind": "delta",
                "model_version": "core-prototype-spine@0.1",
                "parent_revision_id": null,
                "record_id": "477e5c7c-205c-457c-ba0f-16a75a25de25",
                "revision_id": "5c21bcfc-9b20-584a-8376-100096501881",
                "semantic_dedup_id": "5c21bcfc-9b20-584a-8376-100096501881:owner:44b33099-dee8-2a8b-cc46-e34a555d6659",
                "source_record_ids": [
                  "9755d3b1-ba08-bd94-8880-fda43571cb79"
                ]
              },
              "record_hash": "8bb2b080230b2b6a0b7100cf15b55bd06b4ba979b8ae6a600794fef9cae0c55b",
              "sequence": 8
            },
            {
              "entry_hash": "2ee30635fb447029d60bd7ae43c530707e8acf36bd5b48ef184856ccb7b8434b",
              "previous_hash": "cea77e4e7fe288f43739c0a31c4859292802cb0e3154fd1dd2f8149c199899ec",
              "record": {
                "authorization_scope_id": "118f0f8b-7ac0-5f0d-8a4c-855bc712391b",
                "input_watermark": 9,
                "kind": "promotion",
                "promotes_record_id": "477e5c7c-205c-457c-ba0f-16a75a25de25",
                "reason": "owner-attributed hidden-event placement consolidated",
                "record_id": "774d1af3-9a20-4928-a9bb-dcc62f6e412e",
                "risk_certificate": {
                  "belief_snapshot_id": "ca08b486-457d-4af0-84b3-d5fb6a0d347c",
                  "counterfactual_id": "26a58fbf-9aa6-4c62-a5c0-64d5f6050646",
                  "exact_verifier_id": "owner-habit-consolidation@0.1",
                  "expected_task_loss": "0.0",
                  "hard_safety_violations": [],
                  "map_version": 4,
                  "maximum_allowed_risk": "1000000000.0",
                  "subject_delta_record_id": "477e5c7c-205c-457c-ba0f-16a75a25de25",
                  "uncertainty_penalty": "0.0"
                }
              },
              "record_hash": "25d0cde8019d05c15dcdd1ceb77a780a9f4d3abb75d40a9be1f1a5107d9fc3ac",
              "sequence": 9
            },
            {
              "entry_hash": "a9b9d04f863d302212adee46d49380f6031d3445ddaa57ea8c123a38007a7306",
              "previous_hash": "2ee30635fb447029d60bd7ae43c530707e8acf36bd5b48ef184856ccb7b8434b",
              "record": {
                "authorization_scope_id": "118f0f8b-7ac0-5f0d-8a4c-855bc712391b",
                "code_version": "prototype-spine",
                "content_hash": "18987f4c7f1cac766242554e7f8205c658877d636170c4dedd451d5732e3d80b",
                "delta_a": [
                  [
                    1.2649135561780425
                  ]
                ],
                "delta_alpha": "1.2649135561780425",
                "delta_b": [
                  1.6000063046029818
                ],
                "delta_information": [
                  [
                    0.0
                  ]
                ],
                "delta_information_vector": [
                  0.0
                ],
                "event_hypothesis_id": "6a21c28e-703c-52fa-9ed6-e284132bfee4",
                "evidence_cluster_id": "b4f7d6db-3499-4c7b-8990-24b08e34b974",
                "initial_state": "quarantined",
                "input_watermark": 10,
                "key": {
                  "actor_key": "owner",
                  "location_id": "44b33099-dee8-2a8b-cc46-e34a555d6659",
                  "object_instance_id": "d912a2b3-2f43-d7ec-6e94-3731240716ea",
                  "parameter_block": "owner_habit_location",
                  "regime_id": "owner-habit"
                },
                "kind": "delta",
                "model_version": "core-prototype-spine@0.1",
                "parent_revision_id": null,
                "record_id": "6c4e2322-74aa-4f84-b84f-045854f62822",
                "revision_id": "b082733d-132e-5cd7-a07a-ab7f75b013b5",
                "semantic_dedup_id": "b082733d-132e-5cd7-a07a-ab7f75b013b5:owner:44b33099-dee8-2a8b-cc46-e34a555d6659",
                "source_record_ids": [
                  "c47e6ad6-73df-4991-9bdf-c2066308d590"
                ]
              },
              "record_hash": "62154f3a38a926206cd94ce43455b3cf556274e4474e96dc6686d2b75be53613",
              "sequence": 10
            },
            {
              "entry_hash": "76f3b1b5f1e978d636b524dfa9f31516ef53ed2a1f33d0d30111fd01ea063968",
              "previous_hash": "a9b9d04f863d302212adee46d49380f6031d3445ddaa57ea8c123a38007a7306",
              "record": {
                "authorization_scope_id": "118f0f8b-7ac0-5f0d-8a4c-855bc712391b",
                "input_watermark": 11,
                "kind": "promotion",
                "promotes_record_id": "6c4e2322-74aa-4f84-b84f-045854f62822",
                "reason": "owner-attributed hidden-event placement consolidated",
                "record_id": "35e511df-8e8d-49f5-93eb-0e7039ae1940",
                "risk_certificate": {
                  "belief_snapshot_id": "b8f8305f-09c3-4aba-a7d5-7705f5b3c057",
                  "counterfactual_id": "4548b21d-8fe9-44fb-84b6-f6d9450df864",
                  "exact_verifier_id": "owner-habit-consolidation@0.1",
                  "expected_task_loss": "0.0",
                  "hard_safety_violations": [],
                  "map_version": 5,
                  "maximum_allowed_risk": "1000000000.0",
                  "subject_delta_record_id": "6c4e2322-74aa-4f84-b84f-045854f62822",
                  "uncertainty_penalty": "0.0"
                }
              },
              "record_hash": "8e783871c8a843911d009491fbedb6b034ecfaf836a22b3c02840c6b69cb5e9b",
              "sequence": 11
            },
            {
              "entry_hash": "907ec25eb9173ce46c2164d0899c18e9edd5c8f3814167ad819abe3ff39a17ac",
              "previous_hash": "76f3b1b5f1e978d636b524dfa9f31516ef53ed2a1f33d0d30111fd01ea063968",
              "record": {
                "authorization_scope_id": "118f0f8b-7ac0-5f0d-8a4c-855bc712391b",
                "code_version": "prototype-spine",
                "content_hash": "d08c25b6ab24ebaf1ac7c9b90e39ab75093edba343ad37d4a7bf4e786b26234a",
                "delta_a": [
                  [
                    1.2649135561780425
                  ]
                ],
                "delta_alpha": "1.2649135561780425",
                "delta_b": [
                  1.6000063046029818
                ],
                "delta_information": [
                  [
                    0.0
                  ]
                ],
                "delta_information_vector": [
                  0.0
                ],
                "event_hypothesis_id": "74f8a349-761c-54be-b449-b69ccd5c8045",
                "evidence_cluster_id": "6a978c3c-6b0f-4949-b3df-e8760b76ce16",
                "initial_state": "quarantined",
                "input_watermark": 12,
                "key": {
                  "actor_key": "owner",
                  "location_id": "44b33099-dee8-2a8b-cc46-e34a555d6659",
                  "object_instance_id": "d912a2b3-2f43-d7ec-6e94-3731240716ea",
                  "parameter_block": "owner_habit_location",
                  "regime_id": "owner-habit"
                },
                "kind": "delta",
                "model_version": "core-prototype-spine@0.1",
                "parent_revision_id": null,
                "record_id": "eb34879b-8888-4af0-bf6a-6b3802f889b5",
                "revision_id": "a4003fe4-412c-53c5-a42a-400006776c7e",
                "semantic_dedup_id": "a4003fe4-412c-53c5-a42a-400006776c7e:owner:44b33099-dee8-2a8b-cc46-e34a555d6659",
                "source_record_ids": [
                  "0d96b517-68b4-b012-ec66-2822919dedde"
                ]
              },
              "record_hash": "f8c9212e35bb7698a06fcd8675f77dbf09ee43079a64a81059373081f9c416c6",
              "sequence": 12
            },
            {
              "entry_hash": "7ee20938c331f770e71bba6b60e406b857dbf7f64fee3cafb372e82f8a132c8d",
              "previous_hash": "907ec25eb9173ce46c2164d0899c18e9edd5c8f3814167ad819abe3ff39a17ac",
              "record": {
                "authorization_scope_id": "118f0f8b-7ac0-5f0d-8a4c-855bc712391b",
                "input_watermark": 13,
                "kind": "promotion",
                "promotes_record_id": "eb34879b-8888-4af0-bf6a-6b3802f889b5",
                "reason": "owner-attributed hidden-event placement consolidated",
                "record_id": "5c077965-ab1b-4d62-a3b6-52b0dc0e4b22",
                "risk_certificate": {
                  "belief_snapshot_id": "145a6f68-4592-4715-9f88-04ff32c9687a",
                  "counterfactual_id": "254c3022-3282-4456-b15f-3a0876a4d061",
                  "exact_verifier_id": "owner-habit-consolidation@0.1",
                  "expected_task_loss": "0.0",
                  "hard_safety_violations": [],
                  "map_version": 6,
                  "maximum_allowed_risk": "1000000000.0",
                  "subject_delta_record_id": "eb34879b-8888-4af0-bf6a-6b3802f889b5",
                  "uncertainty_penalty": "0.0"
                }
              },
              "record_hash": "fbfe0b589167939585db1999ac4d1bc56d2c1fc618cb6e548a72e62431226f41",
              "sequence": 13
            },
            {
              "entry_hash": "36ed78344c5bb898800f1ba591b1e3ccbbb4944cf158d1aea8d468e436f923ed",
              "previous_hash": "7ee20938c331f770e71bba6b60e406b857dbf7f64fee3cafb372e82f8a132c8d",
              "record": {
                "authorization_scope_id": "118f0f8b-7ac0-5f0d-8a4c-855bc712391b",
                "code_version": "prototype-spine",
                "content_hash": "5665a668aaa6a66060a47103c2828707f8743df3202a84ca5e27143524834efb",
                "delta_a": [
                  [
                    0.30611421922468285
                  ]
                ],
                "delta_alpha": "0.30611421922468285",
                "delta_b": [
                  0.09370591521153719
                ],
                "delta_information": [
                  [
                    0.0
                  ]
                ],
                "delta_information_vector": [
                  0.0
                ],
                "event_hypothesis_id": "85c9bd41-0a8b-544c-bd2c-34248b13d2d9",
                "evidence_cluster_id": "b20d2952-4e05-45c2-84f9-c5a5024d6997",
                "initial_state": "quarantined",
                "input_watermark": 14,
                "key": {
                  "actor_key": "owner",
                  "location_id": "a5a97d44-a72a-f6e7-3ef1-72fba6bb29d3",
                  "object_instance_id": "d912a2b3-2f43-d7ec-6e94-3731240716ea",
                  "parameter_block": "owner_habit_location",
                  "regime_id": "owner-habit"
                },
                "kind": "delta",
                "model_version": "core-prototype-spine@0.1",
                "parent_revision_id": null,
                "record_id": "c88c8386-ad9d-49ec-9c61-e0635f93eadb",
                "revision_id": "43e27083-2cb5-5639-ad6d-7bce937d9703",
                "semantic_dedup_id": "43e27083-2cb5-5639-ad6d-7bce937d9703:owner:a5a97d44-a72a-f6e7-3ef1-72fba6bb29d3",
                "source_record_ids": [
                  "4c2650fa-cba6-3851-d74e-27ea68538231"
                ]
              },
              "record_hash": "fea5c8122b9c692f12623e4655df8430d6340f010f8911cf69d084ca4aa19467",
              "sequence": 14
            },
            {
              "entry_hash": "c77396ec7ee9c3f66a9fb4bccb8af290e84ab50bdc7adb3e008d7048895e44da",
              "previous_hash": "36ed78344c5bb898800f1ba591b1e3ccbbb4944cf158d1aea8d468e436f923ed",
              "record": {
                "authorization_scope_id": "118f0f8b-7ac0-5f0d-8a4c-855bc712391b",
                "input_watermark": 15,
                "kind": "promotion",
                "promotes_record_id": "c88c8386-ad9d-49ec-9c61-e0635f93eadb",
                "reason": "owner-attributed hidden-event placement consolidated",
                "record_id": "7c6b8478-1f37-4acc-b672-01e1547cdaee",
                "risk_certificate": {
                  "belief_snapshot_id": "032808bd-9fdb-46c5-abdf-405379ed9561",
                  "counterfactual_id": "0845c819-14e4-4ce7-901d-c01a02c2f714",
                  "exact_verifier_id": "owner-habit-consolidation@0.1",
                  "expected_task_loss": "0.0",
                  "hard_safety_violations": [],
                  "map_version": 7,
                  "maximum_allowed_risk": "1000000000.0",
                  "subject_delta_record_id": "c88c8386-ad9d-49ec-9c61-e0635f93eadb",
                  "uncertainty_penalty": "0.0"
                }
              },
              "record_hash": "8a1081120f780664cf7a2a3ad0877071eeeb4633bde52d94a35463ee0b3e3a9b",
              "sequence": 15
            },
            {
              "entry_hash": "7f9b9f45bcf0a8a8f639b712df96659b834ca0978038d35a87bec4af7fda62da",
              "previous_hash": "c77396ec7ee9c3f66a9fb4bccb8af290e84ab50bdc7adb3e008d7048895e44da",
              "record": {
                "authorization_scope_id": "118f0f8b-7ac0-5f0d-8a4c-855bc712391b",
                "code_version": "prototype-spine",
                "content_hash": "c86933bc138700873e8ba7fd6cee91d5244f86fef2e2edbc506c7bcce6738d03",
                "delta_a": [
                  [
                    0.30611421922468285
                  ]
                ],
                "delta_alpha": "0.30611421922468285",
                "delta_b": [
                  0.09370591521153719
                ],
                "delta_information": [
                  [
                    0.0
                  ]
                ],
                "delta_information_vector": [
                  0.0
                ],
                "event_hypothesis_id": "553f7568-e888-5262-97c0-651ce03bb545",
                "evidence_cluster_id": "d661c7dd-fd4b-4608-9cdf-54669b6dcca6",
                "initial_state": "quarantined",
                "input_watermark": 16,
                "key": {
                  "actor_key": "owner",
                  "location_id": "a5a97d44-a72a-f6e7-3ef1-72fba6bb29d3",
                  "object_instance_id": "d912a2b3-2f43-d7ec-6e94-3731240716ea",
                  "parameter_block": "owner_habit_location",
                  "regime_id": "owner-habit"
                },
                "kind": "delta",
                "model_version": "core-prototype-spine@0.1",
                "parent_revision_id": null,
                "record_id": "2bd6fc98-1493-454f-b093-9175c492c05c",
                "revision_id": "9c62dbbc-b649-5a39-bfe0-e68f2fb477fd",
                "semantic_dedup_id": "9c62dbbc-b649-5a39-bfe0-e68f2fb477fd:owner:a5a97d44-a72a-f6e7-3ef1-72fba6bb29d3",
                "source_record_ids": [
                  "d659d0e2-a237-8292-b7ae-a240ca5a15e3"
                ]
              },
              "record_hash": "1e7cd429d5bcce16c76373da4e575d6bf3967123c8f5764af54a857a093acc14",
              "sequence": 16
            },
            {
              "entry_hash": "707d99fa0fe8375c0f8787dcc8fe064fac85e60981ef9b9a2486543ac74ce5f7",
              "previous_hash": "7f9b9f45bcf0a8a8f639b712df96659b834ca0978038d35a87bec4af7fda62da",
              "record": {
                "authorization_scope_id": "118f0f8b-7ac0-5f0d-8a4c-855bc712391b",
                "input_watermark": 17,
                "kind": "promotion",
                "promotes_record_id": "2bd6fc98-1493-454f-b093-9175c492c05c",
                "reason": "owner-attributed hidden-event placement consolidated",
                "record_id": "0f7cb222-ab9c-4744-aa46-2f9d989cb2d6",
                "risk_certificate": {
                  "belief_snapshot_id": "a644ee59-2df2-47ed-a195-9613746945d6",
                  "counterfactual_id": "ce19103c-7321-4840-8b43-36e8376e93c3",
                  "exact_verifier_id": "owner-habit-consolidation@0.1",
                  "expected_task_loss": "0.0",
                  "hard_safety_violations": [],
                  "map_version": 8,
                  "maximum_allowed_risk": "1000000000.0",
                  "subject_delta_record_id": "2bd6fc98-1493-454f-b093-9175c492c05c",
                  "uncertainty_penalty": "0.0"
                }
              },
              "record_hash": "94531720528597ba4d735c5dbafda888ec8b42788264c05c8d17d831353f7706",
              "sequence": 17
            },
            {
              "entry_hash": "4ab70d17efc6d876e6e6d6f8cb0f25bbe8390cba3bf45f3f03700dbed6143d40",
              "previous_hash": "707d99fa0fe8375c0f8787dcc8fe064fac85e60981ef9b9a2486543ac74ce5f7",
              "record": {
                "authorization_scope_id": "118f0f8b-7ac0-5f0d-8a4c-855bc712391b",
                "code_version": "prototype-spine",
                "content_hash": "dd32de9145a9750f4b311cad5f495e73d0dc9bff1ee609305149cf57191e72e5",
                "delta_a": [
                  [
                    0.30611421922468285
                  ]
                ],
                "delta_alpha": "0.30611421922468285",
                "delta_b": [
                  0.09370591521153719
                ],
                "delta_information": [
                  [
                    0.0
                  ]
                ],
                "delta_information_vector": [
                  0.0
                ],
                "event_hypothesis_id": "1481eaa4-e88e-5407-8d3a-aaff426c10f9",
                "evidence_cluster_id": "0ce995e9-6ecc-4c8a-a872-36aa3369e5ba",
                "initial_state": "quarantined",
                "input_watermark": 18,
                "key": {
                  "actor_key": "owner",
                  "location_id": "a5a97d44-a72a-f6e7-3ef1-72fba6bb29d3",
                  "object_instance_id": "d912a2b3-2f43-d7ec-6e94-3731240716ea",
                  "parameter_block": "owner_habit_location",
                  "regime_id": "owner-habit"
                },
                "kind": "delta",
                "model_version": "core-prototype-spine@0.1",
                "parent_revision_id": null,
                "record_id": "012d14f5-f190-4599-9692-6bb6ca014ba1",
                "revision_id": "1b64e1e0-00cd-587e-9f8d-8b459d6bba2a",
                "semantic_dedup_id": "1b64e1e0-00cd-587e-9f8d-8b459d6bba2a:owner:a5a97d44-a72a-f6e7-3ef1-72fba6bb29d3",
                "source_record_ids": [
                  "5550c401-4662-30d8-3ccd-2e0f7888557e"
                ]
              },
              "record_hash": "99371d42e9640b9819d35871089d4120f4363189a85d6542817005fc5e040ca3",
              "sequence": 18
            },
            {
              "entry_hash": "78d7fb9c6c72e12052f60738a41486e94c5165c4ad2880af4d080a6c9207a71a",
              "previous_hash": "4ab70d17efc6d876e6e6d6f8cb0f25bbe8390cba3bf45f3f03700dbed6143d40",
              "record": {
                "authorization_scope_id": "118f0f8b-7ac0-5f0d-8a4c-855bc712391b",
                "input_watermark": 19,
                "kind": "promotion",
                "promotes_record_id": "012d14f5-f190-4599-9692-6bb6ca014ba1",
                "reason": "owner-attributed hidden-event placement consolidated",
                "record_id": "05047d44-7e25-4bd8-a3de-c6cfdcdc2a67",
                "risk_certificate": {
                  "belief_snapshot_id": "c7bf7de7-b6e8-4c35-9078-9e6c1b482ca8",
                  "counterfactual_id": "90f506fd-a54e-4a44-9db2-6641e171c6e1",
                  "exact_verifier_id": "owner-habit-consolidation@0.1",
                  "expected_task_loss": "0.0",
                  "hard_safety_violations": [],
                  "map_version": 9,
                  "maximum_allowed_risk": "1000000000.0",
                  "subject_delta_record_id": "012d14f5-f190-4599-9692-6bb6ca014ba1",
                  "uncertainty_penalty": "0.0"
                }
              },
              "record_hash": "e152e1b4b1f6b44b985bc93b416a366adb229b04d7bcc069bc1f688a9fe43431",
              "sequence": 19
            },
            {
              "entry_hash": "872c069b82f5d8964301a36f45b3e34b31ae2fd2c912a273780a48d4b61e607e",
              "previous_hash": "78d7fb9c6c72e12052f60738a41486e94c5165c4ad2880af4d080a6c9207a71a",
              "record": {
                "authorization_scope_id": "118f0f8b-7ac0-5f0d-8a4c-855bc712391b",
                "code_version": "prototype-spine",
                "content_hash": "1df3f432b7db59bc168057c60eb2e3bcef107d1f2dcdb8cf68c10315a5924889",
                "delta_a": [
                  [
                    0.30611421922468285
                  ]
                ],
                "delta_alpha": "0.30611421922468285",
                "delta_b": [
                  0.09370591521153719
                ],
                "delta_information": [
                  [
                    0.0
                  ]
                ],
                "delta_information_vector": [
                  0.0
                ],
                "event_hypothesis_id": "356daa53-bcd9-52a8-95bf-08973afe4ecf",
                "evidence_cluster_id": "85abddd2-9da2-44be-9ac7-858c76e6a121",
                "initial_state": "quarantined",
                "input_watermark": 20,
                "key": {
                  "actor_key": "owner",
                  "location_id": "a5a97d44-a72a-f6e7-3ef1-72fba6bb29d3",
                  "object_instance_id": "d912a2b3-2f43-d7ec-6e94-3731240716ea",
                  "parameter_block": "owner_habit_location",
                  "regime_id": "owner-habit"
                },
                "kind": "delta",
                "model_version": "core-prototype-spine@0.1",
                "parent_revision_id": null,
                "record_id": "c7892b20-a667-43e2-926e-a0b5956b2fda",
                "revision_id": "466285fa-f136-5cb6-9569-925f27bc9d5c",
                "semantic_dedup_id": "466285fa-f136-5cb6-9569-925f27bc9d5c:owner:a5a97d44-a72a-f6e7-3ef1-72fba6bb29d3",
                "source_record_ids": [
                  "c76ad374-196e-7bc4-e3c0-f414f9920dd9"
                ]
              },
              "record_hash": "e505c934ff0e9486c17ee1bf12f3d2e87ea2f4e745495189630c132a78849515",
              "sequence": 20
            },
            {
              "entry_hash": "a6bc25361cc6183ad554cc66d1d32ade729767ffe081f7dac1c45027a2302532",
              "previous_hash": "872c069b82f5d8964301a36f45b3e34b31ae2fd2c912a273780a48d4b61e607e",
              "record": {
                "authorization_scope_id": "118f0f8b-7ac0-5f0d-8a4c-855bc712391b",
                "input_watermark": 21,
                "kind": "promotion",
                "promotes_record_id": "c7892b20-a667-43e2-926e-a0b5956b2fda",
                "reason": "owner-attributed hidden-event placement consolidated",
                "record_id": "167a4cd7-5569-4d64-b46f-aca00453958e",
                "risk_certificate": {
                  "belief_snapshot_id": "b0cd4807-b88f-49f3-960e-df3e78e0c489",
                  "counterfactual_id": "d043f443-8052-48b4-92af-517ab05c3fc9",
                  "exact_verifier_id": "owner-habit-consolidation@0.1",
                  "expected_task_loss": "0.0",
                  "hard_safety_violations": [],
                  "map_version": 10,
                  "maximum_allowed_risk": "1000000000.0",
                  "subject_delta_record_id": "c7892b20-a667-43e2-926e-a0b5956b2fda",
                  "uncertainty_penalty": "0.0"
                }
              },
              "record_hash": "de18235c81dbb5eb71babf6838d7aae16e86bd9211d52398439edb9c24c38d78",
              "sequence": 21
            },
            {
              "entry_hash": "696cd3734fdb43d53211509acd72d0bed66e76c09849a9fe701d24063dabf379",
              "previous_hash": "a6bc25361cc6183ad554cc66d1d32ade729767ffe081f7dac1c45027a2302532",
              "record": {
                "authorization_scope_id": "118f0f8b-7ac0-5f0d-8a4c-855bc712391b",
                "code_version": "prototype-spine",
                "content_hash": "ccf75c52dcca527d12cda71f33a3dfabbe76103ad82cf3a19c6958ece2360f06",
                "delta_a": [
                  [
                    0.2419364540014017
                  ]
                ],
                "delta_alpha": "0.2419364540014017",
                "delta_b": [
                  0.05853324777477236
                ],
                "delta_information": [
                  [
                    0.0
                  ]
                ],
                "delta_information_vector": [
                  0.0
                ],
                "event_hypothesis_id": "82be6e79-12db-50fd-8aa6-b4c9584b3938",
                "evidence_cluster_id": "08f8aad0-39a4-49ef-a531-713336fcd008",
                "initial_state": "quarantined",
                "input_watermark": 22,
                "key": {
                  "actor_key": "owner",
                  "location_id": "a5a97d44-a72a-f6e7-3ef1-72fba6bb29d3",
                  "object_instance_id": "d912a2b3-2f43-d7ec-6e94-3731240716ea",
                  "parameter_block": "owner_habit_location",
                  "regime_id": "owner-habit"
                },
                "kind": "delta",
                "model_version": "core-prototype-spine@0.1",
                "parent_revision_id": null,
                "record_id": "a04a2eda-1d93-4b99-911b-848c450d3d60",
                "revision_id": "c626ec79-0689-50e0-a1fa-6b4c0515419f",
                "semantic_dedup_id": "c626ec79-0689-50e0-a1fa-6b4c0515419f:owner:a5a97d44-a72a-f6e7-3ef1-72fba6bb29d3",
                "source_record_ids": [
                  "5c92c381-7b0e-ff22-e69f-9bc0ae8b37b7"
                ]
              },
              "record_hash": "0db81d2f285dce1e79884c408a9a95ba27cb115b388391667336502cee65fdd2",
              "sequence": 22
            },
            {
              "entry_hash": "9b1e624502d39b02e6564a2265b4895a3d4370b10a870133dcd1c8fd782036d5",
              "previous_hash": "696cd3734fdb43d53211509acd72d0bed66e76c09849a9fe701d24063dabf379",
              "record": {
                "authorization_scope_id": "118f0f8b-7ac0-5f0d-8a4c-855bc712391b",
                "input_watermark": 23,
                "kind": "promotion",
                "promotes_record_id": "a04a2eda-1d93-4b99-911b-848c450d3d60",
                "reason": "owner-attributed hidden-event placement consolidated",
                "record_id": "b465268e-c016-4eea-9fb6-993011f838aa",
                "risk_certificate": {
                  "belief_snapshot_id": "758e1438-9617-4d0e-ba8c-d05250b366b7",
                  "counterfactual_id": "e3fcf753-4da5-4b89-9da8-f56df423d188",
                  "exact_verifier_id": "owner-habit-consolidation@0.1",
                  "expected_task_loss": "0.0",
                  "hard_safety_violations": [],
                  "map_version": 11,
                  "maximum_allowed_risk": "1000000000.0",
                  "subject_delta_record_id": "a04a2eda-1d93-4b99-911b-848c450d3d60",
                  "uncertainty_penalty": "0.0"
                }
              },
              "record_hash": "b060bed5183eff5bc00b8d87e000fb3f8a5f99756add3a357a9433533fd1a218",
              "sequence": 23
            }
          ],
          "manifest": {
            "config_hash": "9a3720b7385e8d92a54f46a8c7d594bce71f63a8e27569569ec2d9e0f99f5dd2",
            "head_hash": "9b1e624502d39b02e6564a2265b4895a3d4370b10a870133dcd1c8fd782036d5",
            "record_count": 24,
            "schema_version": "cpswm.hybrid_ledger_log@1"
          }
        },
        "committed_records": {
          "bd0de4c9-3c64-5ee5-8a05-d29daa4158ef": {
            "location": "44b33099-dee8-2a8b-cc46-e34a555d6659",
            "owner_mass": 0.8196639844033716
          },
          "03bee523-f705-54b7-8808-3b006513752e": {
            "location": "44b33099-dee8-2a8b-cc46-e34a555d6659",
            "owner_mass": 0.8196639844033716
          },
          "0f5685f8-b161-5532-9a33-32b4bed97e07": {
            "location": "44b33099-dee8-2a8b-cc46-e34a555d6659",
            "owner_mass": 0.8196639844033716
          },
          "44607dfc-f2f2-5ede-a2c2-d5eec27f0c96": {
            "location": "44b33099-dee8-2a8b-cc46-e34a555d6659",
            "owner_mass": 0.8196639844033716
          },
          "5c21bcfc-9b20-584a-8376-100096501881": {
            "location": "44b33099-dee8-2a8b-cc46-e34a555d6659",
            "owner_mass": 0.8196639844033716
          },
          "b082733d-132e-5cd7-a07a-ab7f75b013b5": {
            "location": "44b33099-dee8-2a8b-cc46-e34a555d6659",
            "owner_mass": 0.8196639844033716
          },
          "a4003fe4-412c-53c5-a42a-400006776c7e": {
            "location": "44b33099-dee8-2a8b-cc46-e34a555d6659",
            "owner_mass": 0.8196639844033716
          },
          "43e27083-2cb5-5639-ad6d-7bce937d9703": {
            "location": "a5a97d44-a72a-f6e7-3ef1-72fba6bb29d3",
            "owner_mass": 0.19836201405759452
          },
          "9c62dbbc-b649-5a39-bfe0-e68f2fb477fd": {
            "location": "a5a97d44-a72a-f6e7-3ef1-72fba6bb29d3",
            "owner_mass": 0.19836201405759452
          },
          "1b64e1e0-00cd-587e-9f8d-8b459d6bba2a": {
            "location": "a5a97d44-a72a-f6e7-3ef1-72fba6bb29d3",
            "owner_mass": 0.19836201405759452
          },
          "466285fa-f136-5cb6-9569-925f27bc9d5c": {
            "location": "a5a97d44-a72a-f6e7-3ef1-72fba6bb29d3",
            "owner_mass": 0.19836201405759452
          },
          "c626ec79-0689-50e0-a1fa-6b4c0515419f": {
            "location": "a5a97d44-a72a-f6e7-3ef1-72fba6bb29d3",
            "owner_mass": 0.15677482219290834
          }
        },
        "hybrid_alpha": {
          "44b33099-dee8-2a8b-cc46-e34a555d6659": 8.854394893246297,
          "23a2ff08-fd31-2108-19c8-56bbe1bdd947": 0.0,
          "a5a97d44-a72a-f6e7-3ef1-72fba6bb29d3": 1.4663933309001331,
          "b4634a80-b40c-5fe8-e981-d10b5cfd9d0d": 0.0
        },
        "action": {
          "44b33099-dee8-2a8b-cc46-e34a555d6659": 0.8579184749213853,
          "23a2ff08-fd31-2108-19c8-56bbe1bdd947": 0.0,
          "a5a97d44-a72a-f6e7-3ef1-72fba6bb29d3": 0.1420815250786148,
          "b4634a80-b40c-5fe8-e981-d10b5cfd9d0d": 0.0
        },
        "committed": [
          "03bee523-f705-54b7-8808-3b006513752e",
          "0f5685f8-b161-5532-9a33-32b4bed97e07",
          "1b64e1e0-00cd-587e-9f8d-8b459d6bba2a",
          "43e27083-2cb5-5639-ad6d-7bce937d9703",
          "44607dfc-f2f2-5ede-a2c2-d5eec27f0c96",
          "466285fa-f136-5cb6-9569-925f27bc9d5c",
          "5c21bcfc-9b20-584a-8376-100096501881",
          "9c62dbbc-b649-5a39-bfe0-e68f2fb477fd",
          "a4003fe4-412c-53c5-a42a-400006776c7e",
          "b082733d-132e-5cd7-a07a-ab7f75b013b5",
          "bd0de4c9-3c64-5ee5-8a05-d29daa4158ef",
          "c626ec79-0689-50e0-a1fa-6b4c0515419f"
        ],
        "identities": [
          4439378976,
          4439381664,
          4439380992,
          4439382336
        ]
      },
      "after": {
        "observable": "0a6f2723c57463ac396d1b4cb1ba11a0fcdf52a373c3770f93b898cc53b90812",
        "ledger": "4cff04979264b53a49323ab013174cef4bbe45ee65895a16027185c2b256cfd5",
        "ledger_records": {
          "config": {
            "alpha_prior": 0.0,
            "feature_dim": 1,
            "information_ridge": 1e-06,
            "max_condition_number": 1000000000000.0,
            "ridge": 1e-06
          },
          "entries": [
            {
              "entry_hash": "b868b9068d1493643dcf6440e0ab07bbb305514fa4052797f36bdf2e6bbf4409",
              "previous_hash": "0000000000000000000000000000000000000000000000000000000000000000",
              "record": {
                "authorization_scope_id": "118f0f8b-7ac0-5f0d-8a4c-855bc712391b",
                "code_version": "prototype-spine",
                "content_hash": "9221deae4dff3b757e9d7cf26f803e264330ff9279b4c10110c022df10b3d6d5",
                "delta_a": [
                  [
                    1.2649135561780425
                  ]
                ],
                "delta_alpha": "1.2649135561780425",
                "delta_b": [
                  1.6000063046029818
                ],
                "delta_information": [
                  [
                    0.0
                  ]
                ],
                "delta_information_vector": [
                  0.0
                ],
                "event_hypothesis_id": "c4e50041-5dd2-5fac-a3a6-91a9f5d3479c",
                "evidence_cluster_id": "eb109aea-a1e8-44f0-a410-1d7b3d5ae7e6",
                "initial_state": "quarantined",
                "input_watermark": 0,
                "key": {
                  "actor_key": "owner",
                  "location_id": "44b33099-dee8-2a8b-cc46-e34a555d6659",
                  "object_instance_id": "d912a2b3-2f43-d7ec-6e94-3731240716ea",
                  "parameter_block": "owner_habit_location",
                  "regime_id": "owner-habit"
                },
                "kind": "delta",
                "model_version": "core-prototype-spine@0.1",
                "parent_revision_id": null,
                "record_id": "3985359e-e9ce-490d-949e-42b6595d73da",
                "revision_id": "bd0de4c9-3c64-5ee5-8a05-d29daa4158ef",
                "semantic_dedup_id": "bd0de4c9-3c64-5ee5-8a05-d29daa4158ef:owner:44b33099-dee8-2a8b-cc46-e34a555d6659",
                "source_record_ids": [
                  "df76db36-909a-68bd-e716-7f98c547e510"
                ]
              },
              "record_hash": "4e9f7c0a4b9593f50c6bbea7f44b9972621a53d160508e65659bbdaa1fdbeafc",
              "sequence": 0
            },
            {
              "entry_hash": "508b5e26b66e6e3dbd8473436e15505f507f59fa78ac09d7e8c4f37642017250",
              "previous_hash": "b868b9068d1493643dcf6440e0ab07bbb305514fa4052797f36bdf2e6bbf4409",
              "record": {
                "authorization_scope_id": "118f0f8b-7ac0-5f0d-8a4c-855bc712391b",
                "input_watermark": 1,
                "kind": "promotion",
                "promotes_record_id": "3985359e-e9ce-490d-949e-42b6595d73da",
                "reason": "owner-attributed hidden-event placement consolidated",
                "record_id": "d2db6004-40ee-47fa-9532-43b7ce6e03d9",
                "risk_certificate": {
                  "belief_snapshot_id": "28636307-323b-4e97-8ed4-8b8c82bb869c",
                  "counterfactual_id": "18b5a520-ae02-4294-a9f0-13c4000fd051",
                  "exact_verifier_id": "owner-habit-consolidation@0.1",
                  "expected_task_loss": "0.0",
                  "hard_safety_violations": [],
                  "map_version": 0,
                  "maximum_allowed_risk": "1000000000.0",
                  "subject_delta_record_id": "3985359e-e9ce-490d-949e-42b6595d73da",
                  "uncertainty_penalty": "0.0"
                }
              },
              "record_hash": "79f17b1a757c91f68b459e64d3865f1f66ed64016d5e5c26de6166b76e7c300e",
              "sequence": 1
            },
            {
              "entry_hash": "cedf6da3da82b7660e50ffc79b87b043a8ff6fb49b7b797eb2c30d9f29b3ef8d",
              "previous_hash": "508b5e26b66e6e3dbd8473436e15505f507f59fa78ac09d7e8c4f37642017250",
              "record": {
                "authorization_scope_id": "118f0f8b-7ac0-5f0d-8a4c-855bc712391b",
                "code_version": "prototype-spine",
                "content_hash": "86a57f5400cac74038a3dc15cd1d6c0b020efbf59aecc0d15b6e0f0e1ae5c647",
                "delta_a": [
                  [
                    1.2649135561780425
                  ]
                ],
                "delta_alpha": "1.2649135561780425",
                "delta_b": [
                  1.6000063046029818
                ],
                "delta_information": [
                  [
                    0.0
                  ]
                ],
                "delta_information_vector": [
                  0.0
                ],
                "event_hypothesis_id": "5f026914-a7b6-50e2-9cd3-ad28e754b588",
                "evidence_cluster_id": "4e73a9b1-69ab-4e82-8b20-33c36f7f3f90",
                "initial_state": "quarantined",
                "input_watermark": 2,
                "key": {
                  "actor_key": "owner",
                  "location_id": "44b33099-dee8-2a8b-cc46-e34a555d6659",
                  "object_instance_id": "d912a2b3-2f43-d7ec-6e94-3731240716ea",
                  "parameter_block": "owner_habit_location",
                  "regime_id": "owner-habit"
                },
                "kind": "delta",
                "model_version": "core-prototype-spine@0.1",
                "parent_revision_id": null,
                "record_id": "4cf9b567-7c54-4b96-913a-c2202e570c91",
                "revision_id": "03bee523-f705-54b7-8808-3b006513752e",
                "semantic_dedup_id": "03bee523-f705-54b7-8808-3b006513752e:owner:44b33099-dee8-2a8b-cc46-e34a555d6659",
                "source_record_ids": [
                  "765e9091-ab88-6d74-e5ca-11086fb28b20"
                ]
              },
              "record_hash": "7780ef7823f79176f6d492d8de2cf5e6f4a7ea02a317c884895c2f98ad6a9c2d",
              "sequence": 2
            },
            {
              "entry_hash": "b23fa98f0d536114d36b7c800cd4474d09127e46baa54a5f93f8bea5f8643296",
              "previous_hash": "cedf6da3da82b7660e50ffc79b87b043a8ff6fb49b7b797eb2c30d9f29b3ef8d",
              "record": {
                "authorization_scope_id": "118f0f8b-7ac0-5f0d-8a4c-855bc712391b",
                "input_watermark": 3,
                "kind": "promotion",
                "promotes_record_id": "4cf9b567-7c54-4b96-913a-c2202e570c91",
                "reason": "owner-attributed hidden-event placement consolidated",
                "record_id": "669c87ef-ab79-4705-a615-39b0726dd770",
                "risk_certificate": {
                  "belief_snapshot_id": "63031932-133b-4f3e-8e1b-0c3cb1d31080",
                  "counterfactual_id": "4c26224a-7cb3-4970-9b7c-8e80166f2373",
                  "exact_verifier_id": "owner-habit-consolidation@0.1",
                  "expected_task_loss": "0.0",
                  "hard_safety_violations": [],
                  "map_version": 1,
                  "maximum_allowed_risk": "1000000000.0",
                  "subject_delta_record_id": "4cf9b567-7c54-4b96-913a-c2202e570c91",
                  "uncertainty_penalty": "0.0"
                }
              },
              "record_hash": "0b2398afcd8d539c070aea6cda37141333a1fa0ff703c73769af19cab9568c31",
              "sequence": 3
            },
            {
              "entry_hash": "f3fde2f6396b38fc6c0c4926085968ad0ca269b7a831001042399f901c3a2ac7",
              "previous_hash": "b23fa98f0d536114d36b7c800cd4474d09127e46baa54a5f93f8bea5f8643296",
              "record": {
                "authorization_scope_id": "118f0f8b-7ac0-5f0d-8a4c-855bc712391b",
                "code_version": "prototype-spine",
                "content_hash": "87f8e0ac9136c6ecb97eaa0740ce323cb7c563e7f757b9f3fc741b4f67c25c06",
                "delta_a": [
                  [
                    1.2649135561780425
                  ]
                ],
                "delta_alpha": "1.2649135561780425",
                "delta_b": [
                  1.6000063046029818
                ],
                "delta_information": [
                  [
                    0.0
                  ]
                ],
                "delta_information_vector": [
                  0.0
                ],
                "event_hypothesis_id": "910d541b-aa72-5f2f-89a0-8b0a2b5724fe",
                "evidence_cluster_id": "dedef63c-aa50-45ab-bf5a-557d1e745c9b",
                "initial_state": "quarantined",
                "input_watermark": 4,
                "key": {
                  "actor_key": "owner",
                  "location_id": "44b33099-dee8-2a8b-cc46-e34a555d6659",
                  "object_instance_id": "d912a2b3-2f43-d7ec-6e94-3731240716ea",
                  "parameter_block": "owner_habit_location",
                  "regime_id": "owner-habit"
                },
                "kind": "delta",
                "model_version": "core-prototype-spine@0.1",
                "parent_revision_id": null,
                "record_id": "eaf76536-389b-4d07-8cd3-02b08e3c0dcf",
                "revision_id": "0f5685f8-b161-5532-9a33-32b4bed97e07",
                "semantic_dedup_id": "0f5685f8-b161-5532-9a33-32b4bed97e07:owner:44b33099-dee8-2a8b-cc46-e34a555d6659",
                "source_record_ids": [
                  "a528ebc2-14db-748e-9def-d643a9c43f70"
                ]
              },
              "record_hash": "3c324bc03ee95cf078b855fb3f357a383bd11cba5fbf9a53c053408aca1701dc",
              "sequence": 4
            },
            {
              "entry_hash": "527845fbd610af70ae08d79dd2d6e9942222d6a7ccc6a412c730fd3e3dc12453",
              "previous_hash": "f3fde2f6396b38fc6c0c4926085968ad0ca269b7a831001042399f901c3a2ac7",
              "record": {
                "authorization_scope_id": "118f0f8b-7ac0-5f0d-8a4c-855bc712391b",
                "input_watermark": 5,
                "kind": "promotion",
                "promotes_record_id": "eaf76536-389b-4d07-8cd3-02b08e3c0dcf",
                "reason": "owner-attributed hidden-event placement consolidated",
                "record_id": "a10cb39c-f046-4535-8ed7-1e0603452ba9",
                "risk_certificate": {
                  "belief_snapshot_id": "75bddebe-e52c-44ec-b750-6e66a4ce1fb3",
                  "counterfactual_id": "84bdc36b-b955-45bf-845d-5051629bc836",
                  "exact_verifier_id": "owner-habit-consolidation@0.1",
                  "expected_task_loss": "0.0",
                  "hard_safety_violations": [],
                  "map_version": 2,
                  "maximum_allowed_risk": "1000000000.0",
                  "subject_delta_record_id": "eaf76536-389b-4d07-8cd3-02b08e3c0dcf",
                  "uncertainty_penalty": "0.0"
                }
              },
              "record_hash": "80e887f700e13a3d13126ccc421b12cf0e7cd6d8acc684cf7b1e0ea50e80c26e",
              "sequence": 5
            },
            {
              "entry_hash": "ef76cd854f73fbe7d4028ceb393640cdc8ad61f2ce8e7b9004415b12a1ab781a",
              "previous_hash": "527845fbd610af70ae08d79dd2d6e9942222d6a7ccc6a412c730fd3e3dc12453",
              "record": {
                "authorization_scope_id": "118f0f8b-7ac0-5f0d-8a4c-855bc712391b",
                "code_version": "prototype-spine",
                "content_hash": "8c39459609cbdea4546c77fada19bca3aabac791aa4ea0f62fe20938ccd5da39",
                "delta_a": [
                  [
                    1.2649135561780425
                  ]
                ],
                "delta_alpha": "1.2649135561780425",
                "delta_b": [
                  1.6000063046029818
                ],
                "delta_information": [
                  [
                    0.0
                  ]
                ],
                "delta_information_vector": [
                  0.0
                ],
                "event_hypothesis_id": "5e82175b-f840-54ef-ae09-3905b6719d04",
                "evidence_cluster_id": "f0b64bf2-36d3-4633-9852-869633d3e36e",
                "initial_state": "quarantined",
                "input_watermark": 6,
                "key": {
                  "actor_key": "owner",
                  "location_id": "44b33099-dee8-2a8b-cc46-e34a555d6659",
                  "object_instance_id": "d912a2b3-2f43-d7ec-6e94-3731240716ea",
                  "parameter_block": "owner_habit_location",
                  "regime_id": "owner-habit"
                },
                "kind": "delta",
                "model_version": "core-prototype-spine@0.1",
                "parent_revision_id": null,
                "record_id": "c6cadb9c-b83d-4123-bcfa-ec27931b1596",
                "revision_id": "44607dfc-f2f2-5ede-a2c2-d5eec27f0c96",
                "semantic_dedup_id": "44607dfc-f2f2-5ede-a2c2-d5eec27f0c96:owner:44b33099-dee8-2a8b-cc46-e34a555d6659",
                "source_record_ids": [
                  "0582a586-6dba-dbc9-50e5-eb9761db3141"
                ]
              },
              "record_hash": "ef2c2ea9764f92ab28c5db69b8c6e4ecdad0d831648635778a58ced9f48b6559",
              "sequence": 6
            },
            {
              "entry_hash": "34f75c0c1e6b9f61a924a3116c12a4b13c8cc3303498106bb64a616ee367209d",
              "previous_hash": "ef76cd854f73fbe7d4028ceb393640cdc8ad61f2ce8e7b9004415b12a1ab781a",
              "record": {
                "authorization_scope_id": "118f0f8b-7ac0-5f0d-8a4c-855bc712391b",
                "input_watermark": 7,
                "kind": "promotion",
                "promotes_record_id": "c6cadb9c-b83d-4123-bcfa-ec27931b1596",
                "reason": "owner-attributed hidden-event placement consolidated",
                "record_id": "a649fa43-daff-4aa3-b39f-956bdd0ade85",
                "risk_certificate": {
                  "belief_snapshot_id": "490b64f0-9529-4f13-8cbc-c3500d8a9d9d",
                  "counterfactual_id": "0d341b7e-c193-422c-b21c-ac9032da2135",
                  "exact_verifier_id": "owner-habit-consolidation@0.1",
                  "expected_task_loss": "0.0",
                  "hard_safety_violations": [],
                  "map_version": 3,
                  "maximum_allowed_risk": "1000000000.0",
                  "subject_delta_record_id": "c6cadb9c-b83d-4123-bcfa-ec27931b1596",
                  "uncertainty_penalty": "0.0"
                }
              },
              "record_hash": "63cc6595b696178a2d411b902a7c804a42d649177201785e109faff5ddc957b4",
              "sequence": 7
            },
            {
              "entry_hash": "cea77e4e7fe288f43739c0a31c4859292802cb0e3154fd1dd2f8149c199899ec",
              "previous_hash": "34f75c0c1e6b9f61a924a3116c12a4b13c8cc3303498106bb64a616ee367209d",
              "record": {
                "authorization_scope_id": "118f0f8b-7ac0-5f0d-8a4c-855bc712391b",
                "code_version": "prototype-spine",
                "content_hash": "0a0665d613435af87c7e69715166b5c3c78ff8fbbb5e42b6c1cd9f9769ef6924",
                "delta_a": [
                  [
                    1.2649135561780425
                  ]
                ],
                "delta_alpha": "1.2649135561780425",
                "delta_b": [
                  1.6000063046029818
                ],
                "delta_information": [
                  [
                    0.0
                  ]
                ],
                "delta_information_vector": [
                  0.0
                ],
                "event_hypothesis_id": "19962f1c-7ed3-5ebc-82b3-f1e5acfa7f65",
                "evidence_cluster_id": "50a9fdb9-f17b-45b9-ba3a-9dd36449fda8",
                "initial_state": "quarantined",
                "input_watermark": 8,
                "key": {
                  "actor_key": "owner",
                  "location_id": "44b33099-dee8-2a8b-cc46-e34a555d6659",
                  "object_instance_id": "d912a2b3-2f43-d7ec-6e94-3731240716ea",
                  "parameter_block": "owner_habit_location",
                  "regime_id": "owner-habit"
                },
                "kind": "delta",
                "model_version": "core-prototype-spine@0.1",
                "parent_revision_id": null,
                "record_id": "477e5c7c-205c-457c-ba0f-16a75a25de25",
                "revision_id": "5c21bcfc-9b20-584a-8376-100096501881",
                "semantic_dedup_id": "5c21bcfc-9b20-584a-8376-100096501881:owner:44b33099-dee8-2a8b-cc46-e34a555d6659",
                "source_record_ids": [
                  "9755d3b1-ba08-bd94-8880-fda43571cb79"
                ]
              },
              "record_hash": "8bb2b080230b2b6a0b7100cf15b55bd06b4ba979b8ae6a600794fef9cae0c55b",
              "sequence": 8
            },
            {
              "entry_hash": "2ee30635fb447029d60bd7ae43c530707e8acf36bd5b48ef184856ccb7b8434b",
              "previous_hash": "cea77e4e7fe288f43739c0a31c4859292802cb0e3154fd1dd2f8149c199899ec",
              "record": {
                "authorization_scope_id": "118f0f8b-7ac0-5f0d-8a4c-855bc712391b",
                "input_watermark": 9,
                "kind": "promotion",
                "promotes_record_id": "477e5c7c-205c-457c-ba0f-16a75a25de25",
                "reason": "owner-attributed hidden-event placement consolidated",
                "record_id": "774d1af3-9a20-4928-a9bb-dcc62f6e412e",
                "risk_certificate": {
                  "belief_snapshot_id": "ca08b486-457d-4af0-84b3-d5fb6a0d347c",
                  "counterfactual_id": "26a58fbf-9aa6-4c62-a5c0-64d5f6050646",
                  "exact_verifier_id": "owner-habit-consolidation@0.1",
                  "expected_task_loss": "0.0",
                  "hard_safety_violations": [],
                  "map_version": 4,
                  "maximum_allowed_risk": "1000000000.0",
                  "subject_delta_record_id": "477e5c7c-205c-457c-ba0f-16a75a25de25",
                  "uncertainty_penalty": "0.0"
                }
              },
              "record_hash": "25d0cde8019d05c15dcdd1ceb77a780a9f4d3abb75d40a9be1f1a5107d9fc3ac",
              "sequence": 9
            },
            {
              "entry_hash": "a9b9d04f863d302212adee46d49380f6031d3445ddaa57ea8c123a38007a7306",
              "previous_hash": "2ee30635fb447029d60bd7ae43c530707e8acf36bd5b48ef184856ccb7b8434b",
              "record": {
                "authorization_scope_id": "118f0f8b-7ac0-5f0d-8a4c-855bc712391b",
                "code_version": "prototype-spine",
                "content_hash": "18987f4c7f1cac766242554e7f8205c658877d636170c4dedd451d5732e3d80b",
                "delta_a": [
                  [
                    1.2649135561780425
                  ]
                ],
                "delta_alpha": "1.2649135561780425",
                "delta_b": [
                  1.6000063046029818
                ],
                "delta_information": [
                  [
                    0.0
                  ]
                ],
                "delta_information_vector": [
                  0.0
                ],
                "event_hypothesis_id": "6a21c28e-703c-52fa-9ed6-e284132bfee4",
                "evidence_cluster_id": "b4f7d6db-3499-4c7b-8990-24b08e34b974",
                "initial_state": "quarantined",
                "input_watermark": 10,
                "key": {
                  "actor_key": "owner",
                  "location_id": "44b33099-dee8-2a8b-cc46-e34a555d6659",
                  "object_instance_id": "d912a2b3-2f43-d7ec-6e94-3731240716ea",
                  "parameter_block": "owner_habit_location",
                  "regime_id": "owner-habit"
                },
                "kind": "delta",
                "model_version": "core-prototype-spine@0.1",
                "parent_revision_id": null,
                "record_id": "6c4e2322-74aa-4f84-b84f-045854f62822",
                "revision_id": "b082733d-132e-5cd7-a07a-ab7f75b013b5",
                "semantic_dedup_id": "b082733d-132e-5cd7-a07a-ab7f75b013b5:owner:44b33099-dee8-2a8b-cc46-e34a555d6659",
                "source_record_ids": [
                  "c47e6ad6-73df-4991-9bdf-c2066308d590"
                ]
              },
              "record_hash": "62154f3a38a926206cd94ce43455b3cf556274e4474e96dc6686d2b75be53613",
              "sequence": 10
            },
            {
              "entry_hash": "76f3b1b5f1e978d636b524dfa9f31516ef53ed2a1f33d0d30111fd01ea063968",
              "previous_hash": "a9b9d04f863d302212adee46d49380f6031d3445ddaa57ea8c123a38007a7306",
              "record": {
                "authorization_scope_id": "118f0f8b-7ac0-5f0d-8a4c-855bc712391b",
                "input_watermark": 11,
                "kind": "promotion",
                "promotes_record_id": "6c4e2322-74aa-4f84-b84f-045854f62822",
                "reason": "owner-attributed hidden-event placement consolidated",
                "record_id": "35e511df-8e8d-49f5-93eb-0e7039ae1940",
                "risk_certificate": {
                  "belief_snapshot_id": "b8f8305f-09c3-4aba-a7d5-7705f5b3c057",
                  "counterfactual_id": "4548b21d-8fe9-44fb-84b6-f6d9450df864",
                  "exact_verifier_id": "owner-habit-consolidation@0.1",
                  "expected_task_loss": "0.0",
                  "hard_safety_violations": [],
                  "map_version": 5,
                  "maximum_allowed_risk": "1000000000.0",
                  "subject_delta_record_id": "6c4e2322-74aa-4f84-b84f-045854f62822",
                  "uncertainty_penalty": "0.0"
                }
              },
              "record_hash": "8e783871c8a843911d009491fbedb6b034ecfaf836a22b3c02840c6b69cb5e9b",
              "sequence": 11
            },
            {
              "entry_hash": "907ec25eb9173ce46c2164d0899c18e9edd5c8f3814167ad819abe3ff39a17ac",
              "previous_hash": "76f3b1b5f1e978d636b524dfa9f31516ef53ed2a1f33d0d30111fd01ea063968",
              "record": {
                "authorization_scope_id": "118f0f8b-7ac0-5f0d-8a4c-855bc712391b",
                "code_version": "prototype-spine",
                "content_hash": "d08c25b6ab24ebaf1ac7c9b90e39ab75093edba343ad37d4a7bf4e786b26234a",
                "delta_a": [
                  [
                    1.2649135561780425
                  ]
                ],
                "delta_alpha": "1.2649135561780425",
                "delta_b": [
                  1.6000063046029818
                ],
                "delta_information": [
                  [
                    0.0
                  ]
                ],
                "delta_information_vector": [
                  0.0
                ],
                "event_hypothesis_id": "74f8a349-761c-54be-b449-b69ccd5c8045",
                "evidence_cluster_id": "6a978c3c-6b0f-4949-b3df-e8760b76ce16",
                "initial_state": "quarantined",
                "input_watermark": 12,
                "key": {
                  "actor_key": "owner",
                  "location_id": "44b33099-dee8-2a8b-cc46-e34a555d6659",
                  "object_instance_id": "d912a2b3-2f43-d7ec-6e94-3731240716ea",
                  "parameter_block": "owner_habit_location",
                  "regime_id": "owner-habit"
                },
                "kind": "delta",
                "model_version": "core-prototype-spine@0.1",
                "parent_revision_id": null,
                "record_id": "eb34879b-8888-4af0-bf6a-6b3802f889b5",
                "revision_id": "a4003fe4-412c-53c5-a42a-400006776c7e",
                "semantic_dedup_id": "a4003fe4-412c-53c5-a42a-400006776c7e:owner:44b33099-dee8-2a8b-cc46-e34a555d6659",
                "source_record_ids": [
                  "0d96b517-68b4-b012-ec66-2822919dedde"
                ]
              },
              "record_hash": "f8c9212e35bb7698a06fcd8675f77dbf09ee43079a64a81059373081f9c416c6",
              "sequence": 12
            },
            {
              "entry_hash": "7ee20938c331f770e71bba6b60e406b857dbf7f64fee3cafb372e82f8a132c8d",
              "previous_hash": "907ec25eb9173ce46c2164d0899c18e9edd5c8f3814167ad819abe3ff39a17ac",
              "record": {
                "authorization_scope_id": "118f0f8b-7ac0-5f0d-8a4c-855bc712391b",
                "input_watermark": 13,
                "kind": "promotion",
                "promotes_record_id": "eb34879b-8888-4af0-bf6a-6b3802f889b5",
                "reason": "owner-attributed hidden-event placement consolidated",
                "record_id": "5c077965-ab1b-4d62-a3b6-52b0dc0e4b22",
                "risk_certificate": {
                  "belief_snapshot_id": "145a6f68-4592-4715-9f88-04ff32c9687a",
                  "counterfactual_id": "254c3022-3282-4456-b15f-3a0876a4d061",
                  "exact_verifier_id": "owner-habit-consolidation@0.1",
                  "expected_task_loss": "0.0",
                  "hard_safety_violations": [],
                  "map_version": 6,
                  "maximum_allowed_risk": "1000000000.0",
                  "subject_delta_record_id": "eb34879b-8888-4af0-bf6a-6b3802f889b5",
                  "uncertainty_penalty": "0.0"
                }
              },
              "record_hash": "fbfe0b589167939585db1999ac4d1bc56d2c1fc618cb6e548a72e62431226f41",
              "sequence": 13
            },
            {
              "entry_hash": "36ed78344c5bb898800f1ba591b1e3ccbbb4944cf158d1aea8d468e436f923ed",
              "previous_hash": "7ee20938c331f770e71bba6b60e406b857dbf7f64fee3cafb372e82f8a132c8d",
              "record": {
                "authorization_scope_id": "118f0f8b-7ac0-5f0d-8a4c-855bc712391b",
                "code_version": "prototype-spine",
                "content_hash": "5665a668aaa6a66060a47103c2828707f8743df3202a84ca5e27143524834efb",
                "delta_a": [
                  [
                    0.30611421922468285
                  ]
                ],
                "delta_alpha": "0.30611421922468285",
                "delta_b": [
                  0.09370591521153719
                ],
                "delta_information": [
                  [
                    0.0
                  ]
                ],
                "delta_information_vector": [
                  0.0
                ],
                "event_hypothesis_id": "85c9bd41-0a8b-544c-bd2c-34248b13d2d9",
                "evidence_cluster_id": "b20d2952-4e05-45c2-84f9-c5a5024d6997",
                "initial_state": "quarantined",
                "input_watermark": 14,
                "key": {
                  "actor_key": "owner",
                  "location_id": "a5a97d44-a72a-f6e7-3ef1-72fba6bb29d3",
                  "object_instance_id": "d912a2b3-2f43-d7ec-6e94-3731240716ea",
                  "parameter_block": "owner_habit_location",
                  "regime_id": "owner-habit"
                },
                "kind": "delta",
                "model_version": "core-prototype-spine@0.1",
                "parent_revision_id": null,
                "record_id": "c88c8386-ad9d-49ec-9c61-e0635f93eadb",
                "revision_id": "43e27083-2cb5-5639-ad6d-7bce937d9703",
                "semantic_dedup_id": "43e27083-2cb5-5639-ad6d-7bce937d9703:owner:a5a97d44-a72a-f6e7-3ef1-72fba6bb29d3",
                "source_record_ids": [
                  "4c2650fa-cba6-3851-d74e-27ea68538231"
                ]
              },
              "record_hash": "fea5c8122b9c692f12623e4655df8430d6340f010f8911cf69d084ca4aa19467",
              "sequence": 14
            },
            {
              "entry_hash": "c77396ec7ee9c3f66a9fb4bccb8af290e84ab50bdc7adb3e008d7048895e44da",
              "previous_hash": "36ed78344c5bb898800f1ba591b1e3ccbbb4944cf158d1aea8d468e436f923ed",
              "record": {
                "authorization_scope_id": "118f0f8b-7ac0-5f0d-8a4c-855bc712391b",
                "input_watermark": 15,
                "kind": "promotion",
                "promotes_record_id": "c88c8386-ad9d-49ec-9c61-e0635f93eadb",
                "reason": "owner-attributed hidden-event placement consolidated",
                "record_id": "7c6b8478-1f37-4acc-b672-01e1547cdaee",
                "risk_certificate": {
                  "belief_snapshot_id": "032808bd-9fdb-46c5-abdf-405379ed9561",
                  "counterfactual_id": "0845c819-14e4-4ce7-901d-c01a02c2f714",
                  "exact_verifier_id": "owner-habit-consolidation@0.1",
                  "expected_task_loss": "0.0",
                  "hard_safety_violations": [],
                  "map_version": 7,
                  "maximum_allowed_risk": "1000000000.0",
                  "subject_delta_record_id": "c88c8386-ad9d-49ec-9c61-e0635f93eadb",
                  "uncertainty_penalty": "0.0"
                }
              },
              "record_hash": "8a1081120f780664cf7a2a3ad0877071eeeb4633bde52d94a35463ee0b3e3a9b",
              "sequence": 15
            },
            {
              "entry_hash": "7f9b9f45bcf0a8a8f639b712df96659b834ca0978038d35a87bec4af7fda62da",
              "previous_hash": "c77396ec7ee9c3f66a9fb4bccb8af290e84ab50bdc7adb3e008d7048895e44da",
              "record": {
                "authorization_scope_id": "118f0f8b-7ac0-5f0d-8a4c-855bc712391b",
                "code_version": "prototype-spine",
                "content_hash": "c86933bc138700873e8ba7fd6cee91d5244f86fef2e2edbc506c7bcce6738d03",
                "delta_a": [
                  [
                    0.30611421922468285
                  ]
                ],
                "delta_alpha": "0.30611421922468285",
                "delta_b": [
                  0.09370591521153719
                ],
                "delta_information": [
                  [
                    0.0
                  ]
                ],
                "delta_information_vector": [
                  0.0
                ],
                "event_hypothesis_id": "553f7568-e888-5262-97c0-651ce03bb545",
                "evidence_cluster_id": "d661c7dd-fd4b-4608-9cdf-54669b6dcca6",
                "initial_state": "quarantined",
                "input_watermark": 16,
                "key": {
                  "actor_key": "owner",
                  "location_id": "a5a97d44-a72a-f6e7-3ef1-72fba6bb29d3",
                  "object_instance_id": "d912a2b3-2f43-d7ec-6e94-3731240716ea",
                  "parameter_block": "owner_habit_location",
                  "regime_id": "owner-habit"
                },
                "kind": "delta",
                "model_version": "core-prototype-spine@0.1",
                "parent_revision_id": null,
                "record_id": "2bd6fc98-1493-454f-b093-9175c492c05c",
                "revision_id": "9c62dbbc-b649-5a39-bfe0-e68f2fb477fd",
                "semantic_dedup_id": "9c62dbbc-b649-5a39-bfe0-e68f2fb477fd:owner:a5a97d44-a72a-f6e7-3ef1-72fba6bb29d3",
                "source_record_ids": [
                  "d659d0e2-a237-8292-b7ae-a240ca5a15e3"
                ]
              },
              "record_hash": "1e7cd429d5bcce16c76373da4e575d6bf3967123c8f5764af54a857a093acc14",
              "sequence": 16
            },
            {
              "entry_hash": "707d99fa0fe8375c0f8787dcc8fe064fac85e60981ef9b9a2486543ac74ce5f7",
              "previous_hash": "7f9b9f45bcf0a8a8f639b712df96659b834ca0978038d35a87bec4af7fda62da",
              "record": {
                "authorization_scope_id": "118f0f8b-7ac0-5f0d-8a4c-855bc712391b",
                "input_watermark": 17,
                "kind": "promotion",
                "promotes_record_id": "2bd6fc98-1493-454f-b093-9175c492c05c",
                "reason": "owner-attributed hidden-event placement consolidated",
                "record_id": "0f7cb222-ab9c-4744-aa46-2f9d989cb2d6",
                "risk_certificate": {
                  "belief_snapshot_id": "a644ee59-2df2-47ed-a195-9613746945d6",
                  "counterfactual_id": "ce19103c-7321-4840-8b43-36e8376e93c3",
                  "exact_verifier_id": "owner-habit-consolidation@0.1",
                  "expected_task_loss": "0.0",
                  "hard_safety_violations": [],
                  "map_version": 8,
                  "maximum_allowed_risk": "1000000000.0",
                  "subject_delta_record_id": "2bd6fc98-1493-454f-b093-9175c492c05c",
                  "uncertainty_penalty": "0.0"
                }
              },
              "record_hash": "94531720528597ba4d735c5dbafda888ec8b42788264c05c8d17d831353f7706",
              "sequence": 17
            },
            {
              "entry_hash": "4ab70d17efc6d876e6e6d6f8cb0f25bbe8390cba3bf45f3f03700dbed6143d40",
              "previous_hash": "707d99fa0fe8375c0f8787dcc8fe064fac85e60981ef9b9a2486543ac74ce5f7",
              "record": {
                "authorization_scope_id": "118f0f8b-7ac0-5f0d-8a4c-855bc712391b",
                "code_version": "prototype-spine",
                "content_hash": "dd32de9145a9750f4b311cad5f495e73d0dc9bff1ee609305149cf57191e72e5",
                "delta_a": [
                  [
                    0.30611421922468285
                  ]
                ],
                "delta_alpha": "0.30611421922468285",
                "delta_b": [
                  0.09370591521153719
                ],
                "delta_information": [
                  [
                    0.0
                  ]
                ],
                "delta_information_vector": [
                  0.0
                ],
                "event_hypothesis_id": "1481eaa4-e88e-5407-8d3a-aaff426c10f9",
                "evidence_cluster_id": "0ce995e9-6ecc-4c8a-a872-36aa3369e5ba",
                "initial_state": "quarantined",
                "input_watermark": 18,
                "key": {
                  "actor_key": "owner",
                  "location_id": "a5a97d44-a72a-f6e7-3ef1-72fba6bb29d3",
                  "object_instance_id": "d912a2b3-2f43-d7ec-6e94-3731240716ea",
                  "parameter_block": "owner_habit_location",
                  "regime_id": "owner-habit"
                },
                "kind": "delta",
                "model_version": "core-prototype-spine@0.1",
                "parent_revision_id": null,
                "record_id": "012d14f5-f190-4599-9692-6bb6ca014ba1",
                "revision_id": "1b64e1e0-00cd-587e-9f8d-8b459d6bba2a",
                "semantic_dedup_id": "1b64e1e0-00cd-587e-9f8d-8b459d6bba2a:owner:a5a97d44-a72a-f6e7-3ef1-72fba6bb29d3",
                "source_record_ids": [
                  "5550c401-4662-30d8-3ccd-2e0f7888557e"
                ]
              },
              "record_hash": "99371d42e9640b9819d35871089d4120f4363189a85d6542817005fc5e040ca3",
              "sequence": 18
            },
            {
              "entry_hash": "78d7fb9c6c72e12052f60738a41486e94c5165c4ad2880af4d080a6c9207a71a",
              "previous_hash": "4ab70d17efc6d876e6e6d6f8cb0f25bbe8390cba3bf45f3f03700dbed6143d40",
              "record": {
                "authorization_scope_id": "118f0f8b-7ac0-5f0d-8a4c-855bc712391b",
                "input_watermark": 19,
                "kind": "promotion",
                "promotes_record_id": "012d14f5-f190-4599-9692-6bb6ca014ba1",
                "reason": "owner-attributed hidden-event placement consolidated",
                "record_id": "05047d44-7e25-4bd8-a3de-c6cfdcdc2a67",
                "risk_certificate": {
                  "belief_snapshot_id": "c7bf7de7-b6e8-4c35-9078-9e6c1b482ca8",
                  "counterfactual_id": "90f506fd-a54e-4a44-9db2-6641e171c6e1",
                  "exact_verifier_id": "owner-habit-consolidation@0.1",
                  "expected_task_loss": "0.0",
                  "hard_safety_violations": [],
                  "map_version": 9,
                  "maximum_allowed_risk": "1000000000.0",
                  "subject_delta_record_id": "012d14f5-f190-4599-9692-6bb6ca014ba1",
                  "uncertainty_penalty": "0.0"
                }
              },
              "record_hash": "e152e1b4b1f6b44b985bc93b416a366adb229b04d7bcc069bc1f688a9fe43431",
              "sequence": 19
            },
            {
              "entry_hash": "872c069b82f5d8964301a36f45b3e34b31ae2fd2c912a273780a48d4b61e607e",
              "previous_hash": "78d7fb9c6c72e12052f60738a41486e94c5165c4ad2880af4d080a6c9207a71a",
              "record": {
                "authorization_scope_id": "118f0f8b-7ac0-5f0d-8a4c-855bc712391b",
                "code_version": "prototype-spine",
                "content_hash": "1df3f432b7db59bc168057c60eb2e3bcef107d1f2dcdb8cf68c10315a5924889",
                "delta_a": [
                  [
                    0.30611421922468285
                  ]
                ],
                "delta_alpha": "0.30611421922468285",
                "delta_b": [
                  0.09370591521153719
                ],
                "delta_information": [
                  [
                    0.0
                  ]
                ],
                "delta_information_vector": [
                  0.0
                ],
                "event_hypothesis_id": "356daa53-bcd9-52a8-95bf-08973afe4ecf",
                "evidence_cluster_id": "85abddd2-9da2-44be-9ac7-858c76e6a121",
                "initial_state": "quarantined",
                "input_watermark": 20,
                "key": {
                  "actor_key": "owner",
                  "location_id": "a5a97d44-a72a-f6e7-3ef1-72fba6bb29d3",
                  "object_instance_id": "d912a2b3-2f43-d7ec-6e94-3731240716ea",
                  "parameter_block": "owner_habit_location",
                  "regime_id": "owner-habit"
                },
                "kind": "delta",
                "model_version": "core-prototype-spine@0.1",
                "parent_revision_id": null,
                "record_id": "c7892b20-a667-43e2-926e-a0b5956b2fda",
                "revision_id": "466285fa-f136-5cb6-9569-925f27bc9d5c",
                "semantic_dedup_id": "466285fa-f136-5cb6-9569-925f27bc9d5c:owner:a5a97d44-a72a-f6e7-3ef1-72fba6bb29d3",
                "source_record_ids": [
                  "c76ad374-196e-7bc4-e3c0-f414f9920dd9"
                ]
              },
              "record_hash": "e505c934ff0e9486c17ee1bf12f3d2e87ea2f4e745495189630c132a78849515",
              "sequence": 20
            },
            {
              "entry_hash": "a6bc25361cc6183ad554cc66d1d32ade729767ffe081f7dac1c45027a2302532",
              "previous_hash": "872c069b82f5d8964301a36f45b3e34b31ae2fd2c912a273780a48d4b61e607e",
              "record": {
                "authorization_scope_id": "118f0f8b-7ac0-5f0d-8a4c-855bc712391b",
                "input_watermark": 21,
                "kind": "promotion",
                "promotes_record_id": "c7892b20-a667-43e2-926e-a0b5956b2fda",
                "reason": "owner-attributed hidden-event placement consolidated",
                "record_id": "167a4cd7-5569-4d64-b46f-aca00453958e",
                "risk_certificate": {
                  "belief_snapshot_id": "b0cd4807-b88f-49f3-960e-df3e78e0c489",
                  "counterfactual_id": "d043f443-8052-48b4-92af-517ab05c3fc9",
                  "exact_verifier_id": "owner-habit-consolidation@0.1",
                  "expected_task_loss": "0.0",
                  "hard_safety_violations": [],
                  "map_version": 10,
                  "maximum_allowed_risk": "1000000000.0",
                  "subject_delta_record_id": "c7892b20-a667-43e2-926e-a0b5956b2fda",
                  "uncertainty_penalty": "0.0"
                }
              },
              "record_hash": "de18235c81dbb5eb71babf6838d7aae16e86bd9211d52398439edb9c24c38d78",
              "sequence": 21
            },
            {
              "entry_hash": "696cd3734fdb43d53211509acd72d0bed66e76c09849a9fe701d24063dabf379",
              "previous_hash": "a6bc25361cc6183ad554cc66d1d32ade729767ffe081f7dac1c45027a2302532",
              "record": {
                "authorization_scope_id": "118f0f8b-7ac0-5f0d-8a4c-855bc712391b",
                "code_version": "prototype-spine",
                "content_hash": "ccf75c52dcca527d12cda71f33a3dfabbe76103ad82cf3a19c6958ece2360f06",
                "delta_a": [
                  [
                    0.2419364540014017
                  ]
                ],
                "delta_alpha": "0.2419364540014017",
                "delta_b": [
                  0.05853324777477236
                ],
                "delta_information": [
                  [
                    0.0
                  ]
                ],
                "delta_information_vector": [
                  0.0
                ],
                "event_hypothesis_id": "82be6e79-12db-50fd-8aa6-b4c9584b3938",
                "evidence_cluster_id": "08f8aad0-39a4-49ef-a531-713336fcd008",
                "initial_state": "quarantined",
                "input_watermark": 22,
                "key": {
                  "actor_key": "owner",
                  "location_id": "a5a97d44-a72a-f6e7-3ef1-72fba6bb29d3",
                  "object_instance_id": "d912a2b3-2f43-d7ec-6e94-3731240716ea",
                  "parameter_block": "owner_habit_location",
                  "regime_id": "owner-habit"
                },
                "kind": "delta",
                "model_version": "core-prototype-spine@0.1",
                "parent_revision_id": null,
                "record_id": "a04a2eda-1d93-4b99-911b-848c450d3d60",
                "revision_id": "c626ec79-0689-50e0-a1fa-6b4c0515419f",
                "semantic_dedup_id": "c626ec79-0689-50e0-a1fa-6b4c0515419f:owner:a5a97d44-a72a-f6e7-3ef1-72fba6bb29d3",
                "source_record_ids": [
                  "5c92c381-7b0e-ff22-e69f-9bc0ae8b37b7"
                ]
              },
              "record_hash": "0db81d2f285dce1e79884c408a9a95ba27cb115b388391667336502cee65fdd2",
              "sequence": 22
            },
            {
              "entry_hash": "9b1e624502d39b02e6564a2265b4895a3d4370b10a870133dcd1c8fd782036d5",
              "previous_hash": "696cd3734fdb43d53211509acd72d0bed66e76c09849a9fe701d24063dabf379",
              "record": {
                "authorization_scope_id": "118f0f8b-7ac0-5f0d-8a4c-855bc712391b",
                "input_watermark": 23,
                "kind": "promotion",
                "promotes_record_id": "a04a2eda-1d93-4b99-911b-848c450d3d60",
                "reason": "owner-attributed hidden-event placement consolidated",
                "record_id": "b465268e-c016-4eea-9fb6-993011f838aa",
                "risk_certificate": {
                  "belief_snapshot_id": "758e1438-9617-4d0e-ba8c-d05250b366b7",
                  "counterfactual_id": "e3fcf753-4da5-4b89-9da8-f56df423d188",
                  "exact_verifier_id": "owner-habit-consolidation@0.1",
                  "expected_task_loss": "0.0",
                  "hard_safety_violations": [],
                  "map_version": 11,
                  "maximum_allowed_risk": "1000000000.0",
                  "subject_delta_record_id": "a04a2eda-1d93-4b99-911b-848c450d3d60",
                  "uncertainty_penalty": "0.0"
                }
              },
              "record_hash": "b060bed5183eff5bc00b8d87e000fb3f8a5f99756add3a357a9433533fd1a218",
              "sequence": 23
            },
            {
              "entry_hash": "7521f0ad7e730bf0b20bb69327df6c76df644181eb7e77b452bb9c803d63331f",
              "previous_hash": "9b1e624502d39b02e6564a2265b4895a3d4370b10a870133dcd1c8fd782036d5",
              "record": {
                "authorization_scope_id": "118f0f8b-7ac0-5f0d-8a4c-855bc712391b",
                "input_watermark": 24,
                "kind": "reversal",
                "reason": "ORRER re-attributed the hidden event away from the owner",
                "record_id": "1151add4-f85d-4072-87f3-670b2c7e7632",
                "reverses_record_id": "2bd6fc98-1493-454f-b093-9175c492c05c",
                "revision_id": "9c62dbbc-b649-5a39-bfe0-e68f2fb477fd"
              },
              "record_hash": "42a36d6b5c256a4ab259f0b84395a89c9243e9eddaf0b596e539b9fef0934909",
              "sequence": 24
            },
            {
              "entry_hash": "fb02208f07ce83c4aa52612b6469d49d20069976871b1e91dfa27693fed0c68c",
              "previous_hash": "7521f0ad7e730bf0b20bb69327df6c76df644181eb7e77b452bb9c803d63331f",
              "record": {
                "authorization_scope_id": "118f0f8b-7ac0-5f0d-8a4c-855bc712391b",
                "code_version": "prototype-spine",
                "content_hash": "4b4b03cffe136339d999f22dbfbaf06bd7ed73a4cab01faa4d7e2121111b3d03",
                "delta_a": [
                  [
                    0.30611421922468285
                  ]
                ],
                "delta_alpha": "0.30611421922468285",
                "delta_b": [
                  0.09370591521153719
                ],
                "delta_information": [
                  [
                    0.0
                  ]
                ],
                "delta_information_vector": [
                  0.0
                ],
                "event_hypothesis_id": "553f7568-e888-5262-97c0-651ce03bb545",
                "evidence_cluster_id": "97e7d10c-bf25-4493-9a1a-90153ecdb1c4",
                "initial_state": "quarantined",
                "input_watermark": 25,
                "key": {
                  "actor_key": "owner",
                  "location_id": "a5a97d44-a72a-f6e7-3ef1-72fba6bb29d3",
                  "object_instance_id": "d912a2b3-2f43-d7ec-6e94-3731240716ea",
                  "parameter_block": "owner_habit_location",
                  "regime_id": "owner-habit"
                },
                "kind": "delta",
                "model_version": "core-prototype-spine@0.1",
                "parent_revision_id": "9c62dbbc-b649-5a39-bfe0-e68f2fb477fd",
                "record_id": "faf56049-1dfa-4ae0-8aef-f14aacc2b68f",
                "revision_id": "383ef193-8541-441a-bd4a-f389492ca72d",
                "semantic_dedup_id": "383ef193-8541-441a-bd4a-f389492ca72d:owner:a5a97d44-a72a-f6e7-3ef1-72fba6bb29d3",
                "source_record_ids": [
                  "9bd393a7-3b6e-4da2-9885-d5529c510a1d"
                ]
              },
              "record_hash": "6504ba44856b2fc8fdc279ebbe2bbe3047443ffbba59da7be1fa5567fdd82381",
              "sequence": 25
            },
            {
              "entry_hash": "6fa6836bb09cb4c8f8d8487c767e6a42ba0fea4082b6e8e50d16d844ba523462",
              "previous_hash": "fb02208f07ce83c4aa52612b6469d49d20069976871b1e91dfa27693fed0c68c",
              "record": {
                "authorization_scope_id": "118f0f8b-7ac0-5f0d-8a4c-855bc712391b",
                "input_watermark": 26,
                "kind": "promotion",
                "promotes_record_id": "faf56049-1dfa-4ae0-8aef-f14aacc2b68f",
                "reason": "owner-attributed hidden-event placement consolidated",
                "record_id": "315bbd2f-486a-4dac-b64f-045bb86e5b88",
                "risk_certificate": {
                  "belief_snapshot_id": "77673e98-0f8e-48bd-bf8e-337f7be36e41",
                  "counterfactual_id": "04c95f16-a2d3-45b3-9e23-161d67769d98",
                  "exact_verifier_id": "owner-habit-consolidation@0.1",
                  "expected_task_loss": "0.0",
                  "hard_safety_violations": [],
                  "map_version": 12,
                  "maximum_allowed_risk": "1000000000.0",
                  "subject_delta_record_id": "faf56049-1dfa-4ae0-8aef-f14aacc2b68f",
                  "uncertainty_penalty": "0.0"
                }
              },
              "record_hash": "60fa7b264f9e2aed20106b4d8954e9066b659a359e1d1b3ac70ac1c080d83e75",
              "sequence": 26
            }
          ],
          "manifest": {
            "config_hash": "9a3720b7385e8d92a54f46a8c7d594bce71f63a8e27569569ec2d9e0f99f5dd2",
            "head_hash": "6fa6836bb09cb4c8f8d8487c767e6a42ba0fea4082b6e8e50d16d844ba523462",
            "record_count": 27,
            "schema_version": "cpswm.hybrid_ledger_log@1"
          }
        },
        "committed_records": {
          "43e27083-2cb5-5639-ad6d-7bce937d9703": {
            "location": "a5a97d44-a72a-f6e7-3ef1-72fba6bb29d3",
            "owner_mass": 0.19836201405759452
          },
          "466285fa-f136-5cb6-9569-925f27bc9d5c": {
            "location": "a5a97d44-a72a-f6e7-3ef1-72fba6bb29d3",
            "owner_mass": 0.19836201405759452
          },
          "1b64e1e0-00cd-587e-9f8d-8b459d6bba2a": {
            "location": "a5a97d44-a72a-f6e7-3ef1-72fba6bb29d3",
            "owner_mass": 0.19836201405759452
          },
          "bd0de4c9-3c64-5ee5-8a05-d29daa4158ef": {
            "location": "44b33099-dee8-2a8b-cc46-e34a555d6659",
            "owner_mass": 0.8196639844033716
          },
          "03bee523-f705-54b7-8808-3b006513752e": {
            "location": "44b33099-dee8-2a8b-cc46-e34a555d6659",
            "owner_mass": 0.8196639844033716
          },
          "5c21bcfc-9b20-584a-8376-100096501881": {
            "location": "44b33099-dee8-2a8b-cc46-e34a555d6659",
            "owner_mass": 0.8196639844033716
          },
          "383ef193-8541-441a-bd4a-f389492ca72d": {
            "location": "a5a97d44-a72a-f6e7-3ef1-72fba6bb29d3",
            "owner_mass": 0.19836201405759452
          },
          "a4003fe4-412c-53c5-a42a-400006776c7e": {
            "location": "44b33099-dee8-2a8b-cc46-e34a555d6659",
            "owner_mass": 0.8196639844033716
          },
          "c626ec79-0689-50e0-a1fa-6b4c0515419f": {
            "location": "a5a97d44-a72a-f6e7-3ef1-72fba6bb29d3",
            "owner_mass": 0.15677482219290834
          },
          "44607dfc-f2f2-5ede-a2c2-d5eec27f0c96": {
            "location": "44b33099-dee8-2a8b-cc46-e34a555d6659",
            "owner_mass": 0.8196639844033716
          },
          "b082733d-132e-5cd7-a07a-ab7f75b013b5": {
            "location": "44b33099-dee8-2a8b-cc46-e34a555d6659",
            "owner_mass": 0.8196639844033716
          },
          "0f5685f8-b161-5532-9a33-32b4bed97e07": {
            "location": "44b33099-dee8-2a8b-cc46-e34a555d6659",
            "owner_mass": 0.8196639844033716
          }
        },
        "hybrid_alpha": {
          "44b33099-dee8-2a8b-cc46-e34a555d6659": 8.854394893246297,
          "23a2ff08-fd31-2108-19c8-56bbe1bdd947": 0.0,
          "a5a97d44-a72a-f6e7-3ef1-72fba6bb29d3": 1.4663933309001331,
          "b4634a80-b40c-5fe8-e981-d10b5cfd9d0d": 0.0
        },
        "action": {
          "44b33099-dee8-2a8b-cc46-e34a555d6659": 0.8579184749213853,
          "23a2ff08-fd31-2108-19c8-56bbe1bdd947": 0.0,
          "a5a97d44-a72a-f6e7-3ef1-72fba6bb29d3": 0.1420815250786148,
          "b4634a80-b40c-5fe8-e981-d10b5cfd9d0d": 0.0
        },
        "committed": [
          "03bee523-f705-54b7-8808-3b006513752e",
          "0f5685f8-b161-5532-9a33-32b4bed97e07",
          "1b64e1e0-00cd-587e-9f8d-8b459d6bba2a",
          "383ef193-8541-441a-bd4a-f389492ca72d",
          "43e27083-2cb5-5639-ad6d-7bce937d9703",
          "44607dfc-f2f2-5ede-a2c2-d5eec27f0c96",
          "466285fa-f136-5cb6-9569-925f27bc9d5c",
          "5c21bcfc-9b20-584a-8376-100096501881",
          "a4003fe4-412c-53c5-a42a-400006776c7e",
          "b082733d-132e-5cd7-a07a-ab7f75b013b5",
          "bd0de4c9-3c64-5ee5-8a05-d29daa4158ef",
          "c626ec79-0689-50e0-a1fa-6b4c0515419f"
        ],
        "identities": [
          4439378976,
          4439603536,
          4443642832,
          4439382336
        ]
      },
      "action_distribution_changed": false,
      "checks_passed": true
    },
    {
      "case": "legal_different",
      "history_fixture": "_legacy_history(12)",
      "target_index": 8,
      "requested_location": "44b33099-dee8-2a8b-cc46-e34a555d6659",
      "requested_mass": 0.19836201405759452,
      "public_request": {
        "corrected_location_id": "44b33099-dee8-2a8b-cc46-e34a555d6659",
        "corrected_owner_mass": 0.19836201405759452,
        "corrected_revision_id": "d9e70ccc-126f-45ed-a0bc-60d6be9fd556",
        "evidence_source_record_ids": [
          "00850c71-8347-4753-9e01-e65adc51a62a"
        ],
        "kind": "correct",
        "rationale": "frozen public direct correction input",
        "superseded_revision_id": "9c62dbbc-b649-5a39-bfe0-e68f2fb477fd"
      },
      "operations": [
        "correct"
      ],
      "error": null,
      "before": {
        "observable": "9f128e9e83976576b91aeee6e4c9e8844275c3b58966869559d09c23bf15914e",
        "ledger": "e9dd2a29eabeacd1d1208f7c434bd526d81376cea1ad9a7d8c03b763859bbc04",
        "ledger_records": {
          "config": {
            "alpha_prior": 0.0,
            "feature_dim": 1,
            "information_ridge": 1e-06,
            "max_condition_number": 1000000000000.0,
            "ridge": 1e-06
          },
          "entries": [
            {
              "entry_hash": "4eedf08624994f8686d2be0935392e6c54c749b14bff0d18156e231b3ce3b497",
              "previous_hash": "0000000000000000000000000000000000000000000000000000000000000000",
              "record": {
                "authorization_scope_id": "118f0f8b-7ac0-5f0d-8a4c-855bc712391b",
                "code_version": "prototype-spine",
                "content_hash": "90bde10b6d7a43570f836c2f4d89fc05fb626b727c5b565e68a01e9f3097873b",
                "delta_a": [
                  [
                    1.2649135561780425
                  ]
                ],
                "delta_alpha": "1.2649135561780425",
                "delta_b": [
                  1.6000063046029818
                ],
                "delta_information": [
                  [
                    0.0
                  ]
                ],
                "delta_information_vector": [
                  0.0
                ],
                "event_hypothesis_id": "c4e50041-5dd2-5fac-a3a6-91a9f5d3479c",
                "evidence_cluster_id": "3a58b775-9e94-4af6-a20d-855266de13d5",
                "initial_state": "quarantined",
                "input_watermark": 0,
                "key": {
                  "actor_key": "owner",
                  "location_id": "44b33099-dee8-2a8b-cc46-e34a555d6659",
                  "object_instance_id": "d912a2b3-2f43-d7ec-6e94-3731240716ea",
                  "parameter_block": "owner_habit_location",
                  "regime_id": "owner-habit"
                },
                "kind": "delta",
                "model_version": "core-prototype-spine@0.1",
                "parent_revision_id": null,
                "record_id": "e594a766-a93d-41f7-a375-dbd3715461e2",
                "revision_id": "bd0de4c9-3c64-5ee5-8a05-d29daa4158ef",
                "semantic_dedup_id": "bd0de4c9-3c64-5ee5-8a05-d29daa4158ef:owner:44b33099-dee8-2a8b-cc46-e34a555d6659",
                "source_record_ids": [
                  "df76db36-909a-68bd-e716-7f98c547e510"
                ]
              },
              "record_hash": "e32a9ea902011fecf538edbe3250ae840a00ad8237c233aab3b921e687b42c17",
              "sequence": 0
            },
            {
              "entry_hash": "0301e26beb0dcdf7752c9b8fa1a884c48b276f4548cc02a7a1a513de85e9d361",
              "previous_hash": "4eedf08624994f8686d2be0935392e6c54c749b14bff0d18156e231b3ce3b497",
              "record": {
                "authorization_scope_id": "118f0f8b-7ac0-5f0d-8a4c-855bc712391b",
                "input_watermark": 1,
                "kind": "promotion",
                "promotes_record_id": "e594a766-a93d-41f7-a375-dbd3715461e2",
                "reason": "owner-attributed hidden-event placement consolidated",
                "record_id": "bcfedad2-b6d3-45ae-ad35-e66a8b9da04a",
                "risk_certificate": {
                  "belief_snapshot_id": "b5be37f8-420e-409d-ab18-04b6cf531a3e",
                  "counterfactual_id": "cb1038ad-2f73-44d6-b55d-3c9d5c65b981",
                  "exact_verifier_id": "owner-habit-consolidation@0.1",
                  "expected_task_loss": "0.0",
                  "hard_safety_violations": [],
                  "map_version": 0,
                  "maximum_allowed_risk": "1000000000.0",
                  "subject_delta_record_id": "e594a766-a93d-41f7-a375-dbd3715461e2",
                  "uncertainty_penalty": "0.0"
                }
              },
              "record_hash": "8fc197b8a15a74419b7a8c3eca1bdf228ba2557f012c0b699433ead6a0533441",
              "sequence": 1
            },
            {
              "entry_hash": "07ded875b41f82b816e6bb2932570a728f519ff28981e7ae8d4d7a9b8327b4d7",
              "previous_hash": "0301e26beb0dcdf7752c9b8fa1a884c48b276f4548cc02a7a1a513de85e9d361",
              "record": {
                "authorization_scope_id": "118f0f8b-7ac0-5f0d-8a4c-855bc712391b",
                "code_version": "prototype-spine",
                "content_hash": "fa409a81e924c129d296174d2999f9f6b99eaacb8255f9a2530ca06f1aa4339e",
                "delta_a": [
                  [
                    1.2649135561780425
                  ]
                ],
                "delta_alpha": "1.2649135561780425",
                "delta_b": [
                  1.6000063046029818
                ],
                "delta_information": [
                  [
                    0.0
                  ]
                ],
                "delta_information_vector": [
                  0.0
                ],
                "event_hypothesis_id": "5f026914-a7b6-50e2-9cd3-ad28e754b588",
                "evidence_cluster_id": "8446fa22-f4d8-4bf1-b623-64ac951fed20",
                "initial_state": "quarantined",
                "input_watermark": 2,
                "key": {
                  "actor_key": "owner",
                  "location_id": "44b33099-dee8-2a8b-cc46-e34a555d6659",
                  "object_instance_id": "d912a2b3-2f43-d7ec-6e94-3731240716ea",
                  "parameter_block": "owner_habit_location",
                  "regime_id": "owner-habit"
                },
                "kind": "delta",
                "model_version": "core-prototype-spine@0.1",
                "parent_revision_id": null,
                "record_id": "4eed197a-4b48-4612-821b-335da7391658",
                "revision_id": "03bee523-f705-54b7-8808-3b006513752e",
                "semantic_dedup_id": "03bee523-f705-54b7-8808-3b006513752e:owner:44b33099-dee8-2a8b-cc46-e34a555d6659",
                "source_record_ids": [
                  "765e9091-ab88-6d74-e5ca-11086fb28b20"
                ]
              },
              "record_hash": "7800d4ae7680cf0d3be072a6837c83d245623f96deadb22c01debc560a07fe7c",
              "sequence": 2
            },
            {
              "entry_hash": "c28e5e395d1a6c50cd003e42c5ee3702c1c8096c262d1375449c0886b89ee90d",
              "previous_hash": "07ded875b41f82b816e6bb2932570a728f519ff28981e7ae8d4d7a9b8327b4d7",
              "record": {
                "authorization_scope_id": "118f0f8b-7ac0-5f0d-8a4c-855bc712391b",
                "input_watermark": 3,
                "kind": "promotion",
                "promotes_record_id": "4eed197a-4b48-4612-821b-335da7391658",
                "reason": "owner-attributed hidden-event placement consolidated",
                "record_id": "89b1d846-3ed9-4536-8cc7-56484058c78d",
                "risk_certificate": {
                  "belief_snapshot_id": "f036e091-5a22-4629-9bcb-18f55a114ef8",
                  "counterfactual_id": "7c6304b0-fccb-4cde-96de-9716c6f0aadf",
                  "exact_verifier_id": "owner-habit-consolidation@0.1",
                  "expected_task_loss": "0.0",
                  "hard_safety_violations": [],
                  "map_version": 1,
                  "maximum_allowed_risk": "1000000000.0",
                  "subject_delta_record_id": "4eed197a-4b48-4612-821b-335da7391658",
                  "uncertainty_penalty": "0.0"
                }
              },
              "record_hash": "eac8966d92583bb6d60ee6043417c131e95eda6c87ce385190c3200b5c34ce8a",
              "sequence": 3
            },
            {
              "entry_hash": "5809fae39df6d4c5a651073bd5332979ec2d5c27059638846df3affc09d87b59",
              "previous_hash": "c28e5e395d1a6c50cd003e42c5ee3702c1c8096c262d1375449c0886b89ee90d",
              "record": {
                "authorization_scope_id": "118f0f8b-7ac0-5f0d-8a4c-855bc712391b",
                "code_version": "prototype-spine",
                "content_hash": "dace44d48c70fcc21e725e118e70b605e0522c90fdd7fe56b57138184c6489cb",
                "delta_a": [
                  [
                    1.2649135561780425
                  ]
                ],
                "delta_alpha": "1.2649135561780425",
                "delta_b": [
                  1.6000063046029818
                ],
                "delta_information": [
                  [
                    0.0
                  ]
                ],
                "delta_information_vector": [
                  0.0
                ],
                "event_hypothesis_id": "910d541b-aa72-5f2f-89a0-8b0a2b5724fe",
                "evidence_cluster_id": "5e2fb372-8dc5-4db0-8e46-855c52fdd125",
                "initial_state": "quarantined",
                "input_watermark": 4,
                "key": {
                  "actor_key": "owner",
                  "location_id": "44b33099-dee8-2a8b-cc46-e34a555d6659",
                  "object_instance_id": "d912a2b3-2f43-d7ec-6e94-3731240716ea",
                  "parameter_block": "owner_habit_location",
                  "regime_id": "owner-habit"
                },
                "kind": "delta",
                "model_version": "core-prototype-spine@0.1",
                "parent_revision_id": null,
                "record_id": "3ddbed10-fee5-42d3-926e-a0b8a1963e20",
                "revision_id": "0f5685f8-b161-5532-9a33-32b4bed97e07",
                "semantic_dedup_id": "0f5685f8-b161-5532-9a33-32b4bed97e07:owner:44b33099-dee8-2a8b-cc46-e34a555d6659",
                "source_record_ids": [
                  "a528ebc2-14db-748e-9def-d643a9c43f70"
                ]
              },
              "record_hash": "07051a2979bf6bd9a3a252c0179c79f556b31bf3d154bd34233e9e6c8ab2e927",
              "sequence": 4
            },
            {
              "entry_hash": "028dafcfd889aca0404fe4cb2e5031cdeaa2a76493b607383dbdd3765e82d3ec",
              "previous_hash": "5809fae39df6d4c5a651073bd5332979ec2d5c27059638846df3affc09d87b59",
              "record": {
                "authorization_scope_id": "118f0f8b-7ac0-5f0d-8a4c-855bc712391b",
                "input_watermark": 5,
                "kind": "promotion",
                "promotes_record_id": "3ddbed10-fee5-42d3-926e-a0b8a1963e20",
                "reason": "owner-attributed hidden-event placement consolidated",
                "record_id": "66e216f4-8c33-4298-99b0-5fbf43d5530f",
                "risk_certificate": {
                  "belief_snapshot_id": "ba24b030-6809-422f-86ca-da064b6e5d6a",
                  "counterfactual_id": "c3ca385f-673f-4a0b-8eae-68a1565058d8",
                  "exact_verifier_id": "owner-habit-consolidation@0.1",
                  "expected_task_loss": "0.0",
                  "hard_safety_violations": [],
                  "map_version": 2,
                  "maximum_allowed_risk": "1000000000.0",
                  "subject_delta_record_id": "3ddbed10-fee5-42d3-926e-a0b8a1963e20",
                  "uncertainty_penalty": "0.0"
                }
              },
              "record_hash": "6fd2179be0c65b3bd0f245dee262bb5aebd326d6f7b18c53c03aa1021be57b68",
              "sequence": 5
            },
            {
              "entry_hash": "039ea5b8bdf5143950af0310397ace5dc3dc27e9ee3df529f5e527809b5083cd",
              "previous_hash": "028dafcfd889aca0404fe4cb2e5031cdeaa2a76493b607383dbdd3765e82d3ec",
              "record": {
                "authorization_scope_id": "118f0f8b-7ac0-5f0d-8a4c-855bc712391b",
                "code_version": "prototype-spine",
                "content_hash": "d6bd256ad97a40c2701d917fb5432be868c9921a9c5d24746461453e86048ce9",
                "delta_a": [
                  [
                    1.2649135561780425
                  ]
                ],
                "delta_alpha": "1.2649135561780425",
                "delta_b": [
                  1.6000063046029818
                ],
                "delta_information": [
                  [
                    0.0
                  ]
                ],
                "delta_information_vector": [
                  0.0
                ],
                "event_hypothesis_id": "5e82175b-f840-54ef-ae09-3905b6719d04",
                "evidence_cluster_id": "fcc91997-c593-4047-8957-8fb54a967c23",
                "initial_state": "quarantined",
                "input_watermark": 6,
                "key": {
                  "actor_key": "owner",
                  "location_id": "44b33099-dee8-2a8b-cc46-e34a555d6659",
                  "object_instance_id": "d912a2b3-2f43-d7ec-6e94-3731240716ea",
                  "parameter_block": "owner_habit_location",
                  "regime_id": "owner-habit"
                },
                "kind": "delta",
                "model_version": "core-prototype-spine@0.1",
                "parent_revision_id": null,
                "record_id": "ab66620e-ac4f-4b62-9daf-5f0f87482585",
                "revision_id": "44607dfc-f2f2-5ede-a2c2-d5eec27f0c96",
                "semantic_dedup_id": "44607dfc-f2f2-5ede-a2c2-d5eec27f0c96:owner:44b33099-dee8-2a8b-cc46-e34a555d6659",
                "source_record_ids": [
                  "0582a586-6dba-dbc9-50e5-eb9761db3141"
                ]
              },
              "record_hash": "47e6d2afeefa37ce6db5f7bd890f871f1c4912e67055a07935b03f12b6368895",
              "sequence": 6
            },
            {
              "entry_hash": "6602d10c31c045eb3af1ff2b88379d19a4e416eb6c88a7c12144d2c21deed9ba",
              "previous_hash": "039ea5b8bdf5143950af0310397ace5dc3dc27e9ee3df529f5e527809b5083cd",
              "record": {
                "authorization_scope_id": "118f0f8b-7ac0-5f0d-8a4c-855bc712391b",
                "input_watermark": 7,
                "kind": "promotion",
                "promotes_record_id": "ab66620e-ac4f-4b62-9daf-5f0f87482585",
                "reason": "owner-attributed hidden-event placement consolidated",
                "record_id": "248f67f3-d854-45ab-83a5-96f9d15a9578",
                "risk_certificate": {
                  "belief_snapshot_id": "8ebd7f44-4e3e-463a-a13c-fecb5bb6e08f",
                  "counterfactual_id": "5ba4f4da-a63d-414d-b92c-b8fe6195d362",
                  "exact_verifier_id": "owner-habit-consolidation@0.1",
                  "expected_task_loss": "0.0",
                  "hard_safety_violations": [],
                  "map_version": 3,
                  "maximum_allowed_risk": "1000000000.0",
                  "subject_delta_record_id": "ab66620e-ac4f-4b62-9daf-5f0f87482585",
                  "uncertainty_penalty": "0.0"
                }
              },
              "record_hash": "4e4be7748165db1b9b8e857863accee96d3b86c10783907402a29e07a05dcddc",
              "sequence": 7
            },
            {
              "entry_hash": "e545eef5772ddd6cd8d2c0c725d05e17b7353ad899945f159b9ae7964a98e995",
              "previous_hash": "6602d10c31c045eb3af1ff2b88379d19a4e416eb6c88a7c12144d2c21deed9ba",
              "record": {
                "authorization_scope_id": "118f0f8b-7ac0-5f0d-8a4c-855bc712391b",
                "code_version": "prototype-spine",
                "content_hash": "0cc2751392de6da3e816bb19f0ee5c478c9e8d2219c4372d42a263b399970444",
                "delta_a": [
                  [
                    1.2649135561780425
                  ]
                ],
                "delta_alpha": "1.2649135561780425",
                "delta_b": [
                  1.6000063046029818
                ],
                "delta_information": [
                  [
                    0.0
                  ]
                ],
                "delta_information_vector": [
                  0.0
                ],
                "event_hypothesis_id": "19962f1c-7ed3-5ebc-82b3-f1e5acfa7f65",
                "evidence_cluster_id": "87da2b9f-ae7d-4eeb-a5be-aa8171d2731b",
                "initial_state": "quarantined",
                "input_watermark": 8,
                "key": {
                  "actor_key": "owner",
                  "location_id": "44b33099-dee8-2a8b-cc46-e34a555d6659",
                  "object_instance_id": "d912a2b3-2f43-d7ec-6e94-3731240716ea",
                  "parameter_block": "owner_habit_location",
                  "regime_id": "owner-habit"
                },
                "kind": "delta",
                "model_version": "core-prototype-spine@0.1",
                "parent_revision_id": null,
                "record_id": "730d2092-76a3-40a9-ad96-7662f88c9a1d",
                "revision_id": "5c21bcfc-9b20-584a-8376-100096501881",
                "semantic_dedup_id": "5c21bcfc-9b20-584a-8376-100096501881:owner:44b33099-dee8-2a8b-cc46-e34a555d6659",
                "source_record_ids": [
                  "9755d3b1-ba08-bd94-8880-fda43571cb79"
                ]
              },
              "record_hash": "6579cb7f6a131afb5795f04542a6003feb4adb0f1b446f31a626135260f9345d",
              "sequence": 8
            },
            {
              "entry_hash": "cf6087e431fb82f05946e19767c4115654c2117b052b2bd44942be58136a2fd3",
              "previous_hash": "e545eef5772ddd6cd8d2c0c725d05e17b7353ad899945f159b9ae7964a98e995",
              "record": {
                "authorization_scope_id": "118f0f8b-7ac0-5f0d-8a4c-855bc712391b",
                "input_watermark": 9,
                "kind": "promotion",
                "promotes_record_id": "730d2092-76a3-40a9-ad96-7662f88c9a1d",
                "reason": "owner-attributed hidden-event placement consolidated",
                "record_id": "af418122-f033-4155-9744-408e83a0fbac",
                "risk_certificate": {
                  "belief_snapshot_id": "ec1b67ff-1b72-4606-9997-2ee2b9435df2",
                  "counterfactual_id": "7001d31c-c5a7-49cf-ad8d-2600dfd2ffcf",
                  "exact_verifier_id": "owner-habit-consolidation@0.1",
                  "expected_task_loss": "0.0",
                  "hard_safety_violations": [],
                  "map_version": 4,
                  "maximum_allowed_risk": "1000000000.0",
                  "subject_delta_record_id": "730d2092-76a3-40a9-ad96-7662f88c9a1d",
                  "uncertainty_penalty": "0.0"
                }
              },
              "record_hash": "87d54df0551c18417e705b1d2c862184b8ffaad81b310a11f28d9e5b0c35eaf2",
              "sequence": 9
            },
            {
              "entry_hash": "c4c4c5a4e9985b0f4afa29e76dd29f24853bd71d994079f238cd483af3f1dc32",
              "previous_hash": "cf6087e431fb82f05946e19767c4115654c2117b052b2bd44942be58136a2fd3",
              "record": {
                "authorization_scope_id": "118f0f8b-7ac0-5f0d-8a4c-855bc712391b",
                "code_version": "prototype-spine",
                "content_hash": "b60851091e8950209854ddfc97a9736a80e2cfa4b064ad61e9a16c12bc5093ff",
                "delta_a": [
                  [
                    1.2649135561780425
                  ]
                ],
                "delta_alpha": "1.2649135561780425",
                "delta_b": [
                  1.6000063046029818
                ],
                "delta_information": [
                  [
                    0.0
                  ]
                ],
                "delta_information_vector": [
                  0.0
                ],
                "event_hypothesis_id": "6a21c28e-703c-52fa-9ed6-e284132bfee4",
                "evidence_cluster_id": "15dad228-b6bd-43fc-9ad0-c22a916bcc19",
                "initial_state": "quarantined",
                "input_watermark": 10,
                "key": {
                  "actor_key": "owner",
                  "location_id": "44b33099-dee8-2a8b-cc46-e34a555d6659",
                  "object_instance_id": "d912a2b3-2f43-d7ec-6e94-3731240716ea",
                  "parameter_block": "owner_habit_location",
                  "regime_id": "owner-habit"
                },
                "kind": "delta",
                "model_version": "core-prototype-spine@0.1",
                "parent_revision_id": null,
                "record_id": "67225f19-4d20-438d-ad58-d77a69f2b210",
                "revision_id": "b082733d-132e-5cd7-a07a-ab7f75b013b5",
                "semantic_dedup_id": "b082733d-132e-5cd7-a07a-ab7f75b013b5:owner:44b33099-dee8-2a8b-cc46-e34a555d6659",
                "source_record_ids": [
                  "c47e6ad6-73df-4991-9bdf-c2066308d590"
                ]
              },
              "record_hash": "0d82c376384439a290b1f2d3036c83127b1e661852f804084e5aa8e10d1b743f",
              "sequence": 10
            },
            {
              "entry_hash": "5204877f53469e79ce7c3f27e2cfbd35b7c053e155a76d69193c6970a5b6a9e4",
              "previous_hash": "c4c4c5a4e9985b0f4afa29e76dd29f24853bd71d994079f238cd483af3f1dc32",
              "record": {
                "authorization_scope_id": "118f0f8b-7ac0-5f0d-8a4c-855bc712391b",
                "input_watermark": 11,
                "kind": "promotion",
                "promotes_record_id": "67225f19-4d20-438d-ad58-d77a69f2b210",
                "reason": "owner-attributed hidden-event placement consolidated",
                "record_id": "a37a5d61-dc71-4f0f-8fc1-37b67d3f6f30",
                "risk_certificate": {
                  "belief_snapshot_id": "44836d6c-8f63-4f1d-9466-746b6c427a92",
                  "counterfactual_id": "9fd91fe0-7211-4b1f-a2d2-c7921f7748f1",
                  "exact_verifier_id": "owner-habit-consolidation@0.1",
                  "expected_task_loss": "0.0",
                  "hard_safety_violations": [],
                  "map_version": 5,
                  "maximum_allowed_risk": "1000000000.0",
                  "subject_delta_record_id": "67225f19-4d20-438d-ad58-d77a69f2b210",
                  "uncertainty_penalty": "0.0"
                }
              },
              "record_hash": "6c11440a9451f175bf3fba073485b4dc998f298a4f017f8badc222481546f41c",
              "sequence": 11
            },
            {
              "entry_hash": "341055271fcd7c54059f577168823f9db2761b82fcc1f212f05e65d9d26ce4e1",
              "previous_hash": "5204877f53469e79ce7c3f27e2cfbd35b7c053e155a76d69193c6970a5b6a9e4",
              "record": {
                "authorization_scope_id": "118f0f8b-7ac0-5f0d-8a4c-855bc712391b",
                "code_version": "prototype-spine",
                "content_hash": "6348a6a2d8222f41fb4e72195ba5914273e23799eac9e4a4a280a13a909af1b7",
                "delta_a": [
                  [
                    1.2649135561780425
                  ]
                ],
                "delta_alpha": "1.2649135561780425",
                "delta_b": [
                  1.6000063046029818
                ],
                "delta_information": [
                  [
                    0.0
                  ]
                ],
                "delta_information_vector": [
                  0.0
                ],
                "event_hypothesis_id": "74f8a349-761c-54be-b449-b69ccd5c8045",
                "evidence_cluster_id": "9c793c67-3dfd-43af-b1bb-ddd1f66c8517",
                "initial_state": "quarantined",
                "input_watermark": 12,
                "key": {
                  "actor_key": "owner",
                  "location_id": "44b33099-dee8-2a8b-cc46-e34a555d6659",
                  "object_instance_id": "d912a2b3-2f43-d7ec-6e94-3731240716ea",
                  "parameter_block": "owner_habit_location",
                  "regime_id": "owner-habit"
                },
                "kind": "delta",
                "model_version": "core-prototype-spine@0.1",
                "parent_revision_id": null,
                "record_id": "7221ffc3-1488-4210-9b34-dcdbb1ba1b35",
                "revision_id": "a4003fe4-412c-53c5-a42a-400006776c7e",
                "semantic_dedup_id": "a4003fe4-412c-53c5-a42a-400006776c7e:owner:44b33099-dee8-2a8b-cc46-e34a555d6659",
                "source_record_ids": [
                  "0d96b517-68b4-b012-ec66-2822919dedde"
                ]
              },
              "record_hash": "e9c78f6eab841765f07890a841e41fb16703cfa5f2b19579608c5efd3d282e9e",
              "sequence": 12
            },
            {
              "entry_hash": "2367510465dacaa5c996968a8e32cd17aa2bd2d48d17e8c6422b5adfa738a61a",
              "previous_hash": "341055271fcd7c54059f577168823f9db2761b82fcc1f212f05e65d9d26ce4e1",
              "record": {
                "authorization_scope_id": "118f0f8b-7ac0-5f0d-8a4c-855bc712391b",
                "input_watermark": 13,
                "kind": "promotion",
                "promotes_record_id": "7221ffc3-1488-4210-9b34-dcdbb1ba1b35",
                "reason": "owner-attributed hidden-event placement consolidated",
                "record_id": "f6cc4bc6-43a4-4728-afc7-0849ed5c2a6f",
                "risk_certificate": {
                  "belief_snapshot_id": "52445106-1902-407b-89b3-806e0c28a60d",
                  "counterfactual_id": "76513614-cefa-45fe-9bf9-46451280030d",
                  "exact_verifier_id": "owner-habit-consolidation@0.1",
                  "expected_task_loss": "0.0",
                  "hard_safety_violations": [],
                  "map_version": 6,
                  "maximum_allowed_risk": "1000000000.0",
                  "subject_delta_record_id": "7221ffc3-1488-4210-9b34-dcdbb1ba1b35",
                  "uncertainty_penalty": "0.0"
                }
              },
              "record_hash": "8e922bee8bea5538ff786a4ebbc766fad9491cd08a6f88b20e676a5869efe56e",
              "sequence": 13
            },
            {
              "entry_hash": "b087f1e6bf6582c68b824fa256fcf259f4dec8e8cea4414cae7f4f5c2f185f75",
              "previous_hash": "2367510465dacaa5c996968a8e32cd17aa2bd2d48d17e8c6422b5adfa738a61a",
              "record": {
                "authorization_scope_id": "118f0f8b-7ac0-5f0d-8a4c-855bc712391b",
                "code_version": "prototype-spine",
                "content_hash": "81a8b38ff7279a085858e6b33ca76dc1bc3629b26d93ac6775e1cfa2448a7d91",
                "delta_a": [
                  [
                    0.30611421922468285
                  ]
                ],
                "delta_alpha": "0.30611421922468285",
                "delta_b": [
                  0.09370591521153719
                ],
                "delta_information": [
                  [
                    0.0
                  ]
                ],
                "delta_information_vector": [
                  0.0
                ],
                "event_hypothesis_id": "85c9bd41-0a8b-544c-bd2c-34248b13d2d9",
                "evidence_cluster_id": "43eae75f-7109-4ffc-a00c-e37a741d52f7",
                "initial_state": "quarantined",
                "input_watermark": 14,
                "key": {
                  "actor_key": "owner",
                  "location_id": "a5a97d44-a72a-f6e7-3ef1-72fba6bb29d3",
                  "object_instance_id": "d912a2b3-2f43-d7ec-6e94-3731240716ea",
                  "parameter_block": "owner_habit_location",
                  "regime_id": "owner-habit"
                },
                "kind": "delta",
                "model_version": "core-prototype-spine@0.1",
                "parent_revision_id": null,
                "record_id": "eb499cc5-8ba4-4fc9-91ec-9612ea26d826",
                "revision_id": "43e27083-2cb5-5639-ad6d-7bce937d9703",
                "semantic_dedup_id": "43e27083-2cb5-5639-ad6d-7bce937d9703:owner:a5a97d44-a72a-f6e7-3ef1-72fba6bb29d3",
                "source_record_ids": [
                  "4c2650fa-cba6-3851-d74e-27ea68538231"
                ]
              },
              "record_hash": "faad938457598ae0d69237398406008409a56ade42443d2bdb11389a85dde3cd",
              "sequence": 14
            },
            {
              "entry_hash": "871ec3c7d11599588409e1d5dff98d1df0f784eaea6776483808b874ff320ddf",
              "previous_hash": "b087f1e6bf6582c68b824fa256fcf259f4dec8e8cea4414cae7f4f5c2f185f75",
              "record": {
                "authorization_scope_id": "118f0f8b-7ac0-5f0d-8a4c-855bc712391b",
                "input_watermark": 15,
                "kind": "promotion",
                "promotes_record_id": "eb499cc5-8ba4-4fc9-91ec-9612ea26d826",
                "reason": "owner-attributed hidden-event placement consolidated",
                "record_id": "56ab8c6d-ffc4-4893-8982-46ebc5623035",
                "risk_certificate": {
                  "belief_snapshot_id": "fa37537d-f8e7-4e0c-972b-2020e3a58ad7",
                  "counterfactual_id": "5ea2689f-457d-40d7-b203-a56f26656dac",
                  "exact_verifier_id": "owner-habit-consolidation@0.1",
                  "expected_task_loss": "0.0",
                  "hard_safety_violations": [],
                  "map_version": 7,
                  "maximum_allowed_risk": "1000000000.0",
                  "subject_delta_record_id": "eb499cc5-8ba4-4fc9-91ec-9612ea26d826",
                  "uncertainty_penalty": "0.0"
                }
              },
              "record_hash": "c53738bcfcf553f676df5d0d096467e33d3f5a665cc1f52e6044f346b0a18872",
              "sequence": 15
            },
            {
              "entry_hash": "ff5b539e11801824abd19b02b4a878f0f778fadbf705038c1100e8db0e5b373e",
              "previous_hash": "871ec3c7d11599588409e1d5dff98d1df0f784eaea6776483808b874ff320ddf",
              "record": {
                "authorization_scope_id": "118f0f8b-7ac0-5f0d-8a4c-855bc712391b",
                "code_version": "prototype-spine",
                "content_hash": "3ba64715ff00ac9c7d5a2957ca319a56dfbd5b3c048280ece599dd6b1745a32e",
                "delta_a": [
                  [
                    0.30611421922468285
                  ]
                ],
                "delta_alpha": "0.30611421922468285",
                "delta_b": [
                  0.09370591521153719
                ],
                "delta_information": [
                  [
                    0.0
                  ]
                ],
                "delta_information_vector": [
                  0.0
                ],
                "event_hypothesis_id": "553f7568-e888-5262-97c0-651ce03bb545",
                "evidence_cluster_id": "6b6b8d22-ee87-4ede-a3e5-f6ba3e6fc3dc",
                "initial_state": "quarantined",
                "input_watermark": 16,
                "key": {
                  "actor_key": "owner",
                  "location_id": "a5a97d44-a72a-f6e7-3ef1-72fba6bb29d3",
                  "object_instance_id": "d912a2b3-2f43-d7ec-6e94-3731240716ea",
                  "parameter_block": "owner_habit_location",
                  "regime_id": "owner-habit"
                },
                "kind": "delta",
                "model_version": "core-prototype-spine@0.1",
                "parent_revision_id": null,
                "record_id": "0bcd15cb-38d9-422b-8036-b7cfe0919e2d",
                "revision_id": "9c62dbbc-b649-5a39-bfe0-e68f2fb477fd",
                "semantic_dedup_id": "9c62dbbc-b649-5a39-bfe0-e68f2fb477fd:owner:a5a97d44-a72a-f6e7-3ef1-72fba6bb29d3",
                "source_record_ids": [
                  "d659d0e2-a237-8292-b7ae-a240ca5a15e3"
                ]
              },
              "record_hash": "b73f1f5fb0c61426dd6ab60a6feb60b30f24131963921c1cc022c28ed209b540",
              "sequence": 16
            },
            {
              "entry_hash": "4576ac3011f0b0970afaedc223423bc587b0a5ecac30d84276f3c21e43792919",
              "previous_hash": "ff5b539e11801824abd19b02b4a878f0f778fadbf705038c1100e8db0e5b373e",
              "record": {
                "authorization_scope_id": "118f0f8b-7ac0-5f0d-8a4c-855bc712391b",
                "input_watermark": 17,
                "kind": "promotion",
                "promotes_record_id": "0bcd15cb-38d9-422b-8036-b7cfe0919e2d",
                "reason": "owner-attributed hidden-event placement consolidated",
                "record_id": "6c0be405-33a7-4060-8c0c-d9378d601dbe",
                "risk_certificate": {
                  "belief_snapshot_id": "668dc9a7-46c2-410e-af7d-4be0f7b66d56",
                  "counterfactual_id": "9623ad8d-64e9-477a-bbf2-e72ccd6d6699",
                  "exact_verifier_id": "owner-habit-consolidation@0.1",
                  "expected_task_loss": "0.0",
                  "hard_safety_violations": [],
                  "map_version": 8,
                  "maximum_allowed_risk": "1000000000.0",
                  "subject_delta_record_id": "0bcd15cb-38d9-422b-8036-b7cfe0919e2d",
                  "uncertainty_penalty": "0.0"
                }
              },
              "record_hash": "be9e443a2a912bbc5dd4d9673987aec2aa0eee59c630763f9012a7a355d8b4ed",
              "sequence": 17
            },
            {
              "entry_hash": "5359ecb777ece6d6ad08cef90226ac94fef33a3547ba8eac2fada2e34e26ceac",
              "previous_hash": "4576ac3011f0b0970afaedc223423bc587b0a5ecac30d84276f3c21e43792919",
              "record": {
                "authorization_scope_id": "118f0f8b-7ac0-5f0d-8a4c-855bc712391b",
                "code_version": "prototype-spine",
                "content_hash": "d24050f345328bfe21b412043afd7c68c8942ae1481b636cbb7d48dd4683e2a9",
                "delta_a": [
                  [
                    0.30611421922468285
                  ]
                ],
                "delta_alpha": "0.30611421922468285",
                "delta_b": [
                  0.09370591521153719
                ],
                "delta_information": [
                  [
                    0.0
                  ]
                ],
                "delta_information_vector": [
                  0.0
                ],
                "event_hypothesis_id": "1481eaa4-e88e-5407-8d3a-aaff426c10f9",
                "evidence_cluster_id": "3d695a0c-7a16-44c8-b6b2-d1070e46160d",
                "initial_state": "quarantined",
                "input_watermark": 18,
                "key": {
                  "actor_key": "owner",
                  "location_id": "a5a97d44-a72a-f6e7-3ef1-72fba6bb29d3",
                  "object_instance_id": "d912a2b3-2f43-d7ec-6e94-3731240716ea",
                  "parameter_block": "owner_habit_location",
                  "regime_id": "owner-habit"
                },
                "kind": "delta",
                "model_version": "core-prototype-spine@0.1",
                "parent_revision_id": null,
                "record_id": "5c878bb1-9fc3-4f8e-a308-319ff6ea4f25",
                "revision_id": "1b64e1e0-00cd-587e-9f8d-8b459d6bba2a",
                "semantic_dedup_id": "1b64e1e0-00cd-587e-9f8d-8b459d6bba2a:owner:a5a97d44-a72a-f6e7-3ef1-72fba6bb29d3",
                "source_record_ids": [
                  "5550c401-4662-30d8-3ccd-2e0f7888557e"
                ]
              },
              "record_hash": "1482aad3715c5523ae1d55ff434b43b15b0d5a660b4cdd373870773d17f918d4",
              "sequence": 18
            },
            {
              "entry_hash": "726281895c3b5c928183a97d5b9d4da6517317eacb8eb58f5cf61fa8bd2d1675",
              "previous_hash": "5359ecb777ece6d6ad08cef90226ac94fef33a3547ba8eac2fada2e34e26ceac",
              "record": {
                "authorization_scope_id": "118f0f8b-7ac0-5f0d-8a4c-855bc712391b",
                "input_watermark": 19,
                "kind": "promotion",
                "promotes_record_id": "5c878bb1-9fc3-4f8e-a308-319ff6ea4f25",
                "reason": "owner-attributed hidden-event placement consolidated",
                "record_id": "5437f15b-d666-4578-900a-7b28ca0dd6d8",
                "risk_certificate": {
                  "belief_snapshot_id": "f3d6665a-441b-44c0-8fd8-2cabc485d190",
                  "counterfactual_id": "e7b1bc51-c5d4-4c7a-9426-61f867bc36d0",
                  "exact_verifier_id": "owner-habit-consolidation@0.1",
                  "expected_task_loss": "0.0",
                  "hard_safety_violations": [],
                  "map_version": 9,
                  "maximum_allowed_risk": "1000000000.0",
                  "subject_delta_record_id": "5c878bb1-9fc3-4f8e-a308-319ff6ea4f25",
                  "uncertainty_penalty": "0.0"
                }
              },
              "record_hash": "ec16efa913477bd6f48904c765a7de3a05fd64097878151f4bfb0717d00dd125",
              "sequence": 19
            },
            {
              "entry_hash": "3609f11d7402506e6d8b75aa8d2d0503347ed9016f13ff49279f6bb3c9ff0ceb",
              "previous_hash": "726281895c3b5c928183a97d5b9d4da6517317eacb8eb58f5cf61fa8bd2d1675",
              "record": {
                "authorization_scope_id": "118f0f8b-7ac0-5f0d-8a4c-855bc712391b",
                "code_version": "prototype-spine",
                "content_hash": "bd4582084b14911f8f2b635924d7c8e828fb25e4154093d06243b23711b639b6",
                "delta_a": [
                  [
                    0.30611421922468285
                  ]
                ],
                "delta_alpha": "0.30611421922468285",
                "delta_b": [
                  0.09370591521153719
                ],
                "delta_information": [
                  [
                    0.0
                  ]
                ],
                "delta_information_vector": [
                  0.0
                ],
                "event_hypothesis_id": "356daa53-bcd9-52a8-95bf-08973afe4ecf",
                "evidence_cluster_id": "003b5256-007a-4a8c-8e6b-87671a3e3bb8",
                "initial_state": "quarantined",
                "input_watermark": 20,
                "key": {
                  "actor_key": "owner",
                  "location_id": "a5a97d44-a72a-f6e7-3ef1-72fba6bb29d3",
                  "object_instance_id": "d912a2b3-2f43-d7ec-6e94-3731240716ea",
                  "parameter_block": "owner_habit_location",
                  "regime_id": "owner-habit"
                },
                "kind": "delta",
                "model_version": "core-prototype-spine@0.1",
                "parent_revision_id": null,
                "record_id": "3bbf8637-c251-4c7c-a2ce-36b08aea37fd",
                "revision_id": "466285fa-f136-5cb6-9569-925f27bc9d5c",
                "semantic_dedup_id": "466285fa-f136-5cb6-9569-925f27bc9d5c:owner:a5a97d44-a72a-f6e7-3ef1-72fba6bb29d3",
                "source_record_ids": [
                  "c76ad374-196e-7bc4-e3c0-f414f9920dd9"
                ]
              },
              "record_hash": "ebd75cd3db210d77a9b1869576c8644dd2039f70527e70912f5fd93512f403be",
              "sequence": 20
            },
            {
              "entry_hash": "cedfd112a8034ec7e36d0380d4365b4337811e44ad1f62152898f8bc410c0e7e",
              "previous_hash": "3609f11d7402506e6d8b75aa8d2d0503347ed9016f13ff49279f6bb3c9ff0ceb",
              "record": {
                "authorization_scope_id": "118f0f8b-7ac0-5f0d-8a4c-855bc712391b",
                "input_watermark": 21,
                "kind": "promotion",
                "promotes_record_id": "3bbf8637-c251-4c7c-a2ce-36b08aea37fd",
                "reason": "owner-attributed hidden-event placement consolidated",
                "record_id": "c2672551-5f0d-48de-a0e3-3958b70936f5",
                "risk_certificate": {
                  "belief_snapshot_id": "ea452cb3-e877-4385-bc0d-ee23bdcf30d7",
                  "counterfactual_id": "cf417178-3c59-428a-aada-c31fed8b720e",
                  "exact_verifier_id": "owner-habit-consolidation@0.1",
                  "expected_task_loss": "0.0",
                  "hard_safety_violations": [],
                  "map_version": 10,
                  "maximum_allowed_risk": "1000000000.0",
                  "subject_delta_record_id": "3bbf8637-c251-4c7c-a2ce-36b08aea37fd",
                  "uncertainty_penalty": "0.0"
                }
              },
              "record_hash": "7a9706f86ca1ceedc9ccd6abba758da543985527a2109622cd64ac06e77b9102",
              "sequence": 21
            },
            {
              "entry_hash": "ddb7de4fac66dd6a588315f852cd926995a94af3c10bf645e13207481d38ef19",
              "previous_hash": "cedfd112a8034ec7e36d0380d4365b4337811e44ad1f62152898f8bc410c0e7e",
              "record": {
                "authorization_scope_id": "118f0f8b-7ac0-5f0d-8a4c-855bc712391b",
                "code_version": "prototype-spine",
                "content_hash": "59893268ebb0e4db24c136dd1f29bbc54bcaec66ca97fb00752576b1fa75241d",
                "delta_a": [
                  [
                    0.2419364540014017
                  ]
                ],
                "delta_alpha": "0.2419364540014017",
                "delta_b": [
                  0.05853324777477236
                ],
                "delta_information": [
                  [
                    0.0
                  ]
                ],
                "delta_information_vector": [
                  0.0
                ],
                "event_hypothesis_id": "82be6e79-12db-50fd-8aa6-b4c9584b3938",
                "evidence_cluster_id": "85d4481d-a1d2-4021-9be0-bbea534e58b0",
                "initial_state": "quarantined",
                "input_watermark": 22,
                "key": {
                  "actor_key": "owner",
                  "location_id": "a5a97d44-a72a-f6e7-3ef1-72fba6bb29d3",
                  "object_instance_id": "d912a2b3-2f43-d7ec-6e94-3731240716ea",
                  "parameter_block": "owner_habit_location",
                  "regime_id": "owner-habit"
                },
                "kind": "delta",
                "model_version": "core-prototype-spine@0.1",
                "parent_revision_id": null,
                "record_id": "b06e2511-4048-4b28-96e3-43b8f494eb0e",
                "revision_id": "c626ec79-0689-50e0-a1fa-6b4c0515419f",
                "semantic_dedup_id": "c626ec79-0689-50e0-a1fa-6b4c0515419f:owner:a5a97d44-a72a-f6e7-3ef1-72fba6bb29d3",
                "source_record_ids": [
                  "5c92c381-7b0e-ff22-e69f-9bc0ae8b37b7"
                ]
              },
              "record_hash": "060af0ff50ca9769e75fe32b0373cdcb6256c11dcbad8900b11e56392733149b",
              "sequence": 22
            },
            {
              "entry_hash": "46855fb5a1a338242898a133e51455f96e7a6600be48181320c2814edf0d58be",
              "previous_hash": "ddb7de4fac66dd6a588315f852cd926995a94af3c10bf645e13207481d38ef19",
              "record": {
                "authorization_scope_id": "118f0f8b-7ac0-5f0d-8a4c-855bc712391b",
                "input_watermark": 23,
                "kind": "promotion",
                "promotes_record_id": "b06e2511-4048-4b28-96e3-43b8f494eb0e",
                "reason": "owner-attributed hidden-event placement consolidated",
                "record_id": "1e031fb9-f60c-41dc-947d-f824d8f9d1c8",
                "risk_certificate": {
                  "belief_snapshot_id": "3a0a2755-48c9-4b56-9fb4-728a4c412446",
                  "counterfactual_id": "22cb5d55-b2e1-41dc-9489-769c7cb270a8",
                  "exact_verifier_id": "owner-habit-consolidation@0.1",
                  "expected_task_loss": "0.0",
                  "hard_safety_violations": [],
                  "map_version": 11,
                  "maximum_allowed_risk": "1000000000.0",
                  "subject_delta_record_id": "b06e2511-4048-4b28-96e3-43b8f494eb0e",
                  "uncertainty_penalty": "0.0"
                }
              },
              "record_hash": "336b8395f82d041f8b01308ab30f8e05cbe716d170d31840af4e392d1e482fe3",
              "sequence": 23
            }
          ],
          "manifest": {
            "config_hash": "9a3720b7385e8d92a54f46a8c7d594bce71f63a8e27569569ec2d9e0f99f5dd2",
            "head_hash": "46855fb5a1a338242898a133e51455f96e7a6600be48181320c2814edf0d58be",
            "record_count": 24,
            "schema_version": "cpswm.hybrid_ledger_log@1"
          }
        },
        "committed_records": {
          "bd0de4c9-3c64-5ee5-8a05-d29daa4158ef": {
            "location": "44b33099-dee8-2a8b-cc46-e34a555d6659",
            "owner_mass": 0.8196639844033716
          },
          "03bee523-f705-54b7-8808-3b006513752e": {
            "location": "44b33099-dee8-2a8b-cc46-e34a555d6659",
            "owner_mass": 0.8196639844033716
          },
          "0f5685f8-b161-5532-9a33-32b4bed97e07": {
            "location": "44b33099-dee8-2a8b-cc46-e34a555d6659",
            "owner_mass": 0.8196639844033716
          },
          "44607dfc-f2f2-5ede-a2c2-d5eec27f0c96": {
            "location": "44b33099-dee8-2a8b-cc46-e34a555d6659",
            "owner_mass": 0.8196639844033716
          },
          "5c21bcfc-9b20-584a-8376-100096501881": {
            "location": "44b33099-dee8-2a8b-cc46-e34a555d6659",
            "owner_mass": 0.8196639844033716
          },
          "b082733d-132e-5cd7-a07a-ab7f75b013b5": {
            "location": "44b33099-dee8-2a8b-cc46-e34a555d6659",
            "owner_mass": 0.8196639844033716
          },
          "a4003fe4-412c-53c5-a42a-400006776c7e": {
            "location": "44b33099-dee8-2a8b-cc46-e34a555d6659",
            "owner_mass": 0.8196639844033716
          },
          "43e27083-2cb5-5639-ad6d-7bce937d9703": {
            "location": "a5a97d44-a72a-f6e7-3ef1-72fba6bb29d3",
            "owner_mass": 0.19836201405759452
          },
          "9c62dbbc-b649-5a39-bfe0-e68f2fb477fd": {
            "location": "a5a97d44-a72a-f6e7-3ef1-72fba6bb29d3",
            "owner_mass": 0.19836201405759452
          },
          "1b64e1e0-00cd-587e-9f8d-8b459d6bba2a": {
            "location": "a5a97d44-a72a-f6e7-3ef1-72fba6bb29d3",
            "owner_mass": 0.19836201405759452
          },
          "466285fa-f136-5cb6-9569-925f27bc9d5c": {
            "location": "a5a97d44-a72a-f6e7-3ef1-72fba6bb29d3",
            "owner_mass": 0.19836201405759452
          },
          "c626ec79-0689-50e0-a1fa-6b4c0515419f": {
            "location": "a5a97d44-a72a-f6e7-3ef1-72fba6bb29d3",
            "owner_mass": 0.15677482219290834
          }
        },
        "hybrid_alpha": {
          "44b33099-dee8-2a8b-cc46-e34a555d6659": 8.854394893246297,
          "23a2ff08-fd31-2108-19c8-56bbe1bdd947": 0.0,
          "a5a97d44-a72a-f6e7-3ef1-72fba6bb29d3": 1.4663933309001331,
          "b4634a80-b40c-5fe8-e981-d10b5cfd9d0d": 0.0
        },
        "action": {
          "44b33099-dee8-2a8b-cc46-e34a555d6659": 0.8579184749213853,
          "23a2ff08-fd31-2108-19c8-56bbe1bdd947": 0.0,
          "a5a97d44-a72a-f6e7-3ef1-72fba6bb29d3": 0.1420815250786148,
          "b4634a80-b40c-5fe8-e981-d10b5cfd9d0d": 0.0
        },
        "committed": [
          "03bee523-f705-54b7-8808-3b006513752e",
          "0f5685f8-b161-5532-9a33-32b4bed97e07",
          "1b64e1e0-00cd-587e-9f8d-8b459d6bba2a",
          "43e27083-2cb5-5639-ad6d-7bce937d9703",
          "44607dfc-f2f2-5ede-a2c2-d5eec27f0c96",
          "466285fa-f136-5cb6-9569-925f27bc9d5c",
          "5c21bcfc-9b20-584a-8376-100096501881",
          "9c62dbbc-b649-5a39-bfe0-e68f2fb477fd",
          "a4003fe4-412c-53c5-a42a-400006776c7e",
          "b082733d-132e-5cd7-a07a-ab7f75b013b5",
          "bd0de4c9-3c64-5ee5-8a05-d29daa4158ef",
          "c626ec79-0689-50e0-a1fa-6b4c0515419f"
        ],
        "identities": [
          4441013328,
          4439603344,
          4444416224,
          4445792848
        ]
      },
      "after": {
        "observable": "78e27eeedbbcdaed0b82636ebae690beae1a25e004ab451683cf0d0734de2a9e",
        "ledger": "e599af3446c46704adf0a8de18cdb5a72ed5c63fb88d8d260f06972153bf3d9c",
        "ledger_records": {
          "config": {
            "alpha_prior": 0.0,
            "feature_dim": 1,
            "information_ridge": 1e-06,
            "max_condition_number": 1000000000000.0,
            "ridge": 1e-06
          },
          "entries": [
            {
              "entry_hash": "4eedf08624994f8686d2be0935392e6c54c749b14bff0d18156e231b3ce3b497",
              "previous_hash": "0000000000000000000000000000000000000000000000000000000000000000",
              "record": {
                "authorization_scope_id": "118f0f8b-7ac0-5f0d-8a4c-855bc712391b",
                "code_version": "prototype-spine",
                "content_hash": "90bde10b6d7a43570f836c2f4d89fc05fb626b727c5b565e68a01e9f3097873b",
                "delta_a": [
                  [
                    1.2649135561780425
                  ]
                ],
                "delta_alpha": "1.2649135561780425",
                "delta_b": [
                  1.6000063046029818
                ],
                "delta_information": [
                  [
                    0.0
                  ]
                ],
                "delta_information_vector": [
                  0.0
                ],
                "event_hypothesis_id": "c4e50041-5dd2-5fac-a3a6-91a9f5d3479c",
                "evidence_cluster_id": "3a58b775-9e94-4af6-a20d-855266de13d5",
                "initial_state": "quarantined",
                "input_watermark": 0,
                "key": {
                  "actor_key": "owner",
                  "location_id": "44b33099-dee8-2a8b-cc46-e34a555d6659",
                  "object_instance_id": "d912a2b3-2f43-d7ec-6e94-3731240716ea",
                  "parameter_block": "owner_habit_location",
                  "regime_id": "owner-habit"
                },
                "kind": "delta",
                "model_version": "core-prototype-spine@0.1",
                "parent_revision_id": null,
                "record_id": "e594a766-a93d-41f7-a375-dbd3715461e2",
                "revision_id": "bd0de4c9-3c64-5ee5-8a05-d29daa4158ef",
                "semantic_dedup_id": "bd0de4c9-3c64-5ee5-8a05-d29daa4158ef:owner:44b33099-dee8-2a8b-cc46-e34a555d6659",
                "source_record_ids": [
                  "df76db36-909a-68bd-e716-7f98c547e510"
                ]
              },
              "record_hash": "e32a9ea902011fecf538edbe3250ae840a00ad8237c233aab3b921e687b42c17",
              "sequence": 0
            },
            {
              "entry_hash": "0301e26beb0dcdf7752c9b8fa1a884c48b276f4548cc02a7a1a513de85e9d361",
              "previous_hash": "4eedf08624994f8686d2be0935392e6c54c749b14bff0d18156e231b3ce3b497",
              "record": {
                "authorization_scope_id": "118f0f8b-7ac0-5f0d-8a4c-855bc712391b",
                "input_watermark": 1,
                "kind": "promotion",
                "promotes_record_id": "e594a766-a93d-41f7-a375-dbd3715461e2",
                "reason": "owner-attributed hidden-event placement consolidated",
                "record_id": "bcfedad2-b6d3-45ae-ad35-e66a8b9da04a",
                "risk_certificate": {
                  "belief_snapshot_id": "b5be37f8-420e-409d-ab18-04b6cf531a3e",
                  "counterfactual_id": "cb1038ad-2f73-44d6-b55d-3c9d5c65b981",
                  "exact_verifier_id": "owner-habit-consolidation@0.1",
                  "expected_task_loss": "0.0",
                  "hard_safety_violations": [],
                  "map_version": 0,
                  "maximum_allowed_risk": "1000000000.0",
                  "subject_delta_record_id": "e594a766-a93d-41f7-a375-dbd3715461e2",
                  "uncertainty_penalty": "0.0"
                }
              },
              "record_hash": "8fc197b8a15a74419b7a8c3eca1bdf228ba2557f012c0b699433ead6a0533441",
              "sequence": 1
            },
            {
              "entry_hash": "07ded875b41f82b816e6bb2932570a728f519ff28981e7ae8d4d7a9b8327b4d7",
              "previous_hash": "0301e26beb0dcdf7752c9b8fa1a884c48b276f4548cc02a7a1a513de85e9d361",
              "record": {
                "authorization_scope_id": "118f0f8b-7ac0-5f0d-8a4c-855bc712391b",
                "code_version": "prototype-spine",
                "content_hash": "fa409a81e924c129d296174d2999f9f6b99eaacb8255f9a2530ca06f1aa4339e",
                "delta_a": [
                  [
                    1.2649135561780425
                  ]
                ],
                "delta_alpha": "1.2649135561780425",
                "delta_b": [
                  1.6000063046029818
                ],
                "delta_information": [
                  [
                    0.0
                  ]
                ],
                "delta_information_vector": [
                  0.0
                ],
                "event_hypothesis_id": "5f026914-a7b6-50e2-9cd3-ad28e754b588",
                "evidence_cluster_id": "8446fa22-f4d8-4bf1-b623-64ac951fed20",
                "initial_state": "quarantined",
                "input_watermark": 2,
                "key": {
                  "actor_key": "owner",
                  "location_id": "44b33099-dee8-2a8b-cc46-e34a555d6659",
                  "object_instance_id": "d912a2b3-2f43-d7ec-6e94-3731240716ea",
                  "parameter_block": "owner_habit_location",
                  "regime_id": "owner-habit"
                },
                "kind": "delta",
                "model_version": "core-prototype-spine@0.1",
                "parent_revision_id": null,
                "record_id": "4eed197a-4b48-4612-821b-335da7391658",
                "revision_id": "03bee523-f705-54b7-8808-3b006513752e",
                "semantic_dedup_id": "03bee523-f705-54b7-8808-3b006513752e:owner:44b33099-dee8-2a8b-cc46-e34a555d6659",
                "source_record_ids": [
                  "765e9091-ab88-6d74-e5ca-11086fb28b20"
                ]
              },
              "record_hash": "7800d4ae7680cf0d3be072a6837c83d245623f96deadb22c01debc560a07fe7c",
              "sequence": 2
            },
            {
              "entry_hash": "c28e5e395d1a6c50cd003e42c5ee3702c1c8096c262d1375449c0886b89ee90d",
              "previous_hash": "07ded875b41f82b816e6bb2932570a728f519ff28981e7ae8d4d7a9b8327b4d7",
              "record": {
                "authorization_scope_id": "118f0f8b-7ac0-5f0d-8a4c-855bc712391b",
                "input_watermark": 3,
                "kind": "promotion",
                "promotes_record_id": "4eed197a-4b48-4612-821b-335da7391658",
                "reason": "owner-attributed hidden-event placement consolidated",
                "record_id": "89b1d846-3ed9-4536-8cc7-56484058c78d",
                "risk_certificate": {
                  "belief_snapshot_id": "f036e091-5a22-4629-9bcb-18f55a114ef8",
                  "counterfactual_id": "7c6304b0-fccb-4cde-96de-9716c6f0aadf",
                  "exact_verifier_id": "owner-habit-consolidation@0.1",
                  "expected_task_loss": "0.0",
                  "hard_safety_violations": [],
                  "map_version": 1,
                  "maximum_allowed_risk": "1000000000.0",
                  "subject_delta_record_id": "4eed197a-4b48-4612-821b-335da7391658",
                  "uncertainty_penalty": "0.0"
                }
              },
              "record_hash": "eac8966d92583bb6d60ee6043417c131e95eda6c87ce385190c3200b5c34ce8a",
              "sequence": 3
            },
            {
              "entry_hash": "5809fae39df6d4c5a651073bd5332979ec2d5c27059638846df3affc09d87b59",
              "previous_hash": "c28e5e395d1a6c50cd003e42c5ee3702c1c8096c262d1375449c0886b89ee90d",
              "record": {
                "authorization_scope_id": "118f0f8b-7ac0-5f0d-8a4c-855bc712391b",
                "code_version": "prototype-spine",
                "content_hash": "dace44d48c70fcc21e725e118e70b605e0522c90fdd7fe56b57138184c6489cb",
                "delta_a": [
                  [
                    1.2649135561780425
                  ]
                ],
                "delta_alpha": "1.2649135561780425",
                "delta_b": [
                  1.6000063046029818
                ],
                "delta_information": [
                  [
                    0.0
                  ]
                ],
                "delta_information_vector": [
                  0.0
                ],
                "event_hypothesis_id": "910d541b-aa72-5f2f-89a0-8b0a2b5724fe",
                "evidence_cluster_id": "5e2fb372-8dc5-4db0-8e46-855c52fdd125",
                "initial_state": "quarantined",
                "input_watermark": 4,
                "key": {
                  "actor_key": "owner",
                  "location_id": "44b33099-dee8-2a8b-cc46-e34a555d6659",
                  "object_instance_id": "d912a2b3-2f43-d7ec-6e94-3731240716ea",
                  "parameter_block": "owner_habit_location",
                  "regime_id": "owner-habit"
                },
                "kind": "delta",
                "model_version": "core-prototype-spine@0.1",
                "parent_revision_id": null,
                "record_id": "3ddbed10-fee5-42d3-926e-a0b8a1963e20",
                "revision_id": "0f5685f8-b161-5532-9a33-32b4bed97e07",
                "semantic_dedup_id": "0f5685f8-b161-5532-9a33-32b4bed97e07:owner:44b33099-dee8-2a8b-cc46-e34a555d6659",
                "source_record_ids": [
                  "a528ebc2-14db-748e-9def-d643a9c43f70"
                ]
              },
              "record_hash": "07051a2979bf6bd9a3a252c0179c79f556b31bf3d154bd34233e9e6c8ab2e927",
              "sequence": 4
            },
            {
              "entry_hash": "028dafcfd889aca0404fe4cb2e5031cdeaa2a76493b607383dbdd3765e82d3ec",
              "previous_hash": "5809fae39df6d4c5a651073bd5332979ec2d5c27059638846df3affc09d87b59",
              "record": {
                "authorization_scope_id": "118f0f8b-7ac0-5f0d-8a4c-855bc712391b",
                "input_watermark": 5,
                "kind": "promotion",
                "promotes_record_id": "3ddbed10-fee5-42d3-926e-a0b8a1963e20",
                "reason": "owner-attributed hidden-event placement consolidated",
                "record_id": "66e216f4-8c33-4298-99b0-5fbf43d5530f",
                "risk_certificate": {
                  "belief_snapshot_id": "ba24b030-6809-422f-86ca-da064b6e5d6a",
                  "counterfactual_id": "c3ca385f-673f-4a0b-8eae-68a1565058d8",
                  "exact_verifier_id": "owner-habit-consolidation@0.1",
                  "expected_task_loss": "0.0",
                  "hard_safety_violations": [],
                  "map_version": 2,
                  "maximum_allowed_risk": "1000000000.0",
                  "subject_delta_record_id": "3ddbed10-fee5-42d3-926e-a0b8a1963e20",
                  "uncertainty_penalty": "0.0"
                }
              },
              "record_hash": "6fd2179be0c65b3bd0f245dee262bb5aebd326d6f7b18c53c03aa1021be57b68",
              "sequence": 5
            },
            {
              "entry_hash": "039ea5b8bdf5143950af0310397ace5dc3dc27e9ee3df529f5e527809b5083cd",
              "previous_hash": "028dafcfd889aca0404fe4cb2e5031cdeaa2a76493b607383dbdd3765e82d3ec",
              "record": {
                "authorization_scope_id": "118f0f8b-7ac0-5f0d-8a4c-855bc712391b",
                "code_version": "prototype-spine",
                "content_hash": "d6bd256ad97a40c2701d917fb5432be868c9921a9c5d24746461453e86048ce9",
                "delta_a": [
                  [
                    1.2649135561780425
                  ]
                ],
                "delta_alpha": "1.2649135561780425",
                "delta_b": [
                  1.6000063046029818
                ],
                "delta_information": [
                  [
                    0.0
                  ]
                ],
                "delta_information_vector": [
                  0.0
                ],
                "event_hypothesis_id": "5e82175b-f840-54ef-ae09-3905b6719d04",
                "evidence_cluster_id": "fcc91997-c593-4047-8957-8fb54a967c23",
                "initial_state": "quarantined",
                "input_watermark": 6,
                "key": {
                  "actor_key": "owner",
                  "location_id": "44b33099-dee8-2a8b-cc46-e34a555d6659",
                  "object_instance_id": "d912a2b3-2f43-d7ec-6e94-3731240716ea",
                  "parameter_block": "owner_habit_location",
                  "regime_id": "owner-habit"
                },
                "kind": "delta",
                "model_version": "core-prototype-spine@0.1",
                "parent_revision_id": null,
                "record_id": "ab66620e-ac4f-4b62-9daf-5f0f87482585",
                "revision_id": "44607dfc-f2f2-5ede-a2c2-d5eec27f0c96",
                "semantic_dedup_id": "44607dfc-f2f2-5ede-a2c2-d5eec27f0c96:owner:44b33099-dee8-2a8b-cc46-e34a555d6659",
                "source_record_ids": [
                  "0582a586-6dba-dbc9-50e5-eb9761db3141"
                ]
              },
              "record_hash": "47e6d2afeefa37ce6db5f7bd890f871f1c4912e67055a07935b03f12b6368895",
              "sequence": 6
            },
            {
              "entry_hash": "6602d10c31c045eb3af1ff2b88379d19a4e416eb6c88a7c12144d2c21deed9ba",
              "previous_hash": "039ea5b8bdf5143950af0310397ace5dc3dc27e9ee3df529f5e527809b5083cd",
              "record": {
                "authorization_scope_id": "118f0f8b-7ac0-5f0d-8a4c-855bc712391b",
                "input_watermark": 7,
                "kind": "promotion",
                "promotes_record_id": "ab66620e-ac4f-4b62-9daf-5f0f87482585",
                "reason": "owner-attributed hidden-event placement consolidated",
                "record_id": "248f67f3-d854-45ab-83a5-96f9d15a9578",
                "risk_certificate": {
                  "belief_snapshot_id": "8ebd7f44-4e3e-463a-a13c-fecb5bb6e08f",
                  "counterfactual_id": "5ba4f4da-a63d-414d-b92c-b8fe6195d362",
                  "exact_verifier_id": "owner-habit-consolidation@0.1",
                  "expected_task_loss": "0.0",
                  "hard_safety_violations": [],
                  "map_version": 3,
                  "maximum_allowed_risk": "1000000000.0",
                  "subject_delta_record_id": "ab66620e-ac4f-4b62-9daf-5f0f87482585",
                  "uncertainty_penalty": "0.0"
                }
              },
              "record_hash": "4e4be7748165db1b9b8e857863accee96d3b86c10783907402a29e07a05dcddc",
              "sequence": 7
            },
            {
              "entry_hash": "e545eef5772ddd6cd8d2c0c725d05e17b7353ad899945f159b9ae7964a98e995",
              "previous_hash": "6602d10c31c045eb3af1ff2b88379d19a4e416eb6c88a7c12144d2c21deed9ba",
              "record": {
                "authorization_scope_id": "118f0f8b-7ac0-5f0d-8a4c-855bc712391b",
                "code_version": "prototype-spine",
                "content_hash": "0cc2751392de6da3e816bb19f0ee5c478c9e8d2219c4372d42a263b399970444",
                "delta_a": [
                  [
                    1.2649135561780425
                  ]
                ],
                "delta_alpha": "1.2649135561780425",
                "delta_b": [
                  1.6000063046029818
                ],
                "delta_information": [
                  [
                    0.0
                  ]
                ],
                "delta_information_vector": [
                  0.0
                ],
                "event_hypothesis_id": "19962f1c-7ed3-5ebc-82b3-f1e5acfa7f65",
                "evidence_cluster_id": "87da2b9f-ae7d-4eeb-a5be-aa8171d2731b",
                "initial_state": "quarantined",
                "input_watermark": 8,
                "key": {
                  "actor_key": "owner",
                  "location_id": "44b33099-dee8-2a8b-cc46-e34a555d6659",
                  "object_instance_id": "d912a2b3-2f43-d7ec-6e94-3731240716ea",
                  "parameter_block": "owner_habit_location",
                  "regime_id": "owner-habit"
                },
                "kind": "delta",
                "model_version": "core-prototype-spine@0.1",
                "parent_revision_id": null,
                "record_id": "730d2092-76a3-40a9-ad96-7662f88c9a1d",
                "revision_id": "5c21bcfc-9b20-584a-8376-100096501881",
                "semantic_dedup_id": "5c21bcfc-9b20-584a-8376-100096501881:owner:44b33099-dee8-2a8b-cc46-e34a555d6659",
                "source_record_ids": [
                  "9755d3b1-ba08-bd94-8880-fda43571cb79"
                ]
              },
              "record_hash": "6579cb7f6a131afb5795f04542a6003feb4adb0f1b446f31a626135260f9345d",
              "sequence": 8
            },
            {
              "entry_hash": "cf6087e431fb82f05946e19767c4115654c2117b052b2bd44942be58136a2fd3",
              "previous_hash": "e545eef5772ddd6cd8d2c0c725d05e17b7353ad899945f159b9ae7964a98e995",
              "record": {
                "authorization_scope_id": "118f0f8b-7ac0-5f0d-8a4c-855bc712391b",
                "input_watermark": 9,
                "kind": "promotion",
                "promotes_record_id": "730d2092-76a3-40a9-ad96-7662f88c9a1d",
                "reason": "owner-attributed hidden-event placement consolidated",
                "record_id": "af418122-f033-4155-9744-408e83a0fbac",
                "risk_certificate": {
                  "belief_snapshot_id": "ec1b67ff-1b72-4606-9997-2ee2b9435df2",
                  "counterfactual_id": "7001d31c-c5a7-49cf-ad8d-2600dfd2ffcf",
                  "exact_verifier_id": "owner-habit-consolidation@0.1",
                  "expected_task_loss": "0.0",
                  "hard_safety_violations": [],
                  "map_version": 4,
                  "maximum_allowed_risk": "1000000000.0",
                  "subject_delta_record_id": "730d2092-76a3-40a9-ad96-7662f88c9a1d",
                  "uncertainty_penalty": "0.0"
                }
              },
              "record_hash": "87d54df0551c18417e705b1d2c862184b8ffaad81b310a11f28d9e5b0c35eaf2",
              "sequence": 9
            },
            {
              "entry_hash": "c4c4c5a4e9985b0f4afa29e76dd29f24853bd71d994079f238cd483af3f1dc32",
              "previous_hash": "cf6087e431fb82f05946e19767c4115654c2117b052b2bd44942be58136a2fd3",
              "record": {
                "authorization_scope_id": "118f0f8b-7ac0-5f0d-8a4c-855bc712391b",
                "code_version": "prototype-spine",
                "content_hash": "b60851091e8950209854ddfc97a9736a80e2cfa4b064ad61e9a16c12bc5093ff",
                "delta_a": [
                  [
                    1.2649135561780425
                  ]
                ],
                "delta_alpha": "1.2649135561780425",
                "delta_b": [
                  1.6000063046029818
                ],
                "delta_information": [
                  [
                    0.0
                  ]
                ],
                "delta_information_vector": [
                  0.0
                ],
                "event_hypothesis_id": "6a21c28e-703c-52fa-9ed6-e284132bfee4",
                "evidence_cluster_id": "15dad228-b6bd-43fc-9ad0-c22a916bcc19",
                "initial_state": "quarantined",
                "input_watermark": 10,
                "key": {
                  "actor_key": "owner",
                  "location_id": "44b33099-dee8-2a8b-cc46-e34a555d6659",
                  "object_instance_id": "d912a2b3-2f43-d7ec-6e94-3731240716ea",
                  "parameter_block": "owner_habit_location",
                  "regime_id": "owner-habit"
                },
                "kind": "delta",
                "model_version": "core-prototype-spine@0.1",
                "parent_revision_id": null,
                "record_id": "67225f19-4d20-438d-ad58-d77a69f2b210",
                "revision_id": "b082733d-132e-5cd7-a07a-ab7f75b013b5",
                "semantic_dedup_id": "b082733d-132e-5cd7-a07a-ab7f75b013b5:owner:44b33099-dee8-2a8b-cc46-e34a555d6659",
                "source_record_ids": [
                  "c47e6ad6-73df-4991-9bdf-c2066308d590"
                ]
              },
              "record_hash": "0d82c376384439a290b1f2d3036c83127b1e661852f804084e5aa8e10d1b743f",
              "sequence": 10
            },
            {
              "entry_hash": "5204877f53469e79ce7c3f27e2cfbd35b7c053e155a76d69193c6970a5b6a9e4",
              "previous_hash": "c4c4c5a4e9985b0f4afa29e76dd29f24853bd71d994079f238cd483af3f1dc32",
              "record": {
                "authorization_scope_id": "118f0f8b-7ac0-5f0d-8a4c-855bc712391b",
                "input_watermark": 11,
                "kind": "promotion",
                "promotes_record_id": "67225f19-4d20-438d-ad58-d77a69f2b210",
                "reason": "owner-attributed hidden-event placement consolidated",
                "record_id": "a37a5d61-dc71-4f0f-8fc1-37b67d3f6f30",
                "risk_certificate": {
                  "belief_snapshot_id": "44836d6c-8f63-4f1d-9466-746b6c427a92",
                  "counterfactual_id": "9fd91fe0-7211-4b1f-a2d2-c7921f7748f1",
                  "exact_verifier_id": "owner-habit-consolidation@0.1",
                  "expected_task_loss": "0.0",
                  "hard_safety_violations": [],
                  "map_version": 5,
                  "maximum_allowed_risk": "1000000000.0",
                  "subject_delta_record_id": "67225f19-4d20-438d-ad58-d77a69f2b210",
                  "uncertainty_penalty": "0.0"
                }
              },
              "record_hash": "6c11440a9451f175bf3fba073485b4dc998f298a4f017f8badc222481546f41c",
              "sequence": 11
            },
            {
              "entry_hash": "341055271fcd7c54059f577168823f9db2761b82fcc1f212f05e65d9d26ce4e1",
              "previous_hash": "5204877f53469e79ce7c3f27e2cfbd35b7c053e155a76d69193c6970a5b6a9e4",
              "record": {
                "authorization_scope_id": "118f0f8b-7ac0-5f0d-8a4c-855bc712391b",
                "code_version": "prototype-spine",
                "content_hash": "6348a6a2d8222f41fb4e72195ba5914273e23799eac9e4a4a280a13a909af1b7",
                "delta_a": [
                  [
                    1.2649135561780425
                  ]
                ],
                "delta_alpha": "1.2649135561780425",
                "delta_b": [
                  1.6000063046029818
                ],
                "delta_information": [
                  [
                    0.0
                  ]
                ],
                "delta_information_vector": [
                  0.0
                ],
                "event_hypothesis_id": "74f8a349-761c-54be-b449-b69ccd5c8045",
                "evidence_cluster_id": "9c793c67-3dfd-43af-b1bb-ddd1f66c8517",
                "initial_state": "quarantined",
                "input_watermark": 12,
                "key": {
                  "actor_key": "owner",
                  "location_id": "44b33099-dee8-2a8b-cc46-e34a555d6659",
                  "object_instance_id": "d912a2b3-2f43-d7ec-6e94-3731240716ea",
                  "parameter_block": "owner_habit_location",
                  "regime_id": "owner-habit"
                },
                "kind": "delta",
                "model_version": "core-prototype-spine@0.1",
                "parent_revision_id": null,
                "record_id": "7221ffc3-1488-4210-9b34-dcdbb1ba1b35",
                "revision_id": "a4003fe4-412c-53c5-a42a-400006776c7e",
                "semantic_dedup_id": "a4003fe4-412c-53c5-a42a-400006776c7e:owner:44b33099-dee8-2a8b-cc46-e34a555d6659",
                "source_record_ids": [
                  "0d96b517-68b4-b012-ec66-2822919dedde"
                ]
              },
              "record_hash": "e9c78f6eab841765f07890a841e41fb16703cfa5f2b19579608c5efd3d282e9e",
              "sequence": 12
            },
            {
              "entry_hash": "2367510465dacaa5c996968a8e32cd17aa2bd2d48d17e8c6422b5adfa738a61a",
              "previous_hash": "341055271fcd7c54059f577168823f9db2761b82fcc1f212f05e65d9d26ce4e1",
              "record": {
                "authorization_scope_id": "118f0f8b-7ac0-5f0d-8a4c-855bc712391b",
                "input_watermark": 13,
                "kind": "promotion",
                "promotes_record_id": "7221ffc3-1488-4210-9b34-dcdbb1ba1b35",
                "reason": "owner-attributed hidden-event placement consolidated",
                "record_id": "f6cc4bc6-43a4-4728-afc7-0849ed5c2a6f",
                "risk_certificate": {
                  "belief_snapshot_id": "52445106-1902-407b-89b3-806e0c28a60d",
                  "counterfactual_id": "76513614-cefa-45fe-9bf9-46451280030d",
                  "exact_verifier_id": "owner-habit-consolidation@0.1",
                  "expected_task_loss": "0.0",
                  "hard_safety_violations": [],
                  "map_version": 6,
                  "maximum_allowed_risk": "1000000000.0",
                  "subject_delta_record_id": "7221ffc3-1488-4210-9b34-dcdbb1ba1b35",
                  "uncertainty_penalty": "0.0"
                }
              },
              "record_hash": "8e922bee8bea5538ff786a4ebbc766fad9491cd08a6f88b20e676a5869efe56e",
              "sequence": 13
            },
            {
              "entry_hash": "b087f1e6bf6582c68b824fa256fcf259f4dec8e8cea4414cae7f4f5c2f185f75",
              "previous_hash": "2367510465dacaa5c996968a8e32cd17aa2bd2d48d17e8c6422b5adfa738a61a",
              "record": {
                "authorization_scope_id": "118f0f8b-7ac0-5f0d-8a4c-855bc712391b",
                "code_version": "prototype-spine",
                "content_hash": "81a8b38ff7279a085858e6b33ca76dc1bc3629b26d93ac6775e1cfa2448a7d91",
                "delta_a": [
                  [
                    0.30611421922468285
                  ]
                ],
                "delta_alpha": "0.30611421922468285",
                "delta_b": [
                  0.09370591521153719
                ],
                "delta_information": [
                  [
                    0.0
                  ]
                ],
                "delta_information_vector": [
                  0.0
                ],
                "event_hypothesis_id": "85c9bd41-0a8b-544c-bd2c-34248b13d2d9",
                "evidence_cluster_id": "43eae75f-7109-4ffc-a00c-e37a741d52f7",
                "initial_state": "quarantined",
                "input_watermark": 14,
                "key": {
                  "actor_key": "owner",
                  "location_id": "a5a97d44-a72a-f6e7-3ef1-72fba6bb29d3",
                  "object_instance_id": "d912a2b3-2f43-d7ec-6e94-3731240716ea",
                  "parameter_block": "owner_habit_location",
                  "regime_id": "owner-habit"
                },
                "kind": "delta",
                "model_version": "core-prototype-spine@0.1",
                "parent_revision_id": null,
                "record_id": "eb499cc5-8ba4-4fc9-91ec-9612ea26d826",
                "revision_id": "43e27083-2cb5-5639-ad6d-7bce937d9703",
                "semantic_dedup_id": "43e27083-2cb5-5639-ad6d-7bce937d9703:owner:a5a97d44-a72a-f6e7-3ef1-72fba6bb29d3",
                "source_record_ids": [
                  "4c2650fa-cba6-3851-d74e-27ea68538231"
                ]
              },
              "record_hash": "faad938457598ae0d69237398406008409a56ade42443d2bdb11389a85dde3cd",
              "sequence": 14
            },
            {
              "entry_hash": "871ec3c7d11599588409e1d5dff98d1df0f784eaea6776483808b874ff320ddf",
              "previous_hash": "b087f1e6bf6582c68b824fa256fcf259f4dec8e8cea4414cae7f4f5c2f185f75",
              "record": {
                "authorization_scope_id": "118f0f8b-7ac0-5f0d-8a4c-855bc712391b",
                "input_watermark": 15,
                "kind": "promotion",
                "promotes_record_id": "eb499cc5-8ba4-4fc9-91ec-9612ea26d826",
                "reason": "owner-attributed hidden-event placement consolidated",
                "record_id": "56ab8c6d-ffc4-4893-8982-46ebc5623035",
                "risk_certificate": {
                  "belief_snapshot_id": "fa37537d-f8e7-4e0c-972b-2020e3a58ad7",
                  "counterfactual_id": "5ea2689f-457d-40d7-b203-a56f26656dac",
                  "exact_verifier_id": "owner-habit-consolidation@0.1",
                  "expected_task_loss": "0.0",
                  "hard_safety_violations": [],
                  "map_version": 7,
                  "maximum_allowed_risk": "1000000000.0",
                  "subject_delta_record_id": "eb499cc5-8ba4-4fc9-91ec-9612ea26d826",
                  "uncertainty_penalty": "0.0"
                }
              },
              "record_hash": "c53738bcfcf553f676df5d0d096467e33d3f5a665cc1f52e6044f346b0a18872",
              "sequence": 15
            },
            {
              "entry_hash": "ff5b539e11801824abd19b02b4a878f0f778fadbf705038c1100e8db0e5b373e",
              "previous_hash": "871ec3c7d11599588409e1d5dff98d1df0f784eaea6776483808b874ff320ddf",
              "record": {
                "authorization_scope_id": "118f0f8b-7ac0-5f0d-8a4c-855bc712391b",
                "code_version": "prototype-spine",
                "content_hash": "3ba64715ff00ac9c7d5a2957ca319a56dfbd5b3c048280ece599dd6b1745a32e",
                "delta_a": [
                  [
                    0.30611421922468285
                  ]
                ],
                "delta_alpha": "0.30611421922468285",
                "delta_b": [
                  0.09370591521153719
                ],
                "delta_information": [
                  [
                    0.0
                  ]
                ],
                "delta_information_vector": [
                  0.0
                ],
                "event_hypothesis_id": "553f7568-e888-5262-97c0-651ce03bb545",
                "evidence_cluster_id": "6b6b8d22-ee87-4ede-a3e5-f6ba3e6fc3dc",
                "initial_state": "quarantined",
                "input_watermark": 16,
                "key": {
                  "actor_key": "owner",
                  "location_id": "a5a97d44-a72a-f6e7-3ef1-72fba6bb29d3",
                  "object_instance_id": "d912a2b3-2f43-d7ec-6e94-3731240716ea",
                  "parameter_block": "owner_habit_location",
                  "regime_id": "owner-habit"
                },
                "kind": "delta",
                "model_version": "core-prototype-spine@0.1",
                "parent_revision_id": null,
                "record_id": "0bcd15cb-38d9-422b-8036-b7cfe0919e2d",
                "revision_id": "9c62dbbc-b649-5a39-bfe0-e68f2fb477fd",
                "semantic_dedup_id": "9c62dbbc-b649-5a39-bfe0-e68f2fb477fd:owner:a5a97d44-a72a-f6e7-3ef1-72fba6bb29d3",
                "source_record_ids": [
                  "d659d0e2-a237-8292-b7ae-a240ca5a15e3"
                ]
              },
              "record_hash": "b73f1f5fb0c61426dd6ab60a6feb60b30f24131963921c1cc022c28ed209b540",
              "sequence": 16
            },
            {
              "entry_hash": "4576ac3011f0b0970afaedc223423bc587b0a5ecac30d84276f3c21e43792919",
              "previous_hash": "ff5b539e11801824abd19b02b4a878f0f778fadbf705038c1100e8db0e5b373e",
              "record": {
                "authorization_scope_id": "118f0f8b-7ac0-5f0d-8a4c-855bc712391b",
                "input_watermark": 17,
                "kind": "promotion",
                "promotes_record_id": "0bcd15cb-38d9-422b-8036-b7cfe0919e2d",
                "reason": "owner-attributed hidden-event placement consolidated",
                "record_id": "6c0be405-33a7-4060-8c0c-d9378d601dbe",
                "risk_certificate": {
                  "belief_snapshot_id": "668dc9a7-46c2-410e-af7d-4be0f7b66d56",
                  "counterfactual_id": "9623ad8d-64e9-477a-bbf2-e72ccd6d6699",
                  "exact_verifier_id": "owner-habit-consolidation@0.1",
                  "expected_task_loss": "0.0",
                  "hard_safety_violations": [],
                  "map_version": 8,
                  "maximum_allowed_risk": "1000000000.0",
                  "subject_delta_record_id": "0bcd15cb-38d9-422b-8036-b7cfe0919e2d",
                  "uncertainty_penalty": "0.0"
                }
              },
              "record_hash": "be9e443a2a912bbc5dd4d9673987aec2aa0eee59c630763f9012a7a355d8b4ed",
              "sequence": 17
            },
            {
              "entry_hash": "5359ecb777ece6d6ad08cef90226ac94fef33a3547ba8eac2fada2e34e26ceac",
              "previous_hash": "4576ac3011f0b0970afaedc223423bc587b0a5ecac30d84276f3c21e43792919",
              "record": {
                "authorization_scope_id": "118f0f8b-7ac0-5f0d-8a4c-855bc712391b",
                "code_version": "prototype-spine",
                "content_hash": "d24050f345328bfe21b412043afd7c68c8942ae1481b636cbb7d48dd4683e2a9",
                "delta_a": [
                  [
                    0.30611421922468285
                  ]
                ],
                "delta_alpha": "0.30611421922468285",
                "delta_b": [
                  0.09370591521153719
                ],
                "delta_information": [
                  [
                    0.0
                  ]
                ],
                "delta_information_vector": [
                  0.0
                ],
                "event_hypothesis_id": "1481eaa4-e88e-5407-8d3a-aaff426c10f9",
                "evidence_cluster_id": "3d695a0c-7a16-44c8-b6b2-d1070e46160d",
                "initial_state": "quarantined",
                "input_watermark": 18,
                "key": {
                  "actor_key": "owner",
                  "location_id": "a5a97d44-a72a-f6e7-3ef1-72fba6bb29d3",
                  "object_instance_id": "d912a2b3-2f43-d7ec-6e94-3731240716ea",
                  "parameter_block": "owner_habit_location",
                  "regime_id": "owner-habit"
                },
                "kind": "delta",
                "model_version": "core-prototype-spine@0.1",
                "parent_revision_id": null,
                "record_id": "5c878bb1-9fc3-4f8e-a308-319ff6ea4f25",
                "revision_id": "1b64e1e0-00cd-587e-9f8d-8b459d6bba2a",
                "semantic_dedup_id": "1b64e1e0-00cd-587e-9f8d-8b459d6bba2a:owner:a5a97d44-a72a-f6e7-3ef1-72fba6bb29d3",
                "source_record_ids": [
                  "5550c401-4662-30d8-3ccd-2e0f7888557e"
                ]
              },
              "record_hash": "1482aad3715c5523ae1d55ff434b43b15b0d5a660b4cdd373870773d17f918d4",
              "sequence": 18
            },
            {
              "entry_hash": "726281895c3b5c928183a97d5b9d4da6517317eacb8eb58f5cf61fa8bd2d1675",
              "previous_hash": "5359ecb777ece6d6ad08cef90226ac94fef33a3547ba8eac2fada2e34e26ceac",
              "record": {
                "authorization_scope_id": "118f0f8b-7ac0-5f0d-8a4c-855bc712391b",
                "input_watermark": 19,
                "kind": "promotion",
                "promotes_record_id": "5c878bb1-9fc3-4f8e-a308-319ff6ea4f25",
                "reason": "owner-attributed hidden-event placement consolidated",
                "record_id": "5437f15b-d666-4578-900a-7b28ca0dd6d8",
                "risk_certificate": {
                  "belief_snapshot_id": "f3d6665a-441b-44c0-8fd8-2cabc485d190",
                  "counterfactual_id": "e7b1bc51-c5d4-4c7a-9426-61f867bc36d0",
                  "exact_verifier_id": "owner-habit-consolidation@0.1",
                  "expected_task_loss": "0.0",
                  "hard_safety_violations": [],
                  "map_version": 9,
                  "maximum_allowed_risk": "1000000000.0",
                  "subject_delta_record_id": "5c878bb1-9fc3-4f8e-a308-319ff6ea4f25",
                  "uncertainty_penalty": "0.0"
                }
              },
              "record_hash": "ec16efa913477bd6f48904c765a7de3a05fd64097878151f4bfb0717d00dd125",
              "sequence": 19
            },
            {
              "entry_hash": "3609f11d7402506e6d8b75aa8d2d0503347ed9016f13ff49279f6bb3c9ff0ceb",
              "previous_hash": "726281895c3b5c928183a97d5b9d4da6517317eacb8eb58f5cf61fa8bd2d1675",
              "record": {
                "authorization_scope_id": "118f0f8b-7ac0-5f0d-8a4c-855bc712391b",
                "code_version": "prototype-spine",
                "content_hash": "bd4582084b14911f8f2b635924d7c8e828fb25e4154093d06243b23711b639b6",
                "delta_a": [
                  [
                    0.30611421922468285
                  ]
                ],
                "delta_alpha": "0.30611421922468285",
                "delta_b": [
                  0.09370591521153719
                ],
                "delta_information": [
                  [
                    0.0
                  ]
                ],
                "delta_information_vector": [
                  0.0
                ],
                "event_hypothesis_id": "356daa53-bcd9-52a8-95bf-08973afe4ecf",
                "evidence_cluster_id": "003b5256-007a-4a8c-8e6b-87671a3e3bb8",
                "initial_state": "quarantined",
                "input_watermark": 20,
                "key": {
                  "actor_key": "owner",
                  "location_id": "a5a97d44-a72a-f6e7-3ef1-72fba6bb29d3",
                  "object_instance_id": "d912a2b3-2f43-d7ec-6e94-3731240716ea",
                  "parameter_block": "owner_habit_location",
                  "regime_id": "owner-habit"
                },
                "kind": "delta",
                "model_version": "core-prototype-spine@0.1",
                "parent_revision_id": null,
                "record_id": "3bbf8637-c251-4c7c-a2ce-36b08aea37fd",
                "revision_id": "466285fa-f136-5cb6-9569-925f27bc9d5c",
                "semantic_dedup_id": "466285fa-f136-5cb6-9569-925f27bc9d5c:owner:a5a97d44-a72a-f6e7-3ef1-72fba6bb29d3",
                "source_record_ids": [
                  "c76ad374-196e-7bc4-e3c0-f414f9920dd9"
                ]
              },
              "record_hash": "ebd75cd3db210d77a9b1869576c8644dd2039f70527e70912f5fd93512f403be",
              "sequence": 20
            },
            {
              "entry_hash": "cedfd112a8034ec7e36d0380d4365b4337811e44ad1f62152898f8bc410c0e7e",
              "previous_hash": "3609f11d7402506e6d8b75aa8d2d0503347ed9016f13ff49279f6bb3c9ff0ceb",
              "record": {
                "authorization_scope_id": "118f0f8b-7ac0-5f0d-8a4c-855bc712391b",
                "input_watermark": 21,
                "kind": "promotion",
                "promotes_record_id": "3bbf8637-c251-4c7c-a2ce-36b08aea37fd",
                "reason": "owner-attributed hidden-event placement consolidated",
                "record_id": "c2672551-5f0d-48de-a0e3-3958b70936f5",
                "risk_certificate": {
                  "belief_snapshot_id": "ea452cb3-e877-4385-bc0d-ee23bdcf30d7",
                  "counterfactual_id": "cf417178-3c59-428a-aada-c31fed8b720e",
                  "exact_verifier_id": "owner-habit-consolidation@0.1",
                  "expected_task_loss": "0.0",
                  "hard_safety_violations": [],
                  "map_version": 10,
                  "maximum_allowed_risk": "1000000000.0",
                  "subject_delta_record_id": "3bbf8637-c251-4c7c-a2ce-36b08aea37fd",
                  "uncertainty_penalty": "0.0"
                }
              },
              "record_hash": "7a9706f86ca1ceedc9ccd6abba758da543985527a2109622cd64ac06e77b9102",
              "sequence": 21
            },
            {
              "entry_hash": "ddb7de4fac66dd6a588315f852cd926995a94af3c10bf645e13207481d38ef19",
              "previous_hash": "cedfd112a8034ec7e36d0380d4365b4337811e44ad1f62152898f8bc410c0e7e",
              "record": {
                "authorization_scope_id": "118f0f8b-7ac0-5f0d-8a4c-855bc712391b",
                "code_version": "prototype-spine",
                "content_hash": "59893268ebb0e4db24c136dd1f29bbc54bcaec66ca97fb00752576b1fa75241d",
                "delta_a": [
                  [
                    0.2419364540014017
                  ]
                ],
                "delta_alpha": "0.2419364540014017",
                "delta_b": [
                  0.05853324777477236
                ],
                "delta_information": [
                  [
                    0.0
                  ]
                ],
                "delta_information_vector": [
                  0.0
                ],
                "event_hypothesis_id": "82be6e79-12db-50fd-8aa6-b4c9584b3938",
                "evidence_cluster_id": "85d4481d-a1d2-4021-9be0-bbea534e58b0",
                "initial_state": "quarantined",
                "input_watermark": 22,
                "key": {
                  "actor_key": "owner",
                  "location_id": "a5a97d44-a72a-f6e7-3ef1-72fba6bb29d3",
                  "object_instance_id": "d912a2b3-2f43-d7ec-6e94-3731240716ea",
                  "parameter_block": "owner_habit_location",
                  "regime_id": "owner-habit"
                },
                "kind": "delta",
                "model_version": "core-prototype-spine@0.1",
                "parent_revision_id": null,
                "record_id": "b06e2511-4048-4b28-96e3-43b8f494eb0e",
                "revision_id": "c626ec79-0689-50e0-a1fa-6b4c0515419f",
                "semantic_dedup_id": "c626ec79-0689-50e0-a1fa-6b4c0515419f:owner:a5a97d44-a72a-f6e7-3ef1-72fba6bb29d3",
                "source_record_ids": [
                  "5c92c381-7b0e-ff22-e69f-9bc0ae8b37b7"
                ]
              },
              "record_hash": "060af0ff50ca9769e75fe32b0373cdcb6256c11dcbad8900b11e56392733149b",
              "sequence": 22
            },
            {
              "entry_hash": "46855fb5a1a338242898a133e51455f96e7a6600be48181320c2814edf0d58be",
              "previous_hash": "ddb7de4fac66dd6a588315f852cd926995a94af3c10bf645e13207481d38ef19",
              "record": {
                "authorization_scope_id": "118f0f8b-7ac0-5f0d-8a4c-855bc712391b",
                "input_watermark": 23,
                "kind": "promotion",
                "promotes_record_id": "b06e2511-4048-4b28-96e3-43b8f494eb0e",
                "reason": "owner-attributed hidden-event placement consolidated",
                "record_id": "1e031fb9-f60c-41dc-947d-f824d8f9d1c8",
                "risk_certificate": {
                  "belief_snapshot_id": "3a0a2755-48c9-4b56-9fb4-728a4c412446",
                  "counterfactual_id": "22cb5d55-b2e1-41dc-9489-769c7cb270a8",
                  "exact_verifier_id": "owner-habit-consolidation@0.1",
                  "expected_task_loss": "0.0",
                  "hard_safety_violations": [],
                  "map_version": 11,
                  "maximum_allowed_risk": "1000000000.0",
                  "subject_delta_record_id": "b06e2511-4048-4b28-96e3-43b8f494eb0e",
                  "uncertainty_penalty": "0.0"
                }
              },
              "record_hash": "336b8395f82d041f8b01308ab30f8e05cbe716d170d31840af4e392d1e482fe3",
              "sequence": 23
            },
            {
              "entry_hash": "3852023becced281154524885d0a238b427adc4647d3ac226d5c78992a731d9d",
              "previous_hash": "46855fb5a1a338242898a133e51455f96e7a6600be48181320c2814edf0d58be",
              "record": {
                "authorization_scope_id": "118f0f8b-7ac0-5f0d-8a4c-855bc712391b",
                "input_watermark": 24,
                "kind": "reversal",
                "reason": "ORRER re-attributed the hidden event away from the owner",
                "record_id": "5192cfa5-71d8-4e27-ac1c-417b901f4f4d",
                "reverses_record_id": "0bcd15cb-38d9-422b-8036-b7cfe0919e2d",
                "revision_id": "9c62dbbc-b649-5a39-bfe0-e68f2fb477fd"
              },
              "record_hash": "863069631f3e6549aea9e81554fc4de8f538645adf82faf355a1ede8d6c6d1d5",
              "sequence": 24
            },
            {
              "entry_hash": "f08f33a9c686ba0e7616d3b8338ace462b63ed482a6f9a1febd5d50e511b109f",
              "previous_hash": "3852023becced281154524885d0a238b427adc4647d3ac226d5c78992a731d9d",
              "record": {
                "authorization_scope_id": "118f0f8b-7ac0-5f0d-8a4c-855bc712391b",
                "code_version": "prototype-spine",
                "content_hash": "12414beae00ea02a04fec7b98d6fdc39d5c0d67bc2d8002b6744c04c477f489c",
                "delta_a": [
                  [
                    0.30611421922468285
                  ]
                ],
                "delta_alpha": "0.30611421922468285",
                "delta_b": [
                  0.09370591521153719
                ],
                "delta_information": [
                  [
                    0.0
                  ]
                ],
                "delta_information_vector": [
                  0.0
                ],
                "event_hypothesis_id": "553f7568-e888-5262-97c0-651ce03bb545",
                "evidence_cluster_id": "393cd830-d71a-41c8-b886-c9e50770c08b",
                "initial_state": "quarantined",
                "input_watermark": 25,
                "key": {
                  "actor_key": "owner",
                  "location_id": "44b33099-dee8-2a8b-cc46-e34a555d6659",
                  "object_instance_id": "d912a2b3-2f43-d7ec-6e94-3731240716ea",
                  "parameter_block": "owner_habit_location",
                  "regime_id": "owner-habit"
                },
                "kind": "delta",
                "model_version": "core-prototype-spine@0.1",
                "parent_revision_id": "9c62dbbc-b649-5a39-bfe0-e68f2fb477fd",
                "record_id": "0c96ec96-aa65-42a9-a90b-b921c775b27d",
                "revision_id": "d9e70ccc-126f-45ed-a0bc-60d6be9fd556",
                "semantic_dedup_id": "d9e70ccc-126f-45ed-a0bc-60d6be9fd556:owner:44b33099-dee8-2a8b-cc46-e34a555d6659",
                "source_record_ids": [
                  "00850c71-8347-4753-9e01-e65adc51a62a"
                ]
              },
              "record_hash": "56210ff8182687c9e645ee28282e838b7f816590e175f63444e63206dbb2fa1c",
              "sequence": 25
            },
            {
              "entry_hash": "eeb0737f1df06e7aba9e464886282668e673dcf3f70e921561ce0e4ba4bcfd1a",
              "previous_hash": "f08f33a9c686ba0e7616d3b8338ace462b63ed482a6f9a1febd5d50e511b109f",
              "record": {
                "authorization_scope_id": "118f0f8b-7ac0-5f0d-8a4c-855bc712391b",
                "input_watermark": 26,
                "kind": "promotion",
                "promotes_record_id": "0c96ec96-aa65-42a9-a90b-b921c775b27d",
                "reason": "owner-attributed hidden-event placement consolidated",
                "record_id": "a56e1fb1-42dd-429a-9df7-cbe8a92e135a",
                "risk_certificate": {
                  "belief_snapshot_id": "8a33354e-7931-4339-b819-364e283d0d56",
                  "counterfactual_id": "235ddaa5-6763-48c5-bb5e-369ef22fde43",
                  "exact_verifier_id": "owner-habit-consolidation@0.1",
                  "expected_task_loss": "0.0",
                  "hard_safety_violations": [],
                  "map_version": 12,
                  "maximum_allowed_risk": "1000000000.0",
                  "subject_delta_record_id": "0c96ec96-aa65-42a9-a90b-b921c775b27d",
                  "uncertainty_penalty": "0.0"
                }
              },
              "record_hash": "72dcc2150d245d42b83dcb577faaf6ad30028dd84dea2f3f5b353e2f28af520d",
              "sequence": 26
            }
          ],
          "manifest": {
            "config_hash": "9a3720b7385e8d92a54f46a8c7d594bce71f63a8e27569569ec2d9e0f99f5dd2",
            "head_hash": "eeb0737f1df06e7aba9e464886282668e673dcf3f70e921561ce0e4ba4bcfd1a",
            "record_count": 27,
            "schema_version": "cpswm.hybrid_ledger_log@1"
          }
        },
        "committed_records": {
          "43e27083-2cb5-5639-ad6d-7bce937d9703": {
            "location": "a5a97d44-a72a-f6e7-3ef1-72fba6bb29d3",
            "owner_mass": 0.19836201405759452
          },
          "466285fa-f136-5cb6-9569-925f27bc9d5c": {
            "location": "a5a97d44-a72a-f6e7-3ef1-72fba6bb29d3",
            "owner_mass": 0.19836201405759452
          },
          "1b64e1e0-00cd-587e-9f8d-8b459d6bba2a": {
            "location": "a5a97d44-a72a-f6e7-3ef1-72fba6bb29d3",
            "owner_mass": 0.19836201405759452
          },
          "bd0de4c9-3c64-5ee5-8a05-d29daa4158ef": {
            "location": "44b33099-dee8-2a8b-cc46-e34a555d6659",
            "owner_mass": 0.8196639844033716
          },
          "03bee523-f705-54b7-8808-3b006513752e": {
            "location": "44b33099-dee8-2a8b-cc46-e34a555d6659",
            "owner_mass": 0.8196639844033716
          },
          "5c21bcfc-9b20-584a-8376-100096501881": {
            "location": "44b33099-dee8-2a8b-cc46-e34a555d6659",
            "owner_mass": 0.8196639844033716
          },
          "a4003fe4-412c-53c5-a42a-400006776c7e": {
            "location": "44b33099-dee8-2a8b-cc46-e34a555d6659",
            "owner_mass": 0.8196639844033716
          },
          "c626ec79-0689-50e0-a1fa-6b4c0515419f": {
            "location": "a5a97d44-a72a-f6e7-3ef1-72fba6bb29d3",
            "owner_mass": 0.15677482219290834
          },
          "d9e70ccc-126f-45ed-a0bc-60d6be9fd556": {
            "location": "44b33099-dee8-2a8b-cc46-e34a555d6659",
            "owner_mass": 0.19836201405759452
          },
          "44607dfc-f2f2-5ede-a2c2-d5eec27f0c96": {
            "location": "44b33099-dee8-2a8b-cc46-e34a555d6659",
            "owner_mass": 0.8196639844033716
          },
          "b082733d-132e-5cd7-a07a-ab7f75b013b5": {
            "location": "44b33099-dee8-2a8b-cc46-e34a555d6659",
            "owner_mass": 0.8196639844033716
          },
          "0f5685f8-b161-5532-9a33-32b4bed97e07": {
            "location": "44b33099-dee8-2a8b-cc46-e34a555d6659",
            "owner_mass": 0.8196639844033716
          }
        },
        "hybrid_alpha": {
          "44b33099-dee8-2a8b-cc46-e34a555d6659": 9.16050911247098,
          "23a2ff08-fd31-2108-19c8-56bbe1bdd947": 0.0,
          "a5a97d44-a72a-f6e7-3ef1-72fba6bb29d3": 1.1602791116754503,
          "b4634a80-b40c-5fe8-e981-d10b5cfd9d0d": 0.0
        },
        "action": {
          "44b33099-dee8-2a8b-cc46-e34a555d6659": 0.8875784400884352,
          "23a2ff08-fd31-2108-19c8-56bbe1bdd947": 0.0,
          "a5a97d44-a72a-f6e7-3ef1-72fba6bb29d3": 0.1124215599115648,
          "b4634a80-b40c-5fe8-e981-d10b5cfd9d0d": 0.0
        },
        "committed": [
          "03bee523-f705-54b7-8808-3b006513752e",
          "0f5685f8-b161-5532-9a33-32b4bed97e07",
          "1b64e1e0-00cd-587e-9f8d-8b459d6bba2a",
          "43e27083-2cb5-5639-ad6d-7bce937d9703",
          "44607dfc-f2f2-5ede-a2c2-d5eec27f0c96",
          "466285fa-f136-5cb6-9569-925f27bc9d5c",
          "5c21bcfc-9b20-584a-8376-100096501881",
          "a4003fe4-412c-53c5-a42a-400006776c7e",
          "b082733d-132e-5cd7-a07a-ab7f75b013b5",
          "bd0de4c9-3c64-5ee5-8a05-d29daa4158ef",
          "c626ec79-0689-50e0-a1fa-6b4c0515419f",
          "d9e70ccc-126f-45ed-a0bc-60d6be9fd556"
        ],
        "identities": [
          4441013328,
          4439595664,
          4449574544,
          4445792848
        ]
      },
      "action_distribution_changed": true,
      "checks_passed": true
    },
    {
      "case": "ineligible_different",
      "history_fixture": "_legacy_history(12)",
      "target_index": 3,
      "requested_location": "23a2ff08-fd31-2108-19c8-56bbe1bdd947",
      "requested_mass": 0.8196639844033716,
      "public_request": {
        "corrected_location_id": "23a2ff08-fd31-2108-19c8-56bbe1bdd947",
        "corrected_owner_mass": 0.8196639844033716,
        "corrected_revision_id": "0d9e88e6-2aac-46b0-8094-a4434ebfeaa9",
        "evidence_source_record_ids": [
          "9339e699-d3b1-4d86-8e36-a2c8d9129a5d"
        ],
        "kind": "correct",
        "rationale": "frozen public direct correction input",
        "superseded_revision_id": "44607dfc-f2f2-5ede-a2c2-d5eec27f0c96"
      },
      "operations": [],
      "error": "CORRECT not admitted by CCRR; transaction rolled back",
      "before": {
        "observable": "f8d76ebbe64920685b16b912ab6a7977a07d30ef7b17988c38e01214b48f7eda",
        "ledger": "56e75181c1113fcf1f7e968733527445f39d3700f19edc9d62f0fd511450347f",
        "ledger_records": {
          "config": {
            "alpha_prior": 0.0,
            "feature_dim": 1,
            "information_ridge": 1e-06,
            "max_condition_number": 1000000000000.0,
            "ridge": 1e-06
          },
          "entries": [
            {
              "entry_hash": "3508d6b1850dba163cd3edeecadab406da499a387d65e8ec27d89c09fc31807e",
              "previous_hash": "0000000000000000000000000000000000000000000000000000000000000000",
              "record": {
                "authorization_scope_id": "118f0f8b-7ac0-5f0d-8a4c-855bc712391b",
                "code_version": "prototype-spine",
                "content_hash": "e3f032db771fb0b062da966156db7f68f6668aed829eff21b5bc4696f947c070",
                "delta_a": [
                  [
                    1.2649135561780425
                  ]
                ],
                "delta_alpha": "1.2649135561780425",
                "delta_b": [
                  1.6000063046029818
                ],
                "delta_information": [
                  [
                    0.0
                  ]
                ],
                "delta_information_vector": [
                  0.0
                ],
                "event_hypothesis_id": "c4e50041-5dd2-5fac-a3a6-91a9f5d3479c",
                "evidence_cluster_id": "12a0e92a-0655-4e9a-b1da-621dbb669f2c",
                "initial_state": "quarantined",
                "input_watermark": 0,
                "key": {
                  "actor_key": "owner",
                  "location_id": "44b33099-dee8-2a8b-cc46-e34a555d6659",
                  "object_instance_id": "d912a2b3-2f43-d7ec-6e94-3731240716ea",
                  "parameter_block": "owner_habit_location",
                  "regime_id": "owner-habit"
                },
                "kind": "delta",
                "model_version": "core-prototype-spine@0.1",
                "parent_revision_id": null,
                "record_id": "0f5c3a1a-ee76-4186-b022-c6a6244f139e",
                "revision_id": "bd0de4c9-3c64-5ee5-8a05-d29daa4158ef",
                "semantic_dedup_id": "bd0de4c9-3c64-5ee5-8a05-d29daa4158ef:owner:44b33099-dee8-2a8b-cc46-e34a555d6659",
                "source_record_ids": [
                  "df76db36-909a-68bd-e716-7f98c547e510"
                ]
              },
              "record_hash": "7402a0c66c87f2f2d4268c7075304562a5db0ab970351ced71c9729d11f20550",
              "sequence": 0
            },
            {
              "entry_hash": "b8c16698745a8cb8c5f881f6e3a34ff4424da1ab519031f364435d88e3985655",
              "previous_hash": "3508d6b1850dba163cd3edeecadab406da499a387d65e8ec27d89c09fc31807e",
              "record": {
                "authorization_scope_id": "118f0f8b-7ac0-5f0d-8a4c-855bc712391b",
                "input_watermark": 1,
                "kind": "promotion",
                "promotes_record_id": "0f5c3a1a-ee76-4186-b022-c6a6244f139e",
                "reason": "owner-attributed hidden-event placement consolidated",
                "record_id": "8952a07e-c23c-45ab-8bf2-f32381d4da0d",
                "risk_certificate": {
                  "belief_snapshot_id": "d9ba3c92-66fe-4792-a55c-8862b8a5962c",
                  "counterfactual_id": "ffcb67ec-697a-4ba1-9afe-24d807054ee3",
                  "exact_verifier_id": "owner-habit-consolidation@0.1",
                  "expected_task_loss": "0.0",
                  "hard_safety_violations": [],
                  "map_version": 0,
                  "maximum_allowed_risk": "1000000000.0",
                  "subject_delta_record_id": "0f5c3a1a-ee76-4186-b022-c6a6244f139e",
                  "uncertainty_penalty": "0.0"
                }
              },
              "record_hash": "26aac56df17c75b85a3c71d163db018a5ddf6acaf2328283fc2685405ae58599",
              "sequence": 1
            },
            {
              "entry_hash": "f69bd94d6db0a47cb999a17d50f061ae16effadbcde50a64615f3c6ab4e59c21",
              "previous_hash": "b8c16698745a8cb8c5f881f6e3a34ff4424da1ab519031f364435d88e3985655",
              "record": {
                "authorization_scope_id": "118f0f8b-7ac0-5f0d-8a4c-855bc712391b",
                "code_version": "prototype-spine",
                "content_hash": "8dcc4a9641b7b08cdd7bde6463a8d68d8e6f742db5a9e3dd2bf27e9ea3cba50d",
                "delta_a": [
                  [
                    1.2649135561780425
                  ]
                ],
                "delta_alpha": "1.2649135561780425",
                "delta_b": [
                  1.6000063046029818
                ],
                "delta_information": [
                  [
                    0.0
                  ]
                ],
                "delta_information_vector": [
                  0.0
                ],
                "event_hypothesis_id": "5f026914-a7b6-50e2-9cd3-ad28e754b588",
                "evidence_cluster_id": "75a7f45e-073c-449e-841d-0b0beac652df",
                "initial_state": "quarantined",
                "input_watermark": 2,
                "key": {
                  "actor_key": "owner",
                  "location_id": "44b33099-dee8-2a8b-cc46-e34a555d6659",
                  "object_instance_id": "d912a2b3-2f43-d7ec-6e94-3731240716ea",
                  "parameter_block": "owner_habit_location",
                  "regime_id": "owner-habit"
                },
                "kind": "delta",
                "model_version": "core-prototype-spine@0.1",
                "parent_revision_id": null,
                "record_id": "a36fcc92-0373-421b-b6a5-97709d790409",
                "revision_id": "03bee523-f705-54b7-8808-3b006513752e",
                "semantic_dedup_id": "03bee523-f705-54b7-8808-3b006513752e:owner:44b33099-dee8-2a8b-cc46-e34a555d6659",
                "source_record_ids": [
                  "765e9091-ab88-6d74-e5ca-11086fb28b20"
                ]
              },
              "record_hash": "89c403913a2da6bc41421d0626d72a22c1f3e0646a65dbac971bfa75b5bf820b",
              "sequence": 2
            },
            {
              "entry_hash": "cf6b7ffbde8e4a67b0295283929e5d0b9d9e82f03b60e5f1ff435e062d7515aa",
              "previous_hash": "f69bd94d6db0a47cb999a17d50f061ae16effadbcde50a64615f3c6ab4e59c21",
              "record": {
                "authorization_scope_id": "118f0f8b-7ac0-5f0d-8a4c-855bc712391b",
                "input_watermark": 3,
                "kind": "promotion",
                "promotes_record_id": "a36fcc92-0373-421b-b6a5-97709d790409",
                "reason": "owner-attributed hidden-event placement consolidated",
                "record_id": "2f7537f8-1b8f-4594-9205-5b233d67d4b0",
                "risk_certificate": {
                  "belief_snapshot_id": "f40d57d4-6d64-4e77-93c7-03b4a0659c7d",
                  "counterfactual_id": "e92db141-6039-49a5-a2a7-71b6111c17b2",
                  "exact_verifier_id": "owner-habit-consolidation@0.1",
                  "expected_task_loss": "0.0",
                  "hard_safety_violations": [],
                  "map_version": 1,
                  "maximum_allowed_risk": "1000000000.0",
                  "subject_delta_record_id": "a36fcc92-0373-421b-b6a5-97709d790409",
                  "uncertainty_penalty": "0.0"
                }
              },
              "record_hash": "e1a8620c365889be92bd831089c76e8753d8aa25942db6ab157a454db866c364",
              "sequence": 3
            },
            {
              "entry_hash": "d4587240295deac0246dc0b6ae52f7dfbdbc7873ff0b4496c3933aab46999a4f",
              "previous_hash": "cf6b7ffbde8e4a67b0295283929e5d0b9d9e82f03b60e5f1ff435e062d7515aa",
              "record": {
                "authorization_scope_id": "118f0f8b-7ac0-5f0d-8a4c-855bc712391b",
                "code_version": "prototype-spine",
                "content_hash": "09e6d1852e2c22cb1cc2db61055ccf6a14d1726a107602a287435298421c1215",
                "delta_a": [
                  [
                    1.2649135561780425
                  ]
                ],
                "delta_alpha": "1.2649135561780425",
                "delta_b": [
                  1.6000063046029818
                ],
                "delta_information": [
                  [
                    0.0
                  ]
                ],
                "delta_information_vector": [
                  0.0
                ],
                "event_hypothesis_id": "910d541b-aa72-5f2f-89a0-8b0a2b5724fe",
                "evidence_cluster_id": "ccc60ebc-f8eb-4e08-bd87-12df6154244b",
                "initial_state": "quarantined",
                "input_watermark": 4,
                "key": {
                  "actor_key": "owner",
                  "location_id": "44b33099-dee8-2a8b-cc46-e34a555d6659",
                  "object_instance_id": "d912a2b3-2f43-d7ec-6e94-3731240716ea",
                  "parameter_block": "owner_habit_location",
                  "regime_id": "owner-habit"
                },
                "kind": "delta",
                "model_version": "core-prototype-spine@0.1",
                "parent_revision_id": null,
                "record_id": "b3377d7f-7178-47bd-b241-e85964cf367f",
                "revision_id": "0f5685f8-b161-5532-9a33-32b4bed97e07",
                "semantic_dedup_id": "0f5685f8-b161-5532-9a33-32b4bed97e07:owner:44b33099-dee8-2a8b-cc46-e34a555d6659",
                "source_record_ids": [
                  "a528ebc2-14db-748e-9def-d643a9c43f70"
                ]
              },
              "record_hash": "72c58fb5d618491fe54ed0ba476d65da492566f1cd079a5d89ec639e1b1140c5",
              "sequence": 4
            },
            {
              "entry_hash": "e5702e9c2c48315443583edc91958ff25e8872f79aeb0621ee9c21dadc47ec5d",
              "previous_hash": "d4587240295deac0246dc0b6ae52f7dfbdbc7873ff0b4496c3933aab46999a4f",
              "record": {
                "authorization_scope_id": "118f0f8b-7ac0-5f0d-8a4c-855bc712391b",
                "input_watermark": 5,
                "kind": "promotion",
                "promotes_record_id": "b3377d7f-7178-47bd-b241-e85964cf367f",
                "reason": "owner-attributed hidden-event placement consolidated",
                "record_id": "3c2b61ba-1941-41f3-90bd-6f2210c8c080",
                "risk_certificate": {
                  "belief_snapshot_id": "34c0bb1a-0feb-42c7-8308-3b0d1e42304e",
                  "counterfactual_id": "43bafd76-2696-45d4-b8c6-65cc3ee3a7a3",
                  "exact_verifier_id": "owner-habit-consolidation@0.1",
                  "expected_task_loss": "0.0",
                  "hard_safety_violations": [],
                  "map_version": 2,
                  "maximum_allowed_risk": "1000000000.0",
                  "subject_delta_record_id": "b3377d7f-7178-47bd-b241-e85964cf367f",
                  "uncertainty_penalty": "0.0"
                }
              },
              "record_hash": "9277fec26d674b945dc6166db93d60a030f10c6c63d6b61de98b5245fad63dd7",
              "sequence": 5
            },
            {
              "entry_hash": "fa9c06cc5974c988362bc142225a07aa6364f8d31cdd36f67df50636e8a737f9",
              "previous_hash": "e5702e9c2c48315443583edc91958ff25e8872f79aeb0621ee9c21dadc47ec5d",
              "record": {
                "authorization_scope_id": "118f0f8b-7ac0-5f0d-8a4c-855bc712391b",
                "code_version": "prototype-spine",
                "content_hash": "54e24ac903bd0950e24635ad15d0acf9bc016f518b3d43318633e619e0714335",
                "delta_a": [
                  [
                    1.2649135561780425
                  ]
                ],
                "delta_alpha": "1.2649135561780425",
                "delta_b": [
                  1.6000063046029818
                ],
                "delta_information": [
                  [
                    0.0
                  ]
                ],
                "delta_information_vector": [
                  0.0
                ],
                "event_hypothesis_id": "5e82175b-f840-54ef-ae09-3905b6719d04",
                "evidence_cluster_id": "2c11d784-18d0-4d7b-af24-b07bbfadfb86",
                "initial_state": "quarantined",
                "input_watermark": 6,
                "key": {
                  "actor_key": "owner",
                  "location_id": "44b33099-dee8-2a8b-cc46-e34a555d6659",
                  "object_instance_id": "d912a2b3-2f43-d7ec-6e94-3731240716ea",
                  "parameter_block": "owner_habit_location",
                  "regime_id": "owner-habit"
                },
                "kind": "delta",
                "model_version": "core-prototype-spine@0.1",
                "parent_revision_id": null,
                "record_id": "5eb15f9a-93a1-4580-b89f-98fd8f75ca6f",
                "revision_id": "44607dfc-f2f2-5ede-a2c2-d5eec27f0c96",
                "semantic_dedup_id": "44607dfc-f2f2-5ede-a2c2-d5eec27f0c96:owner:44b33099-dee8-2a8b-cc46-e34a555d6659",
                "source_record_ids": [
                  "0582a586-6dba-dbc9-50e5-eb9761db3141"
                ]
              },
              "record_hash": "581e27515637b5d52d9813b25c3ffe90f1a4b8cfe74264873eac574118ffd616",
              "sequence": 6
            },
            {
              "entry_hash": "764405b98aaeb3b28909200f7955630aa5148d3c775a1c7abed8af74e4e24fed",
              "previous_hash": "fa9c06cc5974c988362bc142225a07aa6364f8d31cdd36f67df50636e8a737f9",
              "record": {
                "authorization_scope_id": "118f0f8b-7ac0-5f0d-8a4c-855bc712391b",
                "input_watermark": 7,
                "kind": "promotion",
                "promotes_record_id": "5eb15f9a-93a1-4580-b89f-98fd8f75ca6f",
                "reason": "owner-attributed hidden-event placement consolidated",
                "record_id": "815a9ecf-726d-4b2c-9036-4fc5fb48744e",
                "risk_certificate": {
                  "belief_snapshot_id": "0633234f-8104-4210-850d-6f36cc0f48a1",
                  "counterfactual_id": "ee3441a9-c756-463c-8ad8-c42e2317fff0",
                  "exact_verifier_id": "owner-habit-consolidation@0.1",
                  "expected_task_loss": "0.0",
                  "hard_safety_violations": [],
                  "map_version": 3,
                  "maximum_allowed_risk": "1000000000.0",
                  "subject_delta_record_id": "5eb15f9a-93a1-4580-b89f-98fd8f75ca6f",
                  "uncertainty_penalty": "0.0"
                }
              },
              "record_hash": "36596bee0345fed6163cbb6f8053b1fe8a7b5e94fac3c72512cd153d47adbc1b",
              "sequence": 7
            },
            {
              "entry_hash": "5d0bb342b700a49e85658a1b044f848f81b0c024b7788a521ee6ba7a1bd510ca",
              "previous_hash": "764405b98aaeb3b28909200f7955630aa5148d3c775a1c7abed8af74e4e24fed",
              "record": {
                "authorization_scope_id": "118f0f8b-7ac0-5f0d-8a4c-855bc712391b",
                "code_version": "prototype-spine",
                "content_hash": "f94c73a37753e8f799f268ea404ab618f2e522014a18ab5ad1d6f30566debcad",
                "delta_a": [
                  [
                    1.2649135561780425
                  ]
                ],
                "delta_alpha": "1.2649135561780425",
                "delta_b": [
                  1.6000063046029818
                ],
                "delta_information": [
                  [
                    0.0
                  ]
                ],
                "delta_information_vector": [
                  0.0
                ],
                "event_hypothesis_id": "19962f1c-7ed3-5ebc-82b3-f1e5acfa7f65",
                "evidence_cluster_id": "39bef75f-eacf-4fa0-a5ed-04887297b71d",
                "initial_state": "quarantined",
                "input_watermark": 8,
                "key": {
                  "actor_key": "owner",
                  "location_id": "44b33099-dee8-2a8b-cc46-e34a555d6659",
                  "object_instance_id": "d912a2b3-2f43-d7ec-6e94-3731240716ea",
                  "parameter_block": "owner_habit_location",
                  "regime_id": "owner-habit"
                },
                "kind": "delta",
                "model_version": "core-prototype-spine@0.1",
                "parent_revision_id": null,
                "record_id": "dd8ba576-e2d0-411c-8b33-eb7c11a288b3",
                "revision_id": "5c21bcfc-9b20-584a-8376-100096501881",
                "semantic_dedup_id": "5c21bcfc-9b20-584a-8376-100096501881:owner:44b33099-dee8-2a8b-cc46-e34a555d6659",
                "source_record_ids": [
                  "9755d3b1-ba08-bd94-8880-fda43571cb79"
                ]
              },
              "record_hash": "2388d16da688a3243d32bf8ba7996723aa4c657554ea28149cd7ee21161860bd",
              "sequence": 8
            },
            {
              "entry_hash": "7f950d191c92f6ccaf83f8323faafd89c2eedc6da739c932d1e81fb114025b7d",
              "previous_hash": "5d0bb342b700a49e85658a1b044f848f81b0c024b7788a521ee6ba7a1bd510ca",
              "record": {
                "authorization_scope_id": "118f0f8b-7ac0-5f0d-8a4c-855bc712391b",
                "input_watermark": 9,
                "kind": "promotion",
                "promotes_record_id": "dd8ba576-e2d0-411c-8b33-eb7c11a288b3",
                "reason": "owner-attributed hidden-event placement consolidated",
                "record_id": "148b95c5-1825-4650-9588-79402fc46a8d",
                "risk_certificate": {
                  "belief_snapshot_id": "4b629b71-219a-43fe-8431-cf6c2165f280",
                  "counterfactual_id": "b016a02d-42c5-452b-ba3a-0bc4b2f8537a",
                  "exact_verifier_id": "owner-habit-consolidation@0.1",
                  "expected_task_loss": "0.0",
                  "hard_safety_violations": [],
                  "map_version": 4,
                  "maximum_allowed_risk": "1000000000.0",
                  "subject_delta_record_id": "dd8ba576-e2d0-411c-8b33-eb7c11a288b3",
                  "uncertainty_penalty": "0.0"
                }
              },
              "record_hash": "50af48bba3e298e76fd8fb46d5972864a3d274100359763519d6bf071ef53c7c",
              "sequence": 9
            },
            {
              "entry_hash": "2288faeec43d17f48bcf321e0993a28785ecc43ab579fed0c8ae294d94605fac",
              "previous_hash": "7f950d191c92f6ccaf83f8323faafd89c2eedc6da739c932d1e81fb114025b7d",
              "record": {
                "authorization_scope_id": "118f0f8b-7ac0-5f0d-8a4c-855bc712391b",
                "code_version": "prototype-spine",
                "content_hash": "928a5bf5650783200d2f4529b20e17db9d1cec636d73d498a68e5b315928b94a",
                "delta_a": [
                  [
                    1.2649135561780425
                  ]
                ],
                "delta_alpha": "1.2649135561780425",
                "delta_b": [
                  1.6000063046029818
                ],
                "delta_information": [
                  [
                    0.0
                  ]
                ],
                "delta_information_vector": [
                  0.0
                ],
                "event_hypothesis_id": "6a21c28e-703c-52fa-9ed6-e284132bfee4",
                "evidence_cluster_id": "af247d15-1ca5-45a6-a4f7-800186b6c742",
                "initial_state": "quarantined",
                "input_watermark": 10,
                "key": {
                  "actor_key": "owner",
                  "location_id": "44b33099-dee8-2a8b-cc46-e34a555d6659",
                  "object_instance_id": "d912a2b3-2f43-d7ec-6e94-3731240716ea",
                  "parameter_block": "owner_habit_location",
                  "regime_id": "owner-habit"
                },
                "kind": "delta",
                "model_version": "core-prototype-spine@0.1",
                "parent_revision_id": null,
                "record_id": "9ab09c8d-f2c5-44e1-8cd6-9224cb71981e",
                "revision_id": "b082733d-132e-5cd7-a07a-ab7f75b013b5",
                "semantic_dedup_id": "b082733d-132e-5cd7-a07a-ab7f75b013b5:owner:44b33099-dee8-2a8b-cc46-e34a555d6659",
                "source_record_ids": [
                  "c47e6ad6-73df-4991-9bdf-c2066308d590"
                ]
              },
              "record_hash": "4d7841bcaad19faed379ea50e3131656f476600dbc5369c921c5819a102975eb",
              "sequence": 10
            },
            {
              "entry_hash": "9b47fcb5cbaf1dcfb43ffaa8bdec55bbcd7ffe9ef8424a32fba75cdc88628fc6",
              "previous_hash": "2288faeec43d17f48bcf321e0993a28785ecc43ab579fed0c8ae294d94605fac",
              "record": {
                "authorization_scope_id": "118f0f8b-7ac0-5f0d-8a4c-855bc712391b",
                "input_watermark": 11,
                "kind": "promotion",
                "promotes_record_id": "9ab09c8d-f2c5-44e1-8cd6-9224cb71981e",
                "reason": "owner-attributed hidden-event placement consolidated",
                "record_id": "133402c4-b8bd-4041-b8fb-24690cabc23c",
                "risk_certificate": {
                  "belief_snapshot_id": "378c3585-eea1-4b08-8371-46c46bc2c232",
                  "counterfactual_id": "7f1f8718-8e2a-4815-a674-89808ae316dd",
                  "exact_verifier_id": "owner-habit-consolidation@0.1",
                  "expected_task_loss": "0.0",
                  "hard_safety_violations": [],
                  "map_version": 5,
                  "maximum_allowed_risk": "1000000000.0",
                  "subject_delta_record_id": "9ab09c8d-f2c5-44e1-8cd6-9224cb71981e",
                  "uncertainty_penalty": "0.0"
                }
              },
              "record_hash": "974c33d2e6e54c761dfbddb9fb37813b6503e1e476fc4b7768091a9cffdfb552",
              "sequence": 11
            },
            {
              "entry_hash": "e25c72427a3ebdac5e53897a80c9927cb3e9254b2f7f6696b125c64ad7e38bb6",
              "previous_hash": "9b47fcb5cbaf1dcfb43ffaa8bdec55bbcd7ffe9ef8424a32fba75cdc88628fc6",
              "record": {
                "authorization_scope_id": "118f0f8b-7ac0-5f0d-8a4c-855bc712391b",
                "code_version": "prototype-spine",
                "content_hash": "df6372ee4c17131d725409035c3b15431b0181d51876af4c4c59beac49c26b05",
                "delta_a": [
                  [
                    1.2649135561780425
                  ]
                ],
                "delta_alpha": "1.2649135561780425",
                "delta_b": [
                  1.6000063046029818
                ],
                "delta_information": [
                  [
                    0.0
                  ]
                ],
                "delta_information_vector": [
                  0.0
                ],
                "event_hypothesis_id": "74f8a349-761c-54be-b449-b69ccd5c8045",
                "evidence_cluster_id": "b9912e3a-b0a9-467a-aab8-32ebe905ad72",
                "initial_state": "quarantined",
                "input_watermark": 12,
                "key": {
                  "actor_key": "owner",
                  "location_id": "44b33099-dee8-2a8b-cc46-e34a555d6659",
                  "object_instance_id": "d912a2b3-2f43-d7ec-6e94-3731240716ea",
                  "parameter_block": "owner_habit_location",
                  "regime_id": "owner-habit"
                },
                "kind": "delta",
                "model_version": "core-prototype-spine@0.1",
                "parent_revision_id": null,
                "record_id": "59ac124c-f7dd-4338-8cad-5f7b7f60d1ff",
                "revision_id": "a4003fe4-412c-53c5-a42a-400006776c7e",
                "semantic_dedup_id": "a4003fe4-412c-53c5-a42a-400006776c7e:owner:44b33099-dee8-2a8b-cc46-e34a555d6659",
                "source_record_ids": [
                  "0d96b517-68b4-b012-ec66-2822919dedde"
                ]
              },
              "record_hash": "9c6086e0550d589824687c9763d7a4c7b9b3f74281ce81183fd767f6f4a2554e",
              "sequence": 12
            },
            {
              "entry_hash": "fb703e8e1a5503a5bbc88163ca3d78d0139041aa616a177fbd6e851cd58bffc1",
              "previous_hash": "e25c72427a3ebdac5e53897a80c9927cb3e9254b2f7f6696b125c64ad7e38bb6",
              "record": {
                "authorization_scope_id": "118f0f8b-7ac0-5f0d-8a4c-855bc712391b",
                "input_watermark": 13,
                "kind": "promotion",
                "promotes_record_id": "59ac124c-f7dd-4338-8cad-5f7b7f60d1ff",
                "reason": "owner-attributed hidden-event placement consolidated",
                "record_id": "8e4bdb6c-2c1b-48d3-a730-6d14acf744f0",
                "risk_certificate": {
                  "belief_snapshot_id": "9ddea519-1d68-4b0a-8ba7-9f26e8761380",
                  "counterfactual_id": "bc959af0-e077-4310-aa8b-64e56069a905",
                  "exact_verifier_id": "owner-habit-consolidation@0.1",
                  "expected_task_loss": "0.0",
                  "hard_safety_violations": [],
                  "map_version": 6,
                  "maximum_allowed_risk": "1000000000.0",
                  "subject_delta_record_id": "59ac124c-f7dd-4338-8cad-5f7b7f60d1ff",
                  "uncertainty_penalty": "0.0"
                }
              },
              "record_hash": "7ef1ff704ce3816680c6dc83795974eb6f31e2289f0a2cc138ed8af65c4905e5",
              "sequence": 13
            },
            {
              "entry_hash": "9dd9cf02117ea8827dd8f8a4d2fa689d9a5c4f6c536145c9a78e832199707f09",
              "previous_hash": "fb703e8e1a5503a5bbc88163ca3d78d0139041aa616a177fbd6e851cd58bffc1",
              "record": {
                "authorization_scope_id": "118f0f8b-7ac0-5f0d-8a4c-855bc712391b",
                "code_version": "prototype-spine",
                "content_hash": "9a66521466ca5f043286b9e106c15302ca34763dbb1266b65a7989011e029a24",
                "delta_a": [
                  [
                    0.30611421922468285
                  ]
                ],
                "delta_alpha": "0.30611421922468285",
                "delta_b": [
                  0.09370591521153719
                ],
                "delta_information": [
                  [
                    0.0
                  ]
                ],
                "delta_information_vector": [
                  0.0
                ],
                "event_hypothesis_id": "85c9bd41-0a8b-544c-bd2c-34248b13d2d9",
                "evidence_cluster_id": "2dae9e4b-9d84-49b0-b43b-8937f2290167",
                "initial_state": "quarantined",
                "input_watermark": 14,
                "key": {
                  "actor_key": "owner",
                  "location_id": "a5a97d44-a72a-f6e7-3ef1-72fba6bb29d3",
                  "object_instance_id": "d912a2b3-2f43-d7ec-6e94-3731240716ea",
                  "parameter_block": "owner_habit_location",
                  "regime_id": "owner-habit"
                },
                "kind": "delta",
                "model_version": "core-prototype-spine@0.1",
                "parent_revision_id": null,
                "record_id": "42f90659-7e23-48c6-be72-c2c00333df58",
                "revision_id": "43e27083-2cb5-5639-ad6d-7bce937d9703",
                "semantic_dedup_id": "43e27083-2cb5-5639-ad6d-7bce937d9703:owner:a5a97d44-a72a-f6e7-3ef1-72fba6bb29d3",
                "source_record_ids": [
                  "4c2650fa-cba6-3851-d74e-27ea68538231"
                ]
              },
              "record_hash": "215dff855f8a0ebc8d68d05d6041ce60e934d55e53019101344a561c5207282c",
              "sequence": 14
            },
            {
              "entry_hash": "a3afd2cc001829b61f34a935e051dc579338aa23b586b7a348d0cbe6c0511aad",
              "previous_hash": "9dd9cf02117ea8827dd8f8a4d2fa689d9a5c4f6c536145c9a78e832199707f09",
              "record": {
                "authorization_scope_id": "118f0f8b-7ac0-5f0d-8a4c-855bc712391b",
                "input_watermark": 15,
                "kind": "promotion",
                "promotes_record_id": "42f90659-7e23-48c6-be72-c2c00333df58",
                "reason": "owner-attributed hidden-event placement consolidated",
                "record_id": "366dfda8-8d03-493e-8204-be74c58987bb",
                "risk_certificate": {
                  "belief_snapshot_id": "0d5c4b0c-f28e-4bac-93ad-9dd089fc3afb",
                  "counterfactual_id": "67cae372-45b7-45cd-b155-fa87109eb09d",
                  "exact_verifier_id": "owner-habit-consolidation@0.1",
                  "expected_task_loss": "0.0",
                  "hard_safety_violations": [],
                  "map_version": 7,
                  "maximum_allowed_risk": "1000000000.0",
                  "subject_delta_record_id": "42f90659-7e23-48c6-be72-c2c00333df58",
                  "uncertainty_penalty": "0.0"
                }
              },
              "record_hash": "140842c711e80fce53f90dde553ffe000c268993cfb1c933e0e9f03a35a8b2e4",
              "sequence": 15
            },
            {
              "entry_hash": "b3f12f590c729554c5e16438d8440009ce3c1a9215b3b41106b68b7e5b611e4c",
              "previous_hash": "a3afd2cc001829b61f34a935e051dc579338aa23b586b7a348d0cbe6c0511aad",
              "record": {
                "authorization_scope_id": "118f0f8b-7ac0-5f0d-8a4c-855bc712391b",
                "code_version": "prototype-spine",
                "content_hash": "d813a6ac665a66de77835215bc58b6410ac576f314306b0b4918f3a7e0e065a5",
                "delta_a": [
                  [
                    0.30611421922468285
                  ]
                ],
                "delta_alpha": "0.30611421922468285",
                "delta_b": [
                  0.09370591521153719
                ],
                "delta_information": [
                  [
                    0.0
                  ]
                ],
                "delta_information_vector": [
                  0.0
                ],
                "event_hypothesis_id": "553f7568-e888-5262-97c0-651ce03bb545",
                "evidence_cluster_id": "56f214ce-bd51-41d1-885a-d409c88f8826",
                "initial_state": "quarantined",
                "input_watermark": 16,
                "key": {
                  "actor_key": "owner",
                  "location_id": "a5a97d44-a72a-f6e7-3ef1-72fba6bb29d3",
                  "object_instance_id": "d912a2b3-2f43-d7ec-6e94-3731240716ea",
                  "parameter_block": "owner_habit_location",
                  "regime_id": "owner-habit"
                },
                "kind": "delta",
                "model_version": "core-prototype-spine@0.1",
                "parent_revision_id": null,
                "record_id": "bc5b4dfa-48c4-4d34-91b9-64cbe7e1392c",
                "revision_id": "9c62dbbc-b649-5a39-bfe0-e68f2fb477fd",
                "semantic_dedup_id": "9c62dbbc-b649-5a39-bfe0-e68f2fb477fd:owner:a5a97d44-a72a-f6e7-3ef1-72fba6bb29d3",
                "source_record_ids": [
                  "d659d0e2-a237-8292-b7ae-a240ca5a15e3"
                ]
              },
              "record_hash": "9c6c6808acee25c7a083f16cd63b1afd427ec76341e89807c3d2883faef02d0b",
              "sequence": 16
            },
            {
              "entry_hash": "70ac6273c416351cb0a1acd9ea5ed3a93a8d71457f36ad3c873a7651b28b4ba7",
              "previous_hash": "b3f12f590c729554c5e16438d8440009ce3c1a9215b3b41106b68b7e5b611e4c",
              "record": {
                "authorization_scope_id": "118f0f8b-7ac0-5f0d-8a4c-855bc712391b",
                "input_watermark": 17,
                "kind": "promotion",
                "promotes_record_id": "bc5b4dfa-48c4-4d34-91b9-64cbe7e1392c",
                "reason": "owner-attributed hidden-event placement consolidated",
                "record_id": "aad52ab5-a385-429e-8648-41581a762984",
                "risk_certificate": {
                  "belief_snapshot_id": "f0af1315-63db-4194-bf65-14728cfa8189",
                  "counterfactual_id": "20e919af-e34f-4143-aadc-d55492acbc2d",
                  "exact_verifier_id": "owner-habit-consolidation@0.1",
                  "expected_task_loss": "0.0",
                  "hard_safety_violations": [],
                  "map_version": 8,
                  "maximum_allowed_risk": "1000000000.0",
                  "subject_delta_record_id": "bc5b4dfa-48c4-4d34-91b9-64cbe7e1392c",
                  "uncertainty_penalty": "0.0"
                }
              },
              "record_hash": "19727fac64eab6a99dbabd5895dd91147dbd4966faab4db78b136c6ab201910b",
              "sequence": 17
            },
            {
              "entry_hash": "b9f987dcc32539e8442899edb305a4df2e70eaa5de070bb05d7f190b8d2914c8",
              "previous_hash": "70ac6273c416351cb0a1acd9ea5ed3a93a8d71457f36ad3c873a7651b28b4ba7",
              "record": {
                "authorization_scope_id": "118f0f8b-7ac0-5f0d-8a4c-855bc712391b",
                "code_version": "prototype-spine",
                "content_hash": "cdd0b87e35e8cf6c4319d95f0ca943e7a1939f79b167d28c0e005deb004b9008",
                "delta_a": [
                  [
                    0.30611421922468285
                  ]
                ],
                "delta_alpha": "0.30611421922468285",
                "delta_b": [
                  0.09370591521153719
                ],
                "delta_information": [
                  [
                    0.0
                  ]
                ],
                "delta_information_vector": [
                  0.0
                ],
                "event_hypothesis_id": "1481eaa4-e88e-5407-8d3a-aaff426c10f9",
                "evidence_cluster_id": "fc8abadd-72cb-481c-9864-02040a1194a1",
                "initial_state": "quarantined",
                "input_watermark": 18,
                "key": {
                  "actor_key": "owner",
                  "location_id": "a5a97d44-a72a-f6e7-3ef1-72fba6bb29d3",
                  "object_instance_id": "d912a2b3-2f43-d7ec-6e94-3731240716ea",
                  "parameter_block": "owner_habit_location",
                  "regime_id": "owner-habit"
                },
                "kind": "delta",
                "model_version": "core-prototype-spine@0.1",
                "parent_revision_id": null,
                "record_id": "5040e2e9-2e50-4431-966c-1f72ff19f22e",
                "revision_id": "1b64e1e0-00cd-587e-9f8d-8b459d6bba2a",
                "semantic_dedup_id": "1b64e1e0-00cd-587e-9f8d-8b459d6bba2a:owner:a5a97d44-a72a-f6e7-3ef1-72fba6bb29d3",
                "source_record_ids": [
                  "5550c401-4662-30d8-3ccd-2e0f7888557e"
                ]
              },
              "record_hash": "6f981ff40b8cb674c2a1d4092e37ce59a0c75d59d4c3ad1a4305d17ecd931d7f",
              "sequence": 18
            },
            {
              "entry_hash": "ce6bd03b6ac98e195e031d859a2846b3670c81ed1608670fdb287838bf6547ff",
              "previous_hash": "b9f987dcc32539e8442899edb305a4df2e70eaa5de070bb05d7f190b8d2914c8",
              "record": {
                "authorization_scope_id": "118f0f8b-7ac0-5f0d-8a4c-855bc712391b",
                "input_watermark": 19,
                "kind": "promotion",
                "promotes_record_id": "5040e2e9-2e50-4431-966c-1f72ff19f22e",
                "reason": "owner-attributed hidden-event placement consolidated",
                "record_id": "25cefc43-10a0-42f2-a97d-7cd3a86ff246",
                "risk_certificate": {
                  "belief_snapshot_id": "d943c8a8-62f9-4da0-8730-43ee2b7933e1",
                  "counterfactual_id": "159213bd-c87f-4089-959e-4306232eca21",
                  "exact_verifier_id": "owner-habit-consolidation@0.1",
                  "expected_task_loss": "0.0",
                  "hard_safety_violations": [],
                  "map_version": 9,
                  "maximum_allowed_risk": "1000000000.0",
                  "subject_delta_record_id": "5040e2e9-2e50-4431-966c-1f72ff19f22e",
                  "uncertainty_penalty": "0.0"
                }
              },
              "record_hash": "95ffb4c9bac93da225f6b4a9b0b9207f49fc5ed6f799feba54cd624f732ec122",
              "sequence": 19
            },
            {
              "entry_hash": "748d25e2a801769e1aa9f62e117a4a3dd0126cd0f6cc5579eed19e77452f6302",
              "previous_hash": "ce6bd03b6ac98e195e031d859a2846b3670c81ed1608670fdb287838bf6547ff",
              "record": {
                "authorization_scope_id": "118f0f8b-7ac0-5f0d-8a4c-855bc712391b",
                "code_version": "prototype-spine",
                "content_hash": "c8e686f5f314e71be57d92125dcf21188afba4c6c791e79577b414c0a3452854",
                "delta_a": [
                  [
                    0.30611421922468285
                  ]
                ],
                "delta_alpha": "0.30611421922468285",
                "delta_b": [
                  0.09370591521153719
                ],
                "delta_information": [
                  [
                    0.0
                  ]
                ],
                "delta_information_vector": [
                  0.0
                ],
                "event_hypothesis_id": "356daa53-bcd9-52a8-95bf-08973afe4ecf",
                "evidence_cluster_id": "5479c294-db55-4baa-a1e4-256c34df941c",
                "initial_state": "quarantined",
                "input_watermark": 20,
                "key": {
                  "actor_key": "owner",
                  "location_id": "a5a97d44-a72a-f6e7-3ef1-72fba6bb29d3",
                  "object_instance_id": "d912a2b3-2f43-d7ec-6e94-3731240716ea",
                  "parameter_block": "owner_habit_location",
                  "regime_id": "owner-habit"
                },
                "kind": "delta",
                "model_version": "core-prototype-spine@0.1",
                "parent_revision_id": null,
                "record_id": "e779ba96-de8b-426f-b561-6d137e671276",
                "revision_id": "466285fa-f136-5cb6-9569-925f27bc9d5c",
                "semantic_dedup_id": "466285fa-f136-5cb6-9569-925f27bc9d5c:owner:a5a97d44-a72a-f6e7-3ef1-72fba6bb29d3",
                "source_record_ids": [
                  "c76ad374-196e-7bc4-e3c0-f414f9920dd9"
                ]
              },
              "record_hash": "60f2e52a930435a592f16566f015731a5bf75a16aa647096844a0aaca2feaea3",
              "sequence": 20
            },
            {
              "entry_hash": "a63f84b49b1ef92da15d97bd77f9a51012ea3dfb67393122ea931ba308b1f850",
              "previous_hash": "748d25e2a801769e1aa9f62e117a4a3dd0126cd0f6cc5579eed19e77452f6302",
              "record": {
                "authorization_scope_id": "118f0f8b-7ac0-5f0d-8a4c-855bc712391b",
                "input_watermark": 21,
                "kind": "promotion",
                "promotes_record_id": "e779ba96-de8b-426f-b561-6d137e671276",
                "reason": "owner-attributed hidden-event placement consolidated",
                "record_id": "aef59b8e-c10d-4249-a0b8-1e6daa163db0",
                "risk_certificate": {
                  "belief_snapshot_id": "f1b0710e-5a57-416f-92a4-0002c13ad320",
                  "counterfactual_id": "cdd212aa-e461-4290-a72a-77df86ba04e9",
                  "exact_verifier_id": "owner-habit-consolidation@0.1",
                  "expected_task_loss": "0.0",
                  "hard_safety_violations": [],
                  "map_version": 10,
                  "maximum_allowed_risk": "1000000000.0",
                  "subject_delta_record_id": "e779ba96-de8b-426f-b561-6d137e671276",
                  "uncertainty_penalty": "0.0"
                }
              },
              "record_hash": "e232004d20a6432d3bd05d906a299a24d9c0d860c517596ee325ffe3088cae54",
              "sequence": 21
            },
            {
              "entry_hash": "6fc347dd2ca2ac706742187ee4e433fbe81e208ca9d3a979fdfca9ede52cecf1",
              "previous_hash": "a63f84b49b1ef92da15d97bd77f9a51012ea3dfb67393122ea931ba308b1f850",
              "record": {
                "authorization_scope_id": "118f0f8b-7ac0-5f0d-8a4c-855bc712391b",
                "code_version": "prototype-spine",
                "content_hash": "0aaa3045302ff8dfe770fc8d702097e085a6cfde0873473c9ed29829b9e05ee9",
                "delta_a": [
                  [
                    0.2419364540014017
                  ]
                ],
                "delta_alpha": "0.2419364540014017",
                "delta_b": [
                  0.05853324777477236
                ],
                "delta_information": [
                  [
                    0.0
                  ]
                ],
                "delta_information_vector": [
                  0.0
                ],
                "event_hypothesis_id": "82be6e79-12db-50fd-8aa6-b4c9584b3938",
                "evidence_cluster_id": "0425d720-96e8-492d-bef7-63153967bfbb",
                "initial_state": "quarantined",
                "input_watermark": 22,
                "key": {
                  "actor_key": "owner",
                  "location_id": "a5a97d44-a72a-f6e7-3ef1-72fba6bb29d3",
                  "object_instance_id": "d912a2b3-2f43-d7ec-6e94-3731240716ea",
                  "parameter_block": "owner_habit_location",
                  "regime_id": "owner-habit"
                },
                "kind": "delta",
                "model_version": "core-prototype-spine@0.1",
                "parent_revision_id": null,
                "record_id": "de3b885d-10cd-4c04-8708-31ba67fee894",
                "revision_id": "c626ec79-0689-50e0-a1fa-6b4c0515419f",
                "semantic_dedup_id": "c626ec79-0689-50e0-a1fa-6b4c0515419f:owner:a5a97d44-a72a-f6e7-3ef1-72fba6bb29d3",
                "source_record_ids": [
                  "5c92c381-7b0e-ff22-e69f-9bc0ae8b37b7"
                ]
              },
              "record_hash": "bf547c2a66d67e3e0c45ec660d6752c6f19362167070a09e18b1ff77e624556a",
              "sequence": 22
            },
            {
              "entry_hash": "4f0fbab5b741852b4c65ba4e45e630a7a7242ad498c7854679b0ffcb0a19855a",
              "previous_hash": "6fc347dd2ca2ac706742187ee4e433fbe81e208ca9d3a979fdfca9ede52cecf1",
              "record": {
                "authorization_scope_id": "118f0f8b-7ac0-5f0d-8a4c-855bc712391b",
                "input_watermark": 23,
                "kind": "promotion",
                "promotes_record_id": "de3b885d-10cd-4c04-8708-31ba67fee894",
                "reason": "owner-attributed hidden-event placement consolidated",
                "record_id": "a8cabb39-bc99-4ae1-88c1-cd043610916a",
                "risk_certificate": {
                  "belief_snapshot_id": "8b53c2d1-403e-4288-bcf1-b132546e621c",
                  "counterfactual_id": "de7427c0-daf4-4265-937c-ff41dae1f76a",
                  "exact_verifier_id": "owner-habit-consolidation@0.1",
                  "expected_task_loss": "0.0",
                  "hard_safety_violations": [],
                  "map_version": 11,
                  "maximum_allowed_risk": "1000000000.0",
                  "subject_delta_record_id": "de3b885d-10cd-4c04-8708-31ba67fee894",
                  "uncertainty_penalty": "0.0"
                }
              },
              "record_hash": "1bc3cd0ad35d6cc072566229394e28e0ce8ab3dbfcf0a3b58b49c5323f85c86d",
              "sequence": 23
            }
          ],
          "manifest": {
            "config_hash": "9a3720b7385e8d92a54f46a8c7d594bce71f63a8e27569569ec2d9e0f99f5dd2",
            "head_hash": "4f0fbab5b741852b4c65ba4e45e630a7a7242ad498c7854679b0ffcb0a19855a",
            "record_count": 24,
            "schema_version": "cpswm.hybrid_ledger_log@1"
          }
        },
        "committed_records": {
          "bd0de4c9-3c64-5ee5-8a05-d29daa4158ef": {
            "location": "44b33099-dee8-2a8b-cc46-e34a555d6659",
            "owner_mass": 0.8196639844033716
          },
          "03bee523-f705-54b7-8808-3b006513752e": {
            "location": "44b33099-dee8-2a8b-cc46-e34a555d6659",
            "owner_mass": 0.8196639844033716
          },
          "0f5685f8-b161-5532-9a33-32b4bed97e07": {
            "location": "44b33099-dee8-2a8b-cc46-e34a555d6659",
            "owner_mass": 0.8196639844033716
          },
          "44607dfc-f2f2-5ede-a2c2-d5eec27f0c96": {
            "location": "44b33099-dee8-2a8b-cc46-e34a555d6659",
            "owner_mass": 0.8196639844033716
          },
          "5c21bcfc-9b20-584a-8376-100096501881": {
            "location": "44b33099-dee8-2a8b-cc46-e34a555d6659",
            "owner_mass": 0.8196639844033716
          },
          "b082733d-132e-5cd7-a07a-ab7f75b013b5": {
            "location": "44b33099-dee8-2a8b-cc46-e34a555d6659",
            "owner_mass": 0.8196639844033716
          },
          "a4003fe4-412c-53c5-a42a-400006776c7e": {
            "location": "44b33099-dee8-2a8b-cc46-e34a555d6659",
            "owner_mass": 0.8196639844033716
          },
          "43e27083-2cb5-5639-ad6d-7bce937d9703": {
            "location": "a5a97d44-a72a-f6e7-3ef1-72fba6bb29d3",
            "owner_mass": 0.19836201405759452
          },
          "9c62dbbc-b649-5a39-bfe0-e68f2fb477fd": {
            "location": "a5a97d44-a72a-f6e7-3ef1-72fba6bb29d3",
            "owner_mass": 0.19836201405759452
          },
          "1b64e1e0-00cd-587e-9f8d-8b459d6bba2a": {
            "location": "a5a97d44-a72a-f6e7-3ef1-72fba6bb29d3",
            "owner_mass": 0.19836201405759452
          },
          "466285fa-f136-5cb6-9569-925f27bc9d5c": {
            "location": "a5a97d44-a72a-f6e7-3ef1-72fba6bb29d3",
            "owner_mass": 0.19836201405759452
          },
          "c626ec79-0689-50e0-a1fa-6b4c0515419f": {
            "location": "a5a97d44-a72a-f6e7-3ef1-72fba6bb29d3",
            "owner_mass": 0.15677482219290834
          }
        },
        "hybrid_alpha": {
          "44b33099-dee8-2a8b-cc46-e34a555d6659": 8.854394893246297,
          "23a2ff08-fd31-2108-19c8-56bbe1bdd947": 0.0,
          "a5a97d44-a72a-f6e7-3ef1-72fba6bb29d3": 1.4663933309001331,
          "b4634a80-b40c-5fe8-e981-d10b5cfd9d0d": 0.0
        },
        "action": {
          "44b33099-dee8-2a8b-cc46-e34a555d6659": 0.8579184749213853,
          "23a2ff08-fd31-2108-19c8-56bbe1bdd947": 0.0,
          "a5a97d44-a72a-f6e7-3ef1-72fba6bb29d3": 0.1420815250786148,
          "b4634a80-b40c-5fe8-e981-d10b5cfd9d0d": 0.0
        },
        "committed": [
          "03bee523-f705-54b7-8808-3b006513752e",
          "0f5685f8-b161-5532-9a33-32b4bed97e07",
          "1b64e1e0-00cd-587e-9f8d-8b459d6bba2a",
          "43e27083-2cb5-5639-ad6d-7bce937d9703",
          "44607dfc-f2f2-5ede-a2c2-d5eec27f0c96",
          "466285fa-f136-5cb6-9569-925f27bc9d5c",
          "5c21bcfc-9b20-584a-8376-100096501881",
          "9c62dbbc-b649-5a39-bfe0-e68f2fb477fd",
          "a4003fe4-412c-53c5-a42a-400006776c7e",
          "b082733d-132e-5cd7-a07a-ab7f75b013b5",
          "bd0de4c9-3c64-5ee5-8a05-d29daa4158ef",
          "c626ec79-0689-50e0-a1fa-6b4c0515419f"
        ],
        "identities": [
          4446101600,
          4443465168,
          4439583472,
          4442176464
        ]
      },
      "after": {
        "observable": "f8d76ebbe64920685b16b912ab6a7977a07d30ef7b17988c38e01214b48f7eda",
        "ledger": "56e75181c1113fcf1f7e968733527445f39d3700f19edc9d62f0fd511450347f",
        "ledger_records": {
          "config": {
            "alpha_prior": 0.0,
            "feature_dim": 1,
            "information_ridge": 1e-06,
            "max_condition_number": 1000000000000.0,
            "ridge": 1e-06
          },
          "entries": [
            {
              "entry_hash": "3508d6b1850dba163cd3edeecadab406da499a387d65e8ec27d89c09fc31807e",
              "previous_hash": "0000000000000000000000000000000000000000000000000000000000000000",
              "record": {
                "authorization_scope_id": "118f0f8b-7ac0-5f0d-8a4c-855bc712391b",
                "code_version": "prototype-spine",
                "content_hash": "e3f032db771fb0b062da966156db7f68f6668aed829eff21b5bc4696f947c070",
                "delta_a": [
                  [
                    1.2649135561780425
                  ]
                ],
                "delta_alpha": "1.2649135561780425",
                "delta_b": [
                  1.6000063046029818
                ],
                "delta_information": [
                  [
                    0.0
                  ]
                ],
                "delta_information_vector": [
                  0.0
                ],
                "event_hypothesis_id": "c4e50041-5dd2-5fac-a3a6-91a9f5d3479c",
                "evidence_cluster_id": "12a0e92a-0655-4e9a-b1da-621dbb669f2c",
                "initial_state": "quarantined",
                "input_watermark": 0,
                "key": {
                  "actor_key": "owner",
                  "location_id": "44b33099-dee8-2a8b-cc46-e34a555d6659",
                  "object_instance_id": "d912a2b3-2f43-d7ec-6e94-3731240716ea",
                  "parameter_block": "owner_habit_location",
                  "regime_id": "owner-habit"
                },
                "kind": "delta",
                "model_version": "core-prototype-spine@0.1",
                "parent_revision_id": null,
                "record_id": "0f5c3a1a-ee76-4186-b022-c6a6244f139e",
                "revision_id": "bd0de4c9-3c64-5ee5-8a05-d29daa4158ef",
                "semantic_dedup_id": "bd0de4c9-3c64-5ee5-8a05-d29daa4158ef:owner:44b33099-dee8-2a8b-cc46-e34a555d6659",
                "source_record_ids": [
                  "df76db36-909a-68bd-e716-7f98c547e510"
                ]
              },
              "record_hash": "7402a0c66c87f2f2d4268c7075304562a5db0ab970351ced71c9729d11f20550",
              "sequence": 0
            },
            {
              "entry_hash": "b8c16698745a8cb8c5f881f6e3a34ff4424da1ab519031f364435d88e3985655",
              "previous_hash": "3508d6b1850dba163cd3edeecadab406da499a387d65e8ec27d89c09fc31807e",
              "record": {
                "authorization_scope_id": "118f0f8b-7ac0-5f0d-8a4c-855bc712391b",
                "input_watermark": 1,
                "kind": "promotion",
                "promotes_record_id": "0f5c3a1a-ee76-4186-b022-c6a6244f139e",
                "reason": "owner-attributed hidden-event placement consolidated",
                "record_id": "8952a07e-c23c-45ab-8bf2-f32381d4da0d",
                "risk_certificate": {
                  "belief_snapshot_id": "d9ba3c92-66fe-4792-a55c-8862b8a5962c",
                  "counterfactual_id": "ffcb67ec-697a-4ba1-9afe-24d807054ee3",
                  "exact_verifier_id": "owner-habit-consolidation@0.1",
                  "expected_task_loss": "0.0",
                  "hard_safety_violations": [],
                  "map_version": 0,
                  "maximum_allowed_risk": "1000000000.0",
                  "subject_delta_record_id": "0f5c3a1a-ee76-4186-b022-c6a6244f139e",
                  "uncertainty_penalty": "0.0"
                }
              },
              "record_hash": "26aac56df17c75b85a3c71d163db018a5ddf6acaf2328283fc2685405ae58599",
              "sequence": 1
            },
            {
              "entry_hash": "f69bd94d6db0a47cb999a17d50f061ae16effadbcde50a64615f3c6ab4e59c21",
              "previous_hash": "b8c16698745a8cb8c5f881f6e3a34ff4424da1ab519031f364435d88e3985655",
              "record": {
                "authorization_scope_id": "118f0f8b-7ac0-5f0d-8a4c-855bc712391b",
                "code_version": "prototype-spine",
                "content_hash": "8dcc4a9641b7b08cdd7bde6463a8d68d8e6f742db5a9e3dd2bf27e9ea3cba50d",
                "delta_a": [
                  [
                    1.2649135561780425
                  ]
                ],
                "delta_alpha": "1.2649135561780425",
                "delta_b": [
                  1.6000063046029818
                ],
                "delta_information": [
                  [
                    0.0
                  ]
                ],
                "delta_information_vector": [
                  0.0
                ],
                "event_hypothesis_id": "5f026914-a7b6-50e2-9cd3-ad28e754b588",
                "evidence_cluster_id": "75a7f45e-073c-449e-841d-0b0beac652df",
                "initial_state": "quarantined",
                "input_watermark": 2,
                "key": {
                  "actor_key": "owner",
                  "location_id": "44b33099-dee8-2a8b-cc46-e34a555d6659",
                  "object_instance_id": "d912a2b3-2f43-d7ec-6e94-3731240716ea",
                  "parameter_block": "owner_habit_location",
                  "regime_id": "owner-habit"
                },
                "kind": "delta",
                "model_version": "core-prototype-spine@0.1",
                "parent_revision_id": null,
                "record_id": "a36fcc92-0373-421b-b6a5-97709d790409",
                "revision_id": "03bee523-f705-54b7-8808-3b006513752e",
                "semantic_dedup_id": "03bee523-f705-54b7-8808-3b006513752e:owner:44b33099-dee8-2a8b-cc46-e34a555d6659",
                "source_record_ids": [
                  "765e9091-ab88-6d74-e5ca-11086fb28b20"
                ]
              },
              "record_hash": "89c403913a2da6bc41421d0626d72a22c1f3e0646a65dbac971bfa75b5bf820b",
              "sequence": 2
            },
            {
              "entry_hash": "cf6b7ffbde8e4a67b0295283929e5d0b9d9e82f03b60e5f1ff435e062d7515aa",
              "previous_hash": "f69bd94d6db0a47cb999a17d50f061ae16effadbcde50a64615f3c6ab4e59c21",
              "record": {
                "authorization_scope_id": "118f0f8b-7ac0-5f0d-8a4c-855bc712391b",
                "input_watermark": 3,
                "kind": "promotion",
                "promotes_record_id": "a36fcc92-0373-421b-b6a5-97709d790409",
                "reason": "owner-attributed hidden-event placement consolidated",
                "record_id": "2f7537f8-1b8f-4594-9205-5b233d67d4b0",
                "risk_certificate": {
                  "belief_snapshot_id": "f40d57d4-6d64-4e77-93c7-03b4a0659c7d",
                  "counterfactual_id": "e92db141-6039-49a5-a2a7-71b6111c17b2",
                  "exact_verifier_id": "owner-habit-consolidation@0.1",
                  "expected_task_loss": "0.0",
                  "hard_safety_violations": [],
                  "map_version": 1,
                  "maximum_allowed_risk": "1000000000.0",
                  "subject_delta_record_id": "a36fcc92-0373-421b-b6a5-97709d790409",
                  "uncertainty_penalty": "0.0"
                }
              },
              "record_hash": "e1a8620c365889be92bd831089c76e8753d8aa25942db6ab157a454db866c364",
              "sequence": 3
            },
            {
              "entry_hash": "d4587240295deac0246dc0b6ae52f7dfbdbc7873ff0b4496c3933aab46999a4f",
              "previous_hash": "cf6b7ffbde8e4a67b0295283929e5d0b9d9e82f03b60e5f1ff435e062d7515aa",
              "record": {
                "authorization_scope_id": "118f0f8b-7ac0-5f0d-8a4c-855bc712391b",
                "code_version": "prototype-spine",
                "content_hash": "09e6d1852e2c22cb1cc2db61055ccf6a14d1726a107602a287435298421c1215",
                "delta_a": [
                  [
                    1.2649135561780425
                  ]
                ],
                "delta_alpha": "1.2649135561780425",
                "delta_b": [
                  1.6000063046029818
                ],
                "delta_information": [
                  [
                    0.0
                  ]
                ],
                "delta_information_vector": [
                  0.0
                ],
                "event_hypothesis_id": "910d541b-aa72-5f2f-89a0-8b0a2b5724fe",
                "evidence_cluster_id": "ccc60ebc-f8eb-4e08-bd87-12df6154244b",
                "initial_state": "quarantined",
                "input_watermark": 4,
                "key": {
                  "actor_key": "owner",
                  "location_id": "44b33099-dee8-2a8b-cc46-e34a555d6659",
                  "object_instance_id": "d912a2b3-2f43-d7ec-6e94-3731240716ea",
                  "parameter_block": "owner_habit_location",
                  "regime_id": "owner-habit"
                },
                "kind": "delta",
                "model_version": "core-prototype-spine@0.1",
                "parent_revision_id": null,
                "record_id": "b3377d7f-7178-47bd-b241-e85964cf367f",
                "revision_id": "0f5685f8-b161-5532-9a33-32b4bed97e07",
                "semantic_dedup_id": "0f5685f8-b161-5532-9a33-32b4bed97e07:owner:44b33099-dee8-2a8b-cc46-e34a555d6659",
                "source_record_ids": [
                  "a528ebc2-14db-748e-9def-d643a9c43f70"
                ]
              },
              "record_hash": "72c58fb5d618491fe54ed0ba476d65da492566f1cd079a5d89ec639e1b1140c5",
              "sequence": 4
            },
            {
              "entry_hash": "e5702e9c2c48315443583edc91958ff25e8872f79aeb0621ee9c21dadc47ec5d",
              "previous_hash": "d4587240295deac0246dc0b6ae52f7dfbdbc7873ff0b4496c3933aab46999a4f",
              "record": {
                "authorization_scope_id": "118f0f8b-7ac0-5f0d-8a4c-855bc712391b",
                "input_watermark": 5,
                "kind": "promotion",
                "promotes_record_id": "b3377d7f-7178-47bd-b241-e85964cf367f",
                "reason": "owner-attributed hidden-event placement consolidated",
                "record_id": "3c2b61ba-1941-41f3-90bd-6f2210c8c080",
                "risk_certificate": {
                  "belief_snapshot_id": "34c0bb1a-0feb-42c7-8308-3b0d1e42304e",
                  "counterfactual_id": "43bafd76-2696-45d4-b8c6-65cc3ee3a7a3",
                  "exact_verifier_id": "owner-habit-consolidation@0.1",
                  "expected_task_loss": "0.0",
                  "hard_safety_violations": [],
                  "map_version": 2,
                  "maximum_allowed_risk": "1000000000.0",
                  "subject_delta_record_id": "b3377d7f-7178-47bd-b241-e85964cf367f",
                  "uncertainty_penalty": "0.0"
                }
              },
              "record_hash": "9277fec26d674b945dc6166db93d60a030f10c6c63d6b61de98b5245fad63dd7",
              "sequence": 5
            },
            {
              "entry_hash": "fa9c06cc5974c988362bc142225a07aa6364f8d31cdd36f67df50636e8a737f9",
              "previous_hash": "e5702e9c2c48315443583edc91958ff25e8872f79aeb0621ee9c21dadc47ec5d",
              "record": {
                "authorization_scope_id": "118f0f8b-7ac0-5f0d-8a4c-855bc712391b",
                "code_version": "prototype-spine",
                "content_hash": "54e24ac903bd0950e24635ad15d0acf9bc016f518b3d43318633e619e0714335",
                "delta_a": [
                  [
                    1.2649135561780425
                  ]
                ],
                "delta_alpha": "1.2649135561780425",
                "delta_b": [
                  1.6000063046029818
                ],
                "delta_information": [
                  [
                    0.0
                  ]
                ],
                "delta_information_vector": [
                  0.0
                ],
                "event_hypothesis_id": "5e82175b-f840-54ef-ae09-3905b6719d04",
                "evidence_cluster_id": "2c11d784-18d0-4d7b-af24-b07bbfadfb86",
                "initial_state": "quarantined",
                "input_watermark": 6,
                "key": {
                  "actor_key": "owner",
                  "location_id": "44b33099-dee8-2a8b-cc46-e34a555d6659",
                  "object_instance_id": "d912a2b3-2f43-d7ec-6e94-3731240716ea",
                  "parameter_block": "owner_habit_location",
                  "regime_id": "owner-habit"
                },
                "kind": "delta",
                "model_version": "core-prototype-spine@0.1",
                "parent_revision_id": null,
                "record_id": "5eb15f9a-93a1-4580-b89f-98fd8f75ca6f",
                "revision_id": "44607dfc-f2f2-5ede-a2c2-d5eec27f0c96",
                "semantic_dedup_id": "44607dfc-f2f2-5ede-a2c2-d5eec27f0c96:owner:44b33099-dee8-2a8b-cc46-e34a555d6659",
                "source_record_ids": [
                  "0582a586-6dba-dbc9-50e5-eb9761db3141"
                ]
              },
              "record_hash": "581e27515637b5d52d9813b25c3ffe90f1a4b8cfe74264873eac574118ffd616",
              "sequence": 6
            },
            {
              "entry_hash": "764405b98aaeb3b28909200f7955630aa5148d3c775a1c7abed8af74e4e24fed",
              "previous_hash": "fa9c06cc5974c988362bc142225a07aa6364f8d31cdd36f67df50636e8a737f9",
              "record": {
                "authorization_scope_id": "118f0f8b-7ac0-5f0d-8a4c-855bc712391b",
                "input_watermark": 7,
                "kind": "promotion",
                "promotes_record_id": "5eb15f9a-93a1-4580-b89f-98fd8f75ca6f",
                "reason": "owner-attributed hidden-event placement consolidated",
                "record_id": "815a9ecf-726d-4b2c-9036-4fc5fb48744e",
                "risk_certificate": {
                  "belief_snapshot_id": "0633234f-8104-4210-850d-6f36cc0f48a1",
                  "counterfactual_id": "ee3441a9-c756-463c-8ad8-c42e2317fff0",
                  "exact_verifier_id": "owner-habit-consolidation@0.1",
                  "expected_task_loss": "0.0",
                  "hard_safety_violations": [],
                  "map_version": 3,
                  "maximum_allowed_risk": "1000000000.0",
                  "subject_delta_record_id": "5eb15f9a-93a1-4580-b89f-98fd8f75ca6f",
                  "uncertainty_penalty": "0.0"
                }
              },
              "record_hash": "36596bee0345fed6163cbb6f8053b1fe8a7b5e94fac3c72512cd153d47adbc1b",
              "sequence": 7
            },
            {
              "entry_hash": "5d0bb342b700a49e85658a1b044f848f81b0c024b7788a521ee6ba7a1bd510ca",
              "previous_hash": "764405b98aaeb3b28909200f7955630aa5148d3c775a1c7abed8af74e4e24fed",
              "record": {
                "authorization_scope_id": "118f0f8b-7ac0-5f0d-8a4c-855bc712391b",
                "code_version": "prototype-spine",
                "content_hash": "f94c73a37753e8f799f268ea404ab618f2e522014a18ab5ad1d6f30566debcad",
                "delta_a": [
                  [
                    1.2649135561780425
                  ]
                ],
                "delta_alpha": "1.2649135561780425",
                "delta_b": [
                  1.6000063046029818
                ],
                "delta_information": [
                  [
                    0.0
                  ]
                ],
                "delta_information_vector": [
                  0.0
                ],
                "event_hypothesis_id": "19962f1c-7ed3-5ebc-82b3-f1e5acfa7f65",
                "evidence_cluster_id": "39bef75f-eacf-4fa0-a5ed-04887297b71d",
                "initial_state": "quarantined",
                "input_watermark": 8,
                "key": {
                  "actor_key": "owner",
                  "location_id": "44b33099-dee8-2a8b-cc46-e34a555d6659",
                  "object_instance_id": "d912a2b3-2f43-d7ec-6e94-3731240716ea",
                  "parameter_block": "owner_habit_location",
                  "regime_id": "owner-habit"
                },
                "kind": "delta",
                "model_version": "core-prototype-spine@0.1",
                "parent_revision_id": null,
                "record_id": "dd8ba576-e2d0-411c-8b33-eb7c11a288b3",
                "revision_id": "5c21bcfc-9b20-584a-8376-100096501881",
                "semantic_dedup_id": "5c21bcfc-9b20-584a-8376-100096501881:owner:44b33099-dee8-2a8b-cc46-e34a555d6659",
                "source_record_ids": [
                  "9755d3b1-ba08-bd94-8880-fda43571cb79"
                ]
              },
              "record_hash": "2388d16da688a3243d32bf8ba7996723aa4c657554ea28149cd7ee21161860bd",
              "sequence": 8
            },
            {
              "entry_hash": "7f950d191c92f6ccaf83f8323faafd89c2eedc6da739c932d1e81fb114025b7d",
              "previous_hash": "5d0bb342b700a49e85658a1b044f848f81b0c024b7788a521ee6ba7a1bd510ca",
              "record": {
                "authorization_scope_id": "118f0f8b-7ac0-5f0d-8a4c-855bc712391b",
                "input_watermark": 9,
                "kind": "promotion",
                "promotes_record_id": "dd8ba576-e2d0-411c-8b33-eb7c11a288b3",
                "reason": "owner-attributed hidden-event placement consolidated",
                "record_id": "148b95c5-1825-4650-9588-79402fc46a8d",
                "risk_certificate": {
                  "belief_snapshot_id": "4b629b71-219a-43fe-8431-cf6c2165f280",
                  "counterfactual_id": "b016a02d-42c5-452b-ba3a-0bc4b2f8537a",
                  "exact_verifier_id": "owner-habit-consolidation@0.1",
                  "expected_task_loss": "0.0",
                  "hard_safety_violations": [],
                  "map_version": 4,
                  "maximum_allowed_risk": "1000000000.0",
                  "subject_delta_record_id": "dd8ba576-e2d0-411c-8b33-eb7c11a288b3",
                  "uncertainty_penalty": "0.0"
                }
              },
              "record_hash": "50af48bba3e298e76fd8fb46d5972864a3d274100359763519d6bf071ef53c7c",
              "sequence": 9
            },
            {
              "entry_hash": "2288faeec43d17f48bcf321e0993a28785ecc43ab579fed0c8ae294d94605fac",
              "previous_hash": "7f950d191c92f6ccaf83f8323faafd89c2eedc6da739c932d1e81fb114025b7d",
              "record": {
                "authorization_scope_id": "118f0f8b-7ac0-5f0d-8a4c-855bc712391b",
                "code_version": "prototype-spine",
                "content_hash": "928a5bf5650783200d2f4529b20e17db9d1cec636d73d498a68e5b315928b94a",
                "delta_a": [
                  [
                    1.2649135561780425
                  ]
                ],
                "delta_alpha": "1.2649135561780425",
                "delta_b": [
                  1.6000063046029818
                ],
                "delta_information": [
                  [
                    0.0
                  ]
                ],
                "delta_information_vector": [
                  0.0
                ],
                "event_hypothesis_id": "6a21c28e-703c-52fa-9ed6-e284132bfee4",
                "evidence_cluster_id": "af247d15-1ca5-45a6-a4f7-800186b6c742",
                "initial_state": "quarantined",
                "input_watermark": 10,
                "key": {
                  "actor_key": "owner",
                  "location_id": "44b33099-dee8-2a8b-cc46-e34a555d6659",
                  "object_instance_id": "d912a2b3-2f43-d7ec-6e94-3731240716ea",
                  "parameter_block": "owner_habit_location",
                  "regime_id": "owner-habit"
                },
                "kind": "delta",
                "model_version": "core-prototype-spine@0.1",
                "parent_revision_id": null,
                "record_id": "9ab09c8d-f2c5-44e1-8cd6-9224cb71981e",
                "revision_id": "b082733d-132e-5cd7-a07a-ab7f75b013b5",
                "semantic_dedup_id": "b082733d-132e-5cd7-a07a-ab7f75b013b5:owner:44b33099-dee8-2a8b-cc46-e34a555d6659",
                "source_record_ids": [
                  "c47e6ad6-73df-4991-9bdf-c2066308d590"
                ]
              },
              "record_hash": "4d7841bcaad19faed379ea50e3131656f476600dbc5369c921c5819a102975eb",
              "sequence": 10
            },
            {
              "entry_hash": "9b47fcb5cbaf1dcfb43ffaa8bdec55bbcd7ffe9ef8424a32fba75cdc88628fc6",
              "previous_hash": "2288faeec43d17f48bcf321e0993a28785ecc43ab579fed0c8ae294d94605fac",
              "record": {
                "authorization_scope_id": "118f0f8b-7ac0-5f0d-8a4c-855bc712391b",
                "input_watermark": 11,
                "kind": "promotion",
                "promotes_record_id": "9ab09c8d-f2c5-44e1-8cd6-9224cb71981e",
                "reason": "owner-attributed hidden-event placement consolidated",
                "record_id": "133402c4-b8bd-4041-b8fb-24690cabc23c",
                "risk_certificate": {
                  "belief_snapshot_id": "378c3585-eea1-4b08-8371-46c46bc2c232",
                  "counterfactual_id": "7f1f8718-8e2a-4815-a674-89808ae316dd",
                  "exact_verifier_id": "owner-habit-consolidation@0.1",
                  "expected_task_loss": "0.0",
                  "hard_safety_violations": [],
                  "map_version": 5,
                  "maximum_allowed_risk": "1000000000.0",
                  "subject_delta_record_id": "9ab09c8d-f2c5-44e1-8cd6-9224cb71981e",
                  "uncertainty_penalty": "0.0"
                }
              },
              "record_hash": "974c33d2e6e54c761dfbddb9fb37813b6503e1e476fc4b7768091a9cffdfb552",
              "sequence": 11
            },
            {
              "entry_hash": "e25c72427a3ebdac5e53897a80c9927cb3e9254b2f7f6696b125c64ad7e38bb6",
              "previous_hash": "9b47fcb5cbaf1dcfb43ffaa8bdec55bbcd7ffe9ef8424a32fba75cdc88628fc6",
              "record": {
                "authorization_scope_id": "118f0f8b-7ac0-5f0d-8a4c-855bc712391b",
                "code_version": "prototype-spine",
                "content_hash": "df6372ee4c17131d725409035c3b15431b0181d51876af4c4c59beac49c26b05",
                "delta_a": [
                  [
                    1.2649135561780425
                  ]
                ],
                "delta_alpha": "1.2649135561780425",
                "delta_b": [
                  1.6000063046029818
                ],
                "delta_information": [
                  [
                    0.0
                  ]
                ],
                "delta_information_vector": [
                  0.0
                ],
                "event_hypothesis_id": "74f8a349-761c-54be-b449-b69ccd5c8045",
                "evidence_cluster_id": "b9912e3a-b0a9-467a-aab8-32ebe905ad72",
                "initial_state": "quarantined",
                "input_watermark": 12,
                "key": {
                  "actor_key": "owner",
                  "location_id": "44b33099-dee8-2a8b-cc46-e34a555d6659",
                  "object_instance_id": "d912a2b3-2f43-d7ec-6e94-3731240716ea",
                  "parameter_block": "owner_habit_location",
                  "regime_id": "owner-habit"
                },
                "kind": "delta",
                "model_version": "core-prototype-spine@0.1",
                "parent_revision_id": null,
                "record_id": "59ac124c-f7dd-4338-8cad-5f7b7f60d1ff",
                "revision_id": "a4003fe4-412c-53c5-a42a-400006776c7e",
                "semantic_dedup_id": "a4003fe4-412c-53c5-a42a-400006776c7e:owner:44b33099-dee8-2a8b-cc46-e34a555d6659",
                "source_record_ids": [
                  "0d96b517-68b4-b012-ec66-2822919dedde"
                ]
              },
              "record_hash": "9c6086e0550d589824687c9763d7a4c7b9b3f74281ce81183fd767f6f4a2554e",
              "sequence": 12
            },
            {
              "entry_hash": "fb703e8e1a5503a5bbc88163ca3d78d0139041aa616a177fbd6e851cd58bffc1",
              "previous_hash": "e25c72427a3ebdac5e53897a80c9927cb3e9254b2f7f6696b125c64ad7e38bb6",
              "record": {
                "authorization_scope_id": "118f0f8b-7ac0-5f0d-8a4c-855bc712391b",
                "input_watermark": 13,
                "kind": "promotion",
                "promotes_record_id": "59ac124c-f7dd-4338-8cad-5f7b7f60d1ff",
                "reason": "owner-attributed hidden-event placement consolidated",
                "record_id": "8e4bdb6c-2c1b-48d3-a730-6d14acf744f0",
                "risk_certificate": {
                  "belief_snapshot_id": "9ddea519-1d68-4b0a-8ba7-9f26e8761380",
                  "counterfactual_id": "bc959af0-e077-4310-aa8b-64e56069a905",
                  "exact_verifier_id": "owner-habit-consolidation@0.1",
                  "expected_task_loss": "0.0",
                  "hard_safety_violations": [],
                  "map_version": 6,
                  "maximum_allowed_risk": "1000000000.0",
                  "subject_delta_record_id": "59ac124c-f7dd-4338-8cad-5f7b7f60d1ff",
                  "uncertainty_penalty": "0.0"
                }
              },
              "record_hash": "7ef1ff704ce3816680c6dc83795974eb6f31e2289f0a2cc138ed8af65c4905e5",
              "sequence": 13
            },
            {
              "entry_hash": "9dd9cf02117ea8827dd8f8a4d2fa689d9a5c4f6c536145c9a78e832199707f09",
              "previous_hash": "fb703e8e1a5503a5bbc88163ca3d78d0139041aa616a177fbd6e851cd58bffc1",
              "record": {
                "authorization_scope_id": "118f0f8b-7ac0-5f0d-8a4c-855bc712391b",
                "code_version": "prototype-spine",
                "content_hash": "9a66521466ca5f043286b9e106c15302ca34763dbb1266b65a7989011e029a24",
                "delta_a": [
                  [
                    0.30611421922468285
                  ]
                ],
                "delta_alpha": "0.30611421922468285",
                "delta_b": [
                  0.09370591521153719
                ],
                "delta_information": [
                  [
                    0.0
                  ]
                ],
                "delta_information_vector": [
                  0.0
                ],
                "event_hypothesis_id": "85c9bd41-0a8b-544c-bd2c-34248b13d2d9",
                "evidence_cluster_id": "2dae9e4b-9d84-49b0-b43b-8937f2290167",
                "initial_state": "quarantined",
                "input_watermark": 14,
                "key": {
                  "actor_key": "owner",
                  "location_id": "a5a97d44-a72a-f6e7-3ef1-72fba6bb29d3",
                  "object_instance_id": "d912a2b3-2f43-d7ec-6e94-3731240716ea",
                  "parameter_block": "owner_habit_location",
                  "regime_id": "owner-habit"
                },
                "kind": "delta",
                "model_version": "core-prototype-spine@0.1",
                "parent_revision_id": null,
                "record_id": "42f90659-7e23-48c6-be72-c2c00333df58",
                "revision_id": "43e27083-2cb5-5639-ad6d-7bce937d9703",
                "semantic_dedup_id": "43e27083-2cb5-5639-ad6d-7bce937d9703:owner:a5a97d44-a72a-f6e7-3ef1-72fba6bb29d3",
                "source_record_ids": [
                  "4c2650fa-cba6-3851-d74e-27ea68538231"
                ]
              },
              "record_hash": "215dff855f8a0ebc8d68d05d6041ce60e934d55e53019101344a561c5207282c",
              "sequence": 14
            },
            {
              "entry_hash": "a3afd2cc001829b61f34a935e051dc579338aa23b586b7a348d0cbe6c0511aad",
              "previous_hash": "9dd9cf02117ea8827dd8f8a4d2fa689d9a5c4f6c536145c9a78e832199707f09",
              "record": {
                "authorization_scope_id": "118f0f8b-7ac0-5f0d-8a4c-855bc712391b",
                "input_watermark": 15,
                "kind": "promotion",
                "promotes_record_id": "42f90659-7e23-48c6-be72-c2c00333df58",
                "reason": "owner-attributed hidden-event placement consolidated",
                "record_id": "366dfda8-8d03-493e-8204-be74c58987bb",
                "risk_certificate": {
                  "belief_snapshot_id": "0d5c4b0c-f28e-4bac-93ad-9dd089fc3afb",
                  "counterfactual_id": "67cae372-45b7-45cd-b155-fa87109eb09d",
                  "exact_verifier_id": "owner-habit-consolidation@0.1",
                  "expected_task_loss": "0.0",
                  "hard_safety_violations": [],
                  "map_version": 7,
                  "maximum_allowed_risk": "1000000000.0",
                  "subject_delta_record_id": "42f90659-7e23-48c6-be72-c2c00333df58",
                  "uncertainty_penalty": "0.0"
                }
              },
              "record_hash": "140842c711e80fce53f90dde553ffe000c268993cfb1c933e0e9f03a35a8b2e4",
              "sequence": 15
            },
            {
              "entry_hash": "b3f12f590c729554c5e16438d8440009ce3c1a9215b3b41106b68b7e5b611e4c",
              "previous_hash": "a3afd2cc001829b61f34a935e051dc579338aa23b586b7a348d0cbe6c0511aad",
              "record": {
                "authorization_scope_id": "118f0f8b-7ac0-5f0d-8a4c-855bc712391b",
                "code_version": "prototype-spine",
                "content_hash": "d813a6ac665a66de77835215bc58b6410ac576f314306b0b4918f3a7e0e065a5",
                "delta_a": [
                  [
                    0.30611421922468285
                  ]
                ],
                "delta_alpha": "0.30611421922468285",
                "delta_b": [
                  0.09370591521153719
                ],
                "delta_information": [
                  [
                    0.0
                  ]
                ],
                "delta_information_vector": [
                  0.0
                ],
                "event_hypothesis_id": "553f7568-e888-5262-97c0-651ce03bb545",
                "evidence_cluster_id": "56f214ce-bd51-41d1-885a-d409c88f8826",
                "initial_state": "quarantined",
                "input_watermark": 16,
                "key": {
                  "actor_key": "owner",
                  "location_id": "a5a97d44-a72a-f6e7-3ef1-72fba6bb29d3",
                  "object_instance_id": "d912a2b3-2f43-d7ec-6e94-3731240716ea",
                  "parameter_block": "owner_habit_location",
                  "regime_id": "owner-habit"
                },
                "kind": "delta",
                "model_version": "core-prototype-spine@0.1",
                "parent_revision_id": null,
                "record_id": "bc5b4dfa-48c4-4d34-91b9-64cbe7e1392c",
                "revision_id": "9c62dbbc-b649-5a39-bfe0-e68f2fb477fd",
                "semantic_dedup_id": "9c62dbbc-b649-5a39-bfe0-e68f2fb477fd:owner:a5a97d44-a72a-f6e7-3ef1-72fba6bb29d3",
                "source_record_ids": [
                  "d659d0e2-a237-8292-b7ae-a240ca5a15e3"
                ]
              },
              "record_hash": "9c6c6808acee25c7a083f16cd63b1afd427ec76341e89807c3d2883faef02d0b",
              "sequence": 16
            },
            {
              "entry_hash": "70ac6273c416351cb0a1acd9ea5ed3a93a8d71457f36ad3c873a7651b28b4ba7",
              "previous_hash": "b3f12f590c729554c5e16438d8440009ce3c1a9215b3b41106b68b7e5b611e4c",
              "record": {
                "authorization_scope_id": "118f0f8b-7ac0-5f0d-8a4c-855bc712391b",
                "input_watermark": 17,
                "kind": "promotion",
                "promotes_record_id": "bc5b4dfa-48c4-4d34-91b9-64cbe7e1392c",
                "reason": "owner-attributed hidden-event placement consolidated",
                "record_id": "aad52ab5-a385-429e-8648-41581a762984",
                "risk_certificate": {
                  "belief_snapshot_id": "f0af1315-63db-4194-bf65-14728cfa8189",
                  "counterfactual_id": "20e919af-e34f-4143-aadc-d55492acbc2d",
                  "exact_verifier_id": "owner-habit-consolidation@0.1",
                  "expected_task_loss": "0.0",
                  "hard_safety_violations": [],
                  "map_version": 8,
                  "maximum_allowed_risk": "1000000000.0",
                  "subject_delta_record_id": "bc5b4dfa-48c4-4d34-91b9-64cbe7e1392c",
                  "uncertainty_penalty": "0.0"
                }
              },
              "record_hash": "19727fac64eab6a99dbabd5895dd91147dbd4966faab4db78b136c6ab201910b",
              "sequence": 17
            },
            {
              "entry_hash": "b9f987dcc32539e8442899edb305a4df2e70eaa5de070bb05d7f190b8d2914c8",
              "previous_hash": "70ac6273c416351cb0a1acd9ea5ed3a93a8d71457f36ad3c873a7651b28b4ba7",
              "record": {
                "authorization_scope_id": "118f0f8b-7ac0-5f0d-8a4c-855bc712391b",
                "code_version": "prototype-spine",
                "content_hash": "cdd0b87e35e8cf6c4319d95f0ca943e7a1939f79b167d28c0e005deb004b9008",
                "delta_a": [
                  [
                    0.30611421922468285
                  ]
                ],
                "delta_alpha": "0.30611421922468285",
                "delta_b": [
                  0.09370591521153719
                ],
                "delta_information": [
                  [
                    0.0
                  ]
                ],
                "delta_information_vector": [
                  0.0
                ],
                "event_hypothesis_id": "1481eaa4-e88e-5407-8d3a-aaff426c10f9",
                "evidence_cluster_id": "fc8abadd-72cb-481c-9864-02040a1194a1",
                "initial_state": "quarantined",
                "input_watermark": 18,
                "key": {
                  "actor_key": "owner",
                  "location_id": "a5a97d44-a72a-f6e7-3ef1-72fba6bb29d3",
                  "object_instance_id": "d912a2b3-2f43-d7ec-6e94-3731240716ea",
                  "parameter_block": "owner_habit_location",
                  "regime_id": "owner-habit"
                },
                "kind": "delta",
                "model_version": "core-prototype-spine@0.1",
                "parent_revision_id": null,
                "record_id": "5040e2e9-2e50-4431-966c-1f72ff19f22e",
                "revision_id": "1b64e1e0-00cd-587e-9f8d-8b459d6bba2a",
                "semantic_dedup_id": "1b64e1e0-00cd-587e-9f8d-8b459d6bba2a:owner:a5a97d44-a72a-f6e7-3ef1-72fba6bb29d3",
                "source_record_ids": [
                  "5550c401-4662-30d8-3ccd-2e0f7888557e"
                ]
              },
              "record_hash": "6f981ff40b8cb674c2a1d4092e37ce59a0c75d59d4c3ad1a4305d17ecd931d7f",
              "sequence": 18
            },
            {
              "entry_hash": "ce6bd03b6ac98e195e031d859a2846b3670c81ed1608670fdb287838bf6547ff",
              "previous_hash": "b9f987dcc32539e8442899edb305a4df2e70eaa5de070bb05d7f190b8d2914c8",
              "record": {
                "authorization_scope_id": "118f0f8b-7ac0-5f0d-8a4c-855bc712391b",
                "input_watermark": 19,
                "kind": "promotion",
                "promotes_record_id": "5040e2e9-2e50-4431-966c-1f72ff19f22e",
                "reason": "owner-attributed hidden-event placement consolidated",
                "record_id": "25cefc43-10a0-42f2-a97d-7cd3a86ff246",
                "risk_certificate": {
                  "belief_snapshot_id": "d943c8a8-62f9-4da0-8730-43ee2b7933e1",
                  "counterfactual_id": "159213bd-c87f-4089-959e-4306232eca21",
                  "exact_verifier_id": "owner-habit-consolidation@0.1",
                  "expected_task_loss": "0.0",
                  "hard_safety_violations": [],
                  "map_version": 9,
                  "maximum_allowed_risk": "1000000000.0",
                  "subject_delta_record_id": "5040e2e9-2e50-4431-966c-1f72ff19f22e",
                  "uncertainty_penalty": "0.0"
                }
              },
              "record_hash": "95ffb4c9bac93da225f6b4a9b0b9207f49fc5ed6f799feba54cd624f732ec122",
              "sequence": 19
            },
            {
              "entry_hash": "748d25e2a801769e1aa9f62e117a4a3dd0126cd0f6cc5579eed19e77452f6302",
              "previous_hash": "ce6bd03b6ac98e195e031d859a2846b3670c81ed1608670fdb287838bf6547ff",
              "record": {
                "authorization_scope_id": "118f0f8b-7ac0-5f0d-8a4c-855bc712391b",
                "code_version": "prototype-spine",
                "content_hash": "c8e686f5f314e71be57d92125dcf21188afba4c6c791e79577b414c0a3452854",
                "delta_a": [
                  [
                    0.30611421922468285
                  ]
                ],
                "delta_alpha": "0.30611421922468285",
                "delta_b": [
                  0.09370591521153719
                ],
                "delta_information": [
                  [
                    0.0
                  ]
                ],
                "delta_information_vector": [
                  0.0
                ],
                "event_hypothesis_id": "356daa53-bcd9-52a8-95bf-08973afe4ecf",
                "evidence_cluster_id": "5479c294-db55-4baa-a1e4-256c34df941c",
                "initial_state": "quarantined",
                "input_watermark": 20,
                "key": {
                  "actor_key": "owner",
                  "location_id": "a5a97d44-a72a-f6e7-3ef1-72fba6bb29d3",
                  "object_instance_id": "d912a2b3-2f43-d7ec-6e94-3731240716ea",
                  "parameter_block": "owner_habit_location",
                  "regime_id": "owner-habit"
                },
                "kind": "delta",
                "model_version": "core-prototype-spine@0.1",
                "parent_revision_id": null,
                "record_id": "e779ba96-de8b-426f-b561-6d137e671276",
                "revision_id": "466285fa-f136-5cb6-9569-925f27bc9d5c",
                "semantic_dedup_id": "466285fa-f136-5cb6-9569-925f27bc9d5c:owner:a5a97d44-a72a-f6e7-3ef1-72fba6bb29d3",
                "source_record_ids": [
                  "c76ad374-196e-7bc4-e3c0-f414f9920dd9"
                ]
              },
              "record_hash": "60f2e52a930435a592f16566f015731a5bf75a16aa647096844a0aaca2feaea3",
              "sequence": 20
            },
            {
              "entry_hash": "a63f84b49b1ef92da15d97bd77f9a51012ea3dfb67393122ea931ba308b1f850",
              "previous_hash": "748d25e2a801769e1aa9f62e117a4a3dd0126cd0f6cc5579eed19e77452f6302",
              "record": {
                "authorization_scope_id": "118f0f8b-7ac0-5f0d-8a4c-855bc712391b",
                "input_watermark": 21,
                "kind": "promotion",
                "promotes_record_id": "e779ba96-de8b-426f-b561-6d137e671276",
                "reason": "owner-attributed hidden-event placement consolidated",
                "record_id": "aef59b8e-c10d-4249-a0b8-1e6daa163db0",
                "risk_certificate": {
                  "belief_snapshot_id": "f1b0710e-5a57-416f-92a4-0002c13ad320",
                  "counterfactual_id": "cdd212aa-e461-4290-a72a-77df86ba04e9",
                  "exact_verifier_id": "owner-habit-consolidation@0.1",
                  "expected_task_loss": "0.0",
                  "hard_safety_violations": [],
                  "map_version": 10,
                  "maximum_allowed_risk": "1000000000.0",
                  "subject_delta_record_id": "e779ba96-de8b-426f-b561-6d137e671276",
                  "uncertainty_penalty": "0.0"
                }
              },
              "record_hash": "e232004d20a6432d3bd05d906a299a24d9c0d860c517596ee325ffe3088cae54",
              "sequence": 21
            },
            {
              "entry_hash": "6fc347dd2ca2ac706742187ee4e433fbe81e208ca9d3a979fdfca9ede52cecf1",
              "previous_hash": "a63f84b49b1ef92da15d97bd77f9a51012ea3dfb67393122ea931ba308b1f850",
              "record": {
                "authorization_scope_id": "118f0f8b-7ac0-5f0d-8a4c-855bc712391b",
                "code_version": "prototype-spine",
                "content_hash": "0aaa3045302ff8dfe770fc8d702097e085a6cfde0873473c9ed29829b9e05ee9",
                "delta_a": [
                  [
                    0.2419364540014017
                  ]
                ],
                "delta_alpha": "0.2419364540014017",
                "delta_b": [
                  0.05853324777477236
                ],
                "delta_information": [
                  [
                    0.0
                  ]
                ],
                "delta_information_vector": [
                  0.0
                ],
                "event_hypothesis_id": "82be6e79-12db-50fd-8aa6-b4c9584b3938",
                "evidence_cluster_id": "0425d720-96e8-492d-bef7-63153967bfbb",
                "initial_state": "quarantined",
                "input_watermark": 22,
                "key": {
                  "actor_key": "owner",
                  "location_id": "a5a97d44-a72a-f6e7-3ef1-72fba6bb29d3",
                  "object_instance_id": "d912a2b3-2f43-d7ec-6e94-3731240716ea",
                  "parameter_block": "owner_habit_location",
                  "regime_id": "owner-habit"
                },
                "kind": "delta",
                "model_version": "core-prototype-spine@0.1",
                "parent_revision_id": null,
                "record_id": "de3b885d-10cd-4c04-8708-31ba67fee894",
                "revision_id": "c626ec79-0689-50e0-a1fa-6b4c0515419f",
                "semantic_dedup_id": "c626ec79-0689-50e0-a1fa-6b4c0515419f:owner:a5a97d44-a72a-f6e7-3ef1-72fba6bb29d3",
                "source_record_ids": [
                  "5c92c381-7b0e-ff22-e69f-9bc0ae8b37b7"
                ]
              },
              "record_hash": "bf547c2a66d67e3e0c45ec660d6752c6f19362167070a09e18b1ff77e624556a",
              "sequence": 22
            },
            {
              "entry_hash": "4f0fbab5b741852b4c65ba4e45e630a7a7242ad498c7854679b0ffcb0a19855a",
              "previous_hash": "6fc347dd2ca2ac706742187ee4e433fbe81e208ca9d3a979fdfca9ede52cecf1",
              "record": {
                "authorization_scope_id": "118f0f8b-7ac0-5f0d-8a4c-855bc712391b",
                "input_watermark": 23,
                "kind": "promotion",
                "promotes_record_id": "de3b885d-10cd-4c04-8708-31ba67fee894",
                "reason": "owner-attributed hidden-event placement consolidated",
                "record_id": "a8cabb39-bc99-4ae1-88c1-cd043610916a",
                "risk_certificate": {
                  "belief_snapshot_id": "8b53c2d1-403e-4288-bcf1-b132546e621c",
                  "counterfactual_id": "de7427c0-daf4-4265-937c-ff41dae1f76a",
                  "exact_verifier_id": "owner-habit-consolidation@0.1",
                  "expected_task_loss": "0.0",
                  "hard_safety_violations": [],
                  "map_version": 11,
                  "maximum_allowed_risk": "1000000000.0",
                  "subject_delta_record_id": "de3b885d-10cd-4c04-8708-31ba67fee894",
                  "uncertainty_penalty": "0.0"
                }
              },
              "record_hash": "1bc3cd0ad35d6cc072566229394e28e0ce8ab3dbfcf0a3b58b49c5323f85c86d",
              "sequence": 23
            }
          ],
          "manifest": {
            "config_hash": "9a3720b7385e8d92a54f46a8c7d594bce71f63a8e27569569ec2d9e0f99f5dd2",
            "head_hash": "4f0fbab5b741852b4c65ba4e45e630a7a7242ad498c7854679b0ffcb0a19855a",
            "record_count": 24,
            "schema_version": "cpswm.hybrid_ledger_log@1"
          }
        },
        "committed_records": {
          "bd0de4c9-3c64-5ee5-8a05-d29daa4158ef": {
            "location": "44b33099-dee8-2a8b-cc46-e34a555d6659",
            "owner_mass": 0.8196639844033716
          },
          "03bee523-f705-54b7-8808-3b006513752e": {
            "location": "44b33099-dee8-2a8b-cc46-e34a555d6659",
            "owner_mass": 0.8196639844033716
          },
          "0f5685f8-b161-5532-9a33-32b4bed97e07": {
            "location": "44b33099-dee8-2a8b-cc46-e34a555d6659",
            "owner_mass": 0.8196639844033716
          },
          "44607dfc-f2f2-5ede-a2c2-d5eec27f0c96": {
            "location": "44b33099-dee8-2a8b-cc46-e34a555d6659",
            "owner_mass": 0.8196639844033716
          },
          "5c21bcfc-9b20-584a-8376-100096501881": {
            "location": "44b33099-dee8-2a8b-cc46-e34a555d6659",
            "owner_mass": 0.8196639844033716
          },
          "b082733d-132e-5cd7-a07a-ab7f75b013b5": {
            "location": "44b33099-dee8-2a8b-cc46-e34a555d6659",
            "owner_mass": 0.8196639844033716
          },
          "a4003fe4-412c-53c5-a42a-400006776c7e": {
            "location": "44b33099-dee8-2a8b-cc46-e34a555d6659",
            "owner_mass": 0.8196639844033716
          },
          "43e27083-2cb5-5639-ad6d-7bce937d9703": {
            "location": "a5a97d44-a72a-f6e7-3ef1-72fba6bb29d3",
            "owner_mass": 0.19836201405759452
          },
          "9c62dbbc-b649-5a39-bfe0-e68f2fb477fd": {
            "location": "a5a97d44-a72a-f6e7-3ef1-72fba6bb29d3",
            "owner_mass": 0.19836201405759452
          },
          "1b64e1e0-00cd-587e-9f8d-8b459d6bba2a": {
            "location": "a5a97d44-a72a-f6e7-3ef1-72fba6bb29d3",
            "owner_mass": 0.19836201405759452
          },
          "466285fa-f136-5cb6-9569-925f27bc9d5c": {
            "location": "a5a97d44-a72a-f6e7-3ef1-72fba6bb29d3",
            "owner_mass": 0.19836201405759452
          },
          "c626ec79-0689-50e0-a1fa-6b4c0515419f": {
            "location": "a5a97d44-a72a-f6e7-3ef1-72fba6bb29d3",
            "owner_mass": 0.15677482219290834
          }
        },
        "hybrid_alpha": {
          "44b33099-dee8-2a8b-cc46-e34a555d6659": 8.854394893246297,
          "23a2ff08-fd31-2108-19c8-56bbe1bdd947": 0.0,
          "a5a97d44-a72a-f6e7-3ef1-72fba6bb29d3": 1.4663933309001331,
          "b4634a80-b40c-5fe8-e981-d10b5cfd9d0d": 0.0
        },
        "action": {
          "44b33099-dee8-2a8b-cc46-e34a555d6659": 0.8579184749213853,
          "23a2ff08-fd31-2108-19c8-56bbe1bdd947": 0.0,
          "a5a97d44-a72a-f6e7-3ef1-72fba6bb29d3": 0.1420815250786148,
          "b4634a80-b40c-5fe8-e981-d10b5cfd9d0d": 0.0
        },
        "committed": [
          "03bee523-f705-54b7-8808-3b006513752e",
          "0f5685f8-b161-5532-9a33-32b4bed97e07",
          "1b64e1e0-00cd-587e-9f8d-8b459d6bba2a",
          "43e27083-2cb5-5639-ad6d-7bce937d9703",
          "44607dfc-f2f2-5ede-a2c2-d5eec27f0c96",
          "466285fa-f136-5cb6-9569-925f27bc9d5c",
          "5c21bcfc-9b20-584a-8376-100096501881",
          "9c62dbbc-b649-5a39-bfe0-e68f2fb477fd",
          "a4003fe4-412c-53c5-a42a-400006776c7e",
          "b082733d-132e-5cd7-a07a-ab7f75b013b5",
          "bd0de4c9-3c64-5ee5-8a05-d29daa4158ef",
          "c626ec79-0689-50e0-a1fa-6b4c0515419f"
        ],
        "identities": [
          4446101600,
          4443465168,
          4439583472,
          4442176464
        ]
      },
      "action_distribution_changed": false,
      "checks_passed": true
    }
  ]
}
