bringing up nodes...
bringing up nodes...

........................................................................ [  5%]
........................................................................ [ 11%]
........................................................................ [ 17%]
........................................................................ [ 22%]
........................................................................ [ 28%]
........................................................................ [ 34%]
........................................................................ [ 39%]
........................................................................ [ 45%]
........................................................................ [ 51%]
........................................................................ [ 56%]
........................................................................ [ 62%]
........................................................................ [ 68%]
........................................................................ [ 74%]
........................................................................ [ 79%]
........F...........................FF.F.F...F...............F.F........ [ 85%]
........F.F.......F......F......F.F..F.F.F..F.FF..F.FF..........F.F.F... [ 91%]
.F.F.................................................................... [ 96%]
.....F..................................                                 [100%]
=================================== FAILURES ===================================
__________ test_real_cli_without_unified_root_can_only_record_waiting __________
[gw1] darwin -- Python 3.13.5 /private/tmp/cpswm-pc-a-unified-runtime-20260913/.venv/bin/python

    def test_real_cli_without_unified_root_can_only_record_waiting():
        run = ROOT / RUN_AREA / ("fixture_waiting_" + uuid.uuid4().hex)
        result = command([sys.executable, str(TOOL), "--run-dir", str(run)], cwd=ROOT, timeout=90)
>       assert result.returncode == 0, result.stderr
E       AssertionError: {"status": "FAILED", "error": "unsafe test/import environment: PYTHONPATH"}
E         
E       assert 1 == 0
E        +  where 1 = CompletedProcess(args=['/private/tmp/cpswm-pc-a-unified-runtime-20260913/.venv/bin/python', '/private/tmp/cpswm-pc-a-u...3cf'], returncode=1, stdout='', stderr='{"status": "FAILED", "error": "unsafe test/import environment: PYTHONPATH"}\n').returncode

tests/test_structure_two_unified_acceptance.py:471: AssertionError
----------------------------- Captured stdout call -----------------------------
{"argv": ["/private/tmp/cpswm-pc-a-unified-runtime-20260913/.venv/bin/python", "/private/tmp/cpswm-pc-a-unified-runtime-20260913/tools/structure_two_unified_acceptance.py", "--run-dir", "/private/tmp/cpswm-pc-a-unified-runtime-20260913/docs/reviews/data/structure_two_unified_acceptance_runs/fixture_waiting_1e6721e4897a4ed8953d25442a9463cf"], "cwd": "/private/tmp/cpswm-pc-a-unified-runtime-20260913", "exit_code": 1, "stdout": "", "stderr": "{\"status\": \"FAILED\", \"error\": \"unsafe test/import environment: PYTHONPATH\"}\n"}
___________ test_copied_venv_old_shebang_is_not_used_by_real_matrix ____________
[gw1] darwin -- Python 3.13.5 /private/tmp/cpswm-pc-a-unified-runtime-20260913/.venv/bin/python

runtime_tree = PosixPath('/private/var/folders/x2/000r8p0n6s393lj2sg8wk5f40000gn/T/pytest-of-pangwei/pytest-1922/popen-gw1/actual_pytest_checkout0')

    def test_copied_venv_old_shebang_is_not_used_by_real_matrix(runtime_tree):
        root = runtime_tree
        shebang = (root / ".venv/bin/pytest").read_text().splitlines()[0]
        assert str(ROOT / ".venv/bin/python") in shebang
        journal, stage = prepare(root, "def test_live():\n import cpswm\n assert cpswm.VALUE == 7\n")
>       execute(root, journal, stage)

tests/test_structure_two_unified_dependencies.py:85: 
_ _ _ _ _ _ _ _ _ _ _ _ _ _ _ _ _ _ _ _ _ _ _ _ _ _ _ _ _ _ _ _ _ _ _ _ _ _ _ _ 
tests/test_structure_two_unified_dependencies.py:70: in execute
    coordinator.run_stages(
_ _ _ _ _ _ _ _ _ _ _ _ _ _ _ _ _ _ _ _ _ _ _ _ _ _ _ _ _ _ _ _ _ _ _ _ _ _ _ _ 

root = PosixPath('/private/var/folders/x2/000r8p0n6s393lj2sg8wk5f40000gn/T/pytest-of-pangwei/pytest-1922/popen-gw1/actual_pytest_checkout0')
journal = <_unified_acceptance_regression.Journal object at 0x10cac0b30>
stages = (Stage(name='matrix', argv=('/private/var/folders/x2/000r8p0n6s393lj2sg8wk5f40000gn/T/pytest-of-pangwei/pytest-1922/po..., new_outputs=(), test_nodes=('tests/test_fixture_300a3e63ef4143528bd48039a8c03fa4.py',), native_plugin_policy=False),)
frozen = {'head': 'd5e8249298f61acde210aacd502f77345c5b18a6', 'files': {'.gitignore': '4409b253ac33acb862192f9cad8583ed3fe0bac9...962d340bdfea0c4c786fde8c332cbe265', ...}, 'sha256': 'd858b2ca128e56f2336031ceb24d9b5acec425470febe2bbf78130e4f7351cc4'}
excluded = ()
environment = {'prefix': '/private/var/folders/x2/000r8p0n6s393lj2sg8wk5f40000gn/T/pytest-of-pangwei/pytest-1922/popen-gw1/actual_py...otated-types', '0.8.0'], ['antlr4-python3-runtime', '4.9.3'], ['ast_serialize', '0.8.0'], ['cffi', '2.1.1'], ...], ...}
before_stage = None

    def run_stages(root, journal, stages, frozen, excluded, *, environment=None, before_stage=None):
        """Shared execution engine. No loaded journal can skip a stage or grant success."""
        journal.value.update(
            status="RUNNING", source_before=frozen, required_stages=[s.name for s in stages]
        )
        journal.save()
        locked = []
        completed = set()
        try:
            for stage in stages:
                if not set(stage.requires).issubset(completed):
                    raise ValueError("REQUIRED_PRODUCER_NOT_COMPLETED: " + stage.name)
                frozen_paths = {p for paths, _ in locked for p in paths}
                if not set(stage.required_artifacts).issubset(frozen_paths):
                    raise ValueError("REQUIRED_VERIFIED_ARTIFACT_ABSENT: " + stage.name)
                for name in stage.new_outputs:
                    path = root / name
                    if path.exists() or path.is_symlink():
                        raise ValueError("generation requires new output: " + name)
                require_artifacts(root, locked)
                require_snapshot(root, frozen, excluded)
                if environment is not None and execution_environment(root) != environment:
                    raise ValueError("execution environment changed before stage")
                if before_stage is not None:
                    before_stage(stage.name)
                if not stage.name.replace("_", "").isalnum():
                    raise ValueError("unsafe stage name")
                row = {
                    "name": stage.name,
                    "argv": list(stage.argv),
                    "cwd": str(root),
                    "status": "RUNNING",
                    "environment_overrides": dict(stage.environment),
                    "started_unix": time.time(),
                }
                journal.value["stages"].append(row)
                journal.save()
                output = journal.path / (stage.name + ".stdout.log")
                error = journal.path / (stage.name + ".stderr.log")
                proc = None
                runtime = None
                if stage.test_nodes:
                    runtime = prepare_test_runtime(root, journal, stage, frozen, environment)
                elif stage.junit and environment is not None:
                    raise ValueError("native test matrix requires actual runtime observations")
                try:
                    with output.open("xb") as stdout, error.open("xb") as stderr:
                        proc = subprocess.Popen(
                            stage.argv,
                            cwd=root,
                            stdout=stdout,
                            stderr=stderr,
                            start_new_session=True,
                            env={**os.environ, **dict(stage.environment)},
                        )
                        row["pid"] = proc.pid
                        journal.save()
                        if runtime is not None:
                            while proc.poll() is None:
                                rejections = list(runtime[0].glob("*.reject.json"))
                                if rejections:
                                    row["runtime_rejections"] = [
                                        json.loads(p.read_text()) for p in rejections
                                    ]
                                    # Most rejecting pytest processes exit immediately. Let
                                    # them flush real diagnostics; early worker failures may
                                    # instead wait for xdist, so bound this grace period.
                                    with suppress(subprocess.TimeoutExpired):
                                        proc.wait(timeout=1)
>                                   raise ValueError("ACTUAL_TEST_RUNTIME_REJECTED: " + stage.name)
E                                   ValueError: ACTUAL_TEST_RUNTIME_REJECTED: matrix

tools/structure_two_unified_acceptance.py:594: ValueError
----------------------------- Captured stdout call -----------------------------
{"journal": "/private/var/folders/x2/000r8p0n6s393lj2sg8wk5f40000gn/T/pytest-of-pangwei/pytest-1922/popen-gw1/actual_pytest_checkout0/docs/reviews/data/structure_two_unified_acceptance_runs/test_fixture_300a3e63ef4143528bd48039a8c03fa4", "status": "FAILED"}
________ test_actual_xdist_workers_use_matching_interpreter_and_modules ________
[gw1] darwin -- Python 3.13.5 /private/tmp/cpswm-pc-a-unified-runtime-20260913/.venv/bin/python

runtime_tree = PosixPath('/private/var/folders/x2/000r8p0n6s393lj2sg8wk5f40000gn/T/pytest-of-pangwei/pytest-1922/popen-gw1/actual_pytest_checkout0')

    def test_actual_xdist_workers_use_matching_interpreter_and_modules(runtime_tree):
        journal, stage = prepare(
            runtime_tree,
            "import pytest\n@pytest.mark.parametrize('n', range(4))\n"
            "def test_live(n):\n import cpswm\n assert cpswm.VALUE == 7\n",
        )
        stage = replace(stage, argv=(*stage.argv, "-n", "2"))
>       execute(runtime_tree, journal, stage)

tests/test_structure_two_unified_dependencies.py:103: 
_ _ _ _ _ _ _ _ _ _ _ _ _ _ _ _ _ _ _ _ _ _ _ _ _ _ _ _ _ _ _ _ _ _ _ _ _ _ _ _ 
tests/test_structure_two_unified_dependencies.py:70: in execute
    coordinator.run_stages(
_ _ _ _ _ _ _ _ _ _ _ _ _ _ _ _ _ _ _ _ _ _ _ _ _ _ _ _ _ _ _ _ _ _ _ _ _ _ _ _ 

root = PosixPath('/private/var/folders/x2/000r8p0n6s393lj2sg8wk5f40000gn/T/pytest-of-pangwei/pytest-1922/popen-gw1/actual_pytest_checkout0')
journal = <_unified_acceptance_regression.Journal object at 0x110a16090>
stages = (Stage(name='matrix', argv=('/private/var/folders/x2/000r8p0n6s393lj2sg8wk5f40000gn/T/pytest-of-pangwei/pytest-1922/po..., new_outputs=(), test_nodes=('tests/test_fixture_6ecb27c6e1344b11bf06cbabd8f5c4c1.py',), native_plugin_policy=False),)
frozen = {'head': 'd5e8249298f61acde210aacd502f77345c5b18a6', 'files': {'.gitignore': '4409b253ac33acb862192f9cad8583ed3fe0bac9...962d340bdfea0c4c786fde8c332cbe265', ...}, 'sha256': 'eb6e4c64ee094515edb4ce9f80e17776dd3a85f4e17604d5dba1c689cfac48dd'}
excluded = ()
environment = {'prefix': '/private/var/folders/x2/000r8p0n6s393lj2sg8wk5f40000gn/T/pytest-of-pangwei/pytest-1922/popen-gw1/actual_py...otated-types', '0.8.0'], ['antlr4-python3-runtime', '4.9.3'], ['ast_serialize', '0.8.0'], ['cffi', '2.1.1'], ...], ...}
before_stage = None

    def run_stages(root, journal, stages, frozen, excluded, *, environment=None, before_stage=None):
        """Shared execution engine. No loaded journal can skip a stage or grant success."""
        journal.value.update(
            status="RUNNING", source_before=frozen, required_stages=[s.name for s in stages]
        )
        journal.save()
        locked = []
        completed = set()
        try:
            for stage in stages:
                if not set(stage.requires).issubset(completed):
                    raise ValueError("REQUIRED_PRODUCER_NOT_COMPLETED: " + stage.name)
                frozen_paths = {p for paths, _ in locked for p in paths}
                if not set(stage.required_artifacts).issubset(frozen_paths):
                    raise ValueError("REQUIRED_VERIFIED_ARTIFACT_ABSENT: " + stage.name)
                for name in stage.new_outputs:
                    path = root / name
                    if path.exists() or path.is_symlink():
                        raise ValueError("generation requires new output: " + name)
                require_artifacts(root, locked)
                require_snapshot(root, frozen, excluded)
                if environment is not None and execution_environment(root) != environment:
                    raise ValueError("execution environment changed before stage")
                if before_stage is not None:
                    before_stage(stage.name)
                if not stage.name.replace("_", "").isalnum():
                    raise ValueError("unsafe stage name")
                row = {
                    "name": stage.name,
                    "argv": list(stage.argv),
                    "cwd": str(root),
                    "status": "RUNNING",
                    "environment_overrides": dict(stage.environment),
                    "started_unix": time.time(),
                }
                journal.value["stages"].append(row)
                journal.save()
                output = journal.path / (stage.name + ".stdout.log")
                error = journal.path / (stage.name + ".stderr.log")
                proc = None
                runtime = None
                if stage.test_nodes:
                    runtime = prepare_test_runtime(root, journal, stage, frozen, environment)
                elif stage.junit and environment is not None:
                    raise ValueError("native test matrix requires actual runtime observations")
                try:
                    with output.open("xb") as stdout, error.open("xb") as stderr:
                        proc = subprocess.Popen(
                            stage.argv,
                            cwd=root,
                            stdout=stdout,
                            stderr=stderr,
                            start_new_session=True,
                            env={**os.environ, **dict(stage.environment)},
                        )
                        row["pid"] = proc.pid
                        journal.save()
                        if runtime is not None:
                            while proc.poll() is None:
                                rejections = list(runtime[0].glob("*.reject.json"))
                                if rejections:
                                    row["runtime_rejections"] = [
                                        json.loads(p.read_text()) for p in rejections
                                    ]
                                    # Most rejecting pytest processes exit immediately. Let
                                    # them flush real diagnostics; early worker failures may
                                    # instead wait for xdist, so bound this grace period.
                                    with suppress(subprocess.TimeoutExpired):
                                        proc.wait(timeout=1)
>                                   raise ValueError("ACTUAL_TEST_RUNTIME_REJECTED: " + stage.name)
E                                   ValueError: ACTUAL_TEST_RUNTIME_REJECTED: matrix

tools/structure_two_unified_acceptance.py:594: ValueError
----------------------------- Captured stdout call -----------------------------
{"journal": "/private/var/folders/x2/000r8p0n6s393lj2sg8wk5f40000gn/T/pytest-of-pangwei/pytest-1922/popen-gw1/actual_pytest_checkout0/docs/reviews/data/structure_two_unified_acceptance_runs/test_fixture_6ecb27c6e1344b11bf06cbabd8f5c4c1", "status": "FAILED"}
________________ test_actual_foreign_worker_interpreter_refused ________________
[gw1] darwin -- Python 3.13.5 /private/tmp/cpswm-pc-a-unified-runtime-20260913/.venv/bin/python

runtime_tree = PosixPath('/private/var/folders/x2/000r8p0n6s393lj2sg8wk5f40000gn/T/pytest-of-pangwei/pytest-1922/popen-gw1/actual_pytest_checkout0')

    def test_actual_foreign_worker_interpreter_refused(runtime_tree):
        journal, stage = prepare(runtime_tree, "def test_live():\n assert True\n")
        stage = replace(
            stage, argv=(*stage.argv, "--dist=load", "--tx=popen//python=" + sys.executable)
        )
        with pytest.raises(ValueError, match=r"STAGE_FAILED|ACTUAL_TEST_RUNTIME_REJECTED"):
            execute(runtime_tree, journal, stage)
        logs = (journal.path / "matrix.stdout.log").read_text() + (
            journal.path / "matrix.stderr.log"
        ).read_text()
        # Coordinator may stop xdist before its buffered stderr is flushed. The
        # worker's exclusive failure observation carries the actual rejection.
        observed = state(journal)["stages"][0].get("runtime_rejections", [])
>       assert "ACTUAL_TEST_INTERPRETER_MISMATCH" in logs + json.dumps(observed)
E       assert 'ACTUAL_TEST_INTERPRETER_MISMATCH' in ('ERROR: UNSAFE_ACTUAL_TEST_ENVIRONMENT: PYTHONPATH\n\n' + '[{"pid": 31046, "error": "UNSAFE_ACTUAL_TEST_ENVIRONMENT: PYTHONPATH"}]')
E        +  where '[{"pid": 31046, "error": "UNSAFE_ACTUAL_TEST_ENVIRONMENT: PYTHONPATH"}]' = <function dumps at 0x103c84860>([{'pid': 31046, 'error': 'UNSAFE_ACTUAL_TEST_ENVIRONMENT: PYTHONPATH'}])
E        +    where <function dumps at 0x103c84860> = json.dumps

tests/test_structure_two_unified_dependencies.py:124: AssertionError
----------------------------- Captured stdout call -----------------------------
{"journal": "/private/var/folders/x2/000r8p0n6s393lj2sg8wk5f40000gn/T/pytest-of-pangwei/pytest-1922/popen-gw1/actual_pytest_checkout0/docs/reviews/data/structure_two_unified_acceptance_runs/test_fixture_0b0d242b10db4d30808cdb1f1cdcb9df", "status": "FAILED"}
_ test_real_foreign_module_loaded_during_test_refused_before_completion[cpswm] _
[gw1] darwin -- Python 3.13.5 /private/tmp/cpswm-pc-a-unified-runtime-20260913/.venv/bin/python

runtime_tree = PosixPath('/private/var/folders/x2/000r8p0n6s393lj2sg8wk5f40000gn/T/pytest-of-pangwei/pytest-1922/popen-gw1/actual_pytest_checkout0')
tmp_path = PosixPath('/private/var/folders/x2/000r8p0n6s393lj2sg8wk5f40000gn/T/pytest-of-pangwei/pytest-1922/popen-gw1/test_real_foreign_module_loade0')
module = 'cpswm'

    @pytest.mark.parametrize("module", ["cpswm", "pytest"])
    def test_real_foreign_module_loaded_during_test_refused_before_completion(
        runtime_tree, tmp_path, module
    ):
        foreign = tmp_path / (module + ".py")
        foreign.write_text("VALUE = 99\n")
        code = f"""def test_foreign():
     import importlib.util, sys
     spec=importlib.util.spec_from_file_location({module!r}, {str(foreign)!r})
     loaded=importlib.util.module_from_spec(spec)
     spec.loader.exec_module(loaded)
     sys.modules[{module!r}]=loaded
     assert loaded.VALUE == 99
    """
        journal, stage = prepare(runtime_tree, code)
        with pytest.raises(ValueError, match=r"STAGE_FAILED|ACTUAL_TEST_RUNTIME_REJECTED"):
            execute(runtime_tree, journal, stage)
        logs = (journal.path / "matrix.stdout.log").read_text() + (
            journal.path / "matrix.stderr.log"
        ).read_text()
>       assert "ACTUAL_TEST_MODULE_SOURCE_MISMATCH" in logs
E       AssertionError: assert 'ACTUAL_TEST_MODULE_SOURCE_MISMATCH' in 'ERROR: UNSAFE_ACTUAL_TEST_ENVIRONMENT: PYTHONPATH\n\n'

tests/test_structure_two_unified_dependencies.py:148: AssertionError
----------------------------- Captured stdout call -----------------------------
{"journal": "/private/var/folders/x2/000r8p0n6s393lj2sg8wk5f40000gn/T/pytest-of-pangwei/pytest-1922/popen-gw1/actual_pytest_checkout0/docs/reviews/data/structure_two_unified_acceptance_runs/test_fixture_00e5870589054be58caf6d1d9e3edcb9", "status": "FAILED"}
_ test_real_foreign_module_loaded_during_test_refused_before_completion[pytest] _
[gw1] darwin -- Python 3.13.5 /private/tmp/cpswm-pc-a-unified-runtime-20260913/.venv/bin/python

runtime_tree = PosixPath('/private/var/folders/x2/000r8p0n6s393lj2sg8wk5f40000gn/T/pytest-of-pangwei/pytest-1922/popen-gw1/actual_pytest_checkout0')
tmp_path = PosixPath('/private/var/folders/x2/000r8p0n6s393lj2sg8wk5f40000gn/T/pytest-of-pangwei/pytest-1922/popen-gw1/test_real_foreign_module_loade1')
module = 'pytest'

    @pytest.mark.parametrize("module", ["cpswm", "pytest"])
    def test_real_foreign_module_loaded_during_test_refused_before_completion(
        runtime_tree, tmp_path, module
    ):
        foreign = tmp_path / (module + ".py")
        foreign.write_text("VALUE = 99\n")
        code = f"""def test_foreign():
     import importlib.util, sys
     spec=importlib.util.spec_from_file_location({module!r}, {str(foreign)!r})
     loaded=importlib.util.module_from_spec(spec)
     spec.loader.exec_module(loaded)
     sys.modules[{module!r}]=loaded
     assert loaded.VALUE == 99
    """
        journal, stage = prepare(runtime_tree, code)
        with pytest.raises(ValueError, match=r"STAGE_FAILED|ACTUAL_TEST_RUNTIME_REJECTED"):
            execute(runtime_tree, journal, stage)
        logs = (journal.path / "matrix.stdout.log").read_text() + (
            journal.path / "matrix.stderr.log"
        ).read_text()
>       assert "ACTUAL_TEST_MODULE_SOURCE_MISMATCH" in logs
E       AssertionError: assert 'ACTUAL_TEST_MODULE_SOURCE_MISMATCH' in 'ERROR: UNSAFE_ACTUAL_TEST_ENVIRONMENT: PYTHONPATH\n\n'

tests/test_structure_two_unified_dependencies.py:148: AssertionError
----------------------------- Captured stdout call -----------------------------
{"journal": "/private/var/folders/x2/000r8p0n6s393lj2sg8wk5f40000gn/T/pytest-of-pangwei/pytest-1922/popen-gw1/actual_pytest_checkout0/docs/reviews/data/structure_two_unified_acceptance_runs/test_fixture_2306669903c5405abac67eeb702c9f56", "status": "FAILED"}
________ test_real_matrix_retry_keeps_failed_journal_and_executes_again ________
[gw1] darwin -- Python 3.13.5 /private/tmp/cpswm-pc-a-unified-runtime-20260913/.venv/bin/python

runtime_tree = PosixPath('/private/var/folders/x2/000r8p0n6s393lj2sg8wk5f40000gn/T/pytest-of-pangwei/pytest-1922/popen-gw1/actual_pytest_checkout0')

    def test_real_matrix_retry_keeps_failed_journal_and_executes_again(runtime_tree):
        first, broken = prepare(runtime_tree, "def test_live():\n assert False\n")
        with pytest.raises(ValueError):
            execute(runtime_tree, first, broken)
        retained = (first.path / "state.json").read_bytes()
        second, fixed = prepare(runtime_tree, "def test_live():\n assert True\n")
>       execute(runtime_tree, second, fixed)

tests/test_structure_two_unified_dependencies.py:188: 
_ _ _ _ _ _ _ _ _ _ _ _ _ _ _ _ _ _ _ _ _ _ _ _ _ _ _ _ _ _ _ _ _ _ _ _ _ _ _ _ 
tests/test_structure_two_unified_dependencies.py:70: in execute
    coordinator.run_stages(
_ _ _ _ _ _ _ _ _ _ _ _ _ _ _ _ _ _ _ _ _ _ _ _ _ _ _ _ _ _ _ _ _ _ _ _ _ _ _ _ 

root = PosixPath('/private/var/folders/x2/000r8p0n6s393lj2sg8wk5f40000gn/T/pytest-of-pangwei/pytest-1922/popen-gw1/actual_pytest_checkout0')
journal = <_unified_acceptance_regression.Journal object at 0x10e2c4050>
stages = (Stage(name='matrix', argv=('/private/var/folders/x2/000r8p0n6s393lj2sg8wk5f40000gn/T/pytest-of-pangwei/pytest-1922/po..., new_outputs=(), test_nodes=('tests/test_fixture_10d8d9a947e0440390c21b0fe1e2ff1c.py',), native_plugin_policy=False),)
frozen = {'head': 'd5e8249298f61acde210aacd502f77345c5b18a6', 'files': {'.gitignore': '4409b253ac33acb862192f9cad8583ed3fe0bac9...5bcbab728087bc3d9dae3346dabbc29c2', ...}, 'sha256': '5883d2b5343d2765da1fc1ac49cd813c2704871120c30a8b19e9d396e1c7b5b0'}
excluded = ()
environment = {'prefix': '/private/var/folders/x2/000r8p0n6s393lj2sg8wk5f40000gn/T/pytest-of-pangwei/pytest-1922/popen-gw1/actual_py...otated-types', '0.8.0'], ['antlr4-python3-runtime', '4.9.3'], ['ast_serialize', '0.8.0'], ['cffi', '2.1.1'], ...], ...}
before_stage = None

    def run_stages(root, journal, stages, frozen, excluded, *, environment=None, before_stage=None):
        """Shared execution engine. No loaded journal can skip a stage or grant success."""
        journal.value.update(
            status="RUNNING", source_before=frozen, required_stages=[s.name for s in stages]
        )
        journal.save()
        locked = []
        completed = set()
        try:
            for stage in stages:
                if not set(stage.requires).issubset(completed):
                    raise ValueError("REQUIRED_PRODUCER_NOT_COMPLETED: " + stage.name)
                frozen_paths = {p for paths, _ in locked for p in paths}
                if not set(stage.required_artifacts).issubset(frozen_paths):
                    raise ValueError("REQUIRED_VERIFIED_ARTIFACT_ABSENT: " + stage.name)
                for name in stage.new_outputs:
                    path = root / name
                    if path.exists() or path.is_symlink():
                        raise ValueError("generation requires new output: " + name)
                require_artifacts(root, locked)
                require_snapshot(root, frozen, excluded)
                if environment is not None and execution_environment(root) != environment:
                    raise ValueError("execution environment changed before stage")
                if before_stage is not None:
                    before_stage(stage.name)
                if not stage.name.replace("_", "").isalnum():
                    raise ValueError("unsafe stage name")
                row = {
                    "name": stage.name,
                    "argv": list(stage.argv),
                    "cwd": str(root),
                    "status": "RUNNING",
                    "environment_overrides": dict(stage.environment),
                    "started_unix": time.time(),
                }
                journal.value["stages"].append(row)
                journal.save()
                output = journal.path / (stage.name + ".stdout.log")
                error = journal.path / (stage.name + ".stderr.log")
                proc = None
                runtime = None
                if stage.test_nodes:
                    runtime = prepare_test_runtime(root, journal, stage, frozen, environment)
                elif stage.junit and environment is not None:
                    raise ValueError("native test matrix requires actual runtime observations")
                try:
                    with output.open("xb") as stdout, error.open("xb") as stderr:
                        proc = subprocess.Popen(
                            stage.argv,
                            cwd=root,
                            stdout=stdout,
                            stderr=stderr,
                            start_new_session=True,
                            env={**os.environ, **dict(stage.environment)},
                        )
                        row["pid"] = proc.pid
                        journal.save()
                        if runtime is not None:
                            while proc.poll() is None:
                                rejections = list(runtime[0].glob("*.reject.json"))
                                if rejections:
                                    row["runtime_rejections"] = [
                                        json.loads(p.read_text()) for p in rejections
                                    ]
                                    # Most rejecting pytest processes exit immediately. Let
                                    # them flush real diagnostics; early worker failures may
                                    # instead wait for xdist, so bound this grace period.
                                    with suppress(subprocess.TimeoutExpired):
                                        proc.wait(timeout=1)
>                                   raise ValueError("ACTUAL_TEST_RUNTIME_REJECTED: " + stage.name)
E                                   ValueError: ACTUAL_TEST_RUNTIME_REJECTED: matrix

tools/structure_two_unified_acceptance.py:594: ValueError
----------------------------- Captured stdout call -----------------------------
{"journal": "/private/var/folders/x2/000r8p0n6s393lj2sg8wk5f40000gn/T/pytest-of-pangwei/pytest-1922/popen-gw1/actual_pytest_checkout0/docs/reviews/data/structure_two_unified_acceptance_runs/test_fixture_368a3452674d4c7fa3556b2291fa460b", "status": "FAILED"}
{"journal": "/private/var/folders/x2/000r8p0n6s393lj2sg8wk5f40000gn/T/pytest-of-pangwei/pytest-1922/popen-gw1/actual_pytest_checkout0/docs/reviews/data/structure_two_unified_acceptance_runs/test_fixture_10d8d9a947e0440390c21b0fe1e2ff1c", "status": "FAILED"}
_____ test_real_test_evidence_stays_in_run_but_real_source_changes_refused _____
[gw1] darwin -- Python 3.13.5 /private/tmp/cpswm-pc-a-unified-runtime-20260913/.venv/bin/python

runtime_tree = PosixPath('/private/var/folders/x2/000r8p0n6s393lj2sg8wk5f40000gn/T/pytest-of-pangwei/pytest-1922/popen-gw1/actual_pytest_checkout0')

    def test_real_test_evidence_stays_in_run_but_real_source_changes_refused(runtime_tree):
        root = runtime_tree
        code = """def test_live():
     import os
     from pathlib import Path
     p=Path(os.environ['S2_SOURCE_EVIDENCE_DIR'])
     p.mkdir(parents=True)
     (p/'actual.log').write_text('actual evidence')
    """
        journal, stage = prepare(root, code)
        stage = replace(
            stage, environment=(("S2_SOURCE_EVIDENCE_DIR", str(journal.path / "evidence")),)
        )
>       execute(root, journal, stage)

tests/test_structure_two_unified_dependencies.py:207: 
_ _ _ _ _ _ _ _ _ _ _ _ _ _ _ _ _ _ _ _ _ _ _ _ _ _ _ _ _ _ _ _ _ _ _ _ _ _ _ _ 
tests/test_structure_two_unified_dependencies.py:70: in execute
    coordinator.run_stages(
_ _ _ _ _ _ _ _ _ _ _ _ _ _ _ _ _ _ _ _ _ _ _ _ _ _ _ _ _ _ _ _ _ _ _ _ _ _ _ _ 

root = PosixPath('/private/var/folders/x2/000r8p0n6s393lj2sg8wk5f40000gn/T/pytest-of-pangwei/pytest-1922/popen-gw1/actual_pytest_checkout0')
journal = <_unified_acceptance_regression.Journal object at 0x10a90f2f0>
stages = (Stage(name='matrix', argv=('/private/var/folders/x2/000r8p0n6s393lj2sg8wk5f40000gn/T/pytest-of-pangwei/pytest-1922/po..., new_outputs=(), test_nodes=('tests/test_fixture_dc30845375114b0cb19429d359657490.py',), native_plugin_policy=False),)
frozen = {'head': 'd5e8249298f61acde210aacd502f77345c5b18a6', 'files': {'.gitignore': '4409b253ac33acb862192f9cad8583ed3fe0bac9...5bcbab728087bc3d9dae3346dabbc29c2', ...}, 'sha256': 'ec77f100c8f72f62ccb90d83f587c9fd9cb44790d470575643d2bbf579a561d6'}
excluded = ()
environment = {'prefix': '/private/var/folders/x2/000r8p0n6s393lj2sg8wk5f40000gn/T/pytest-of-pangwei/pytest-1922/popen-gw1/actual_py...otated-types', '0.8.0'], ['antlr4-python3-runtime', '4.9.3'], ['ast_serialize', '0.8.0'], ['cffi', '2.1.1'], ...], ...}
before_stage = None

    def run_stages(root, journal, stages, frozen, excluded, *, environment=None, before_stage=None):
        """Shared execution engine. No loaded journal can skip a stage or grant success."""
        journal.value.update(
            status="RUNNING", source_before=frozen, required_stages=[s.name for s in stages]
        )
        journal.save()
        locked = []
        completed = set()
        try:
            for stage in stages:
                if not set(stage.requires).issubset(completed):
                    raise ValueError("REQUIRED_PRODUCER_NOT_COMPLETED: " + stage.name)
                frozen_paths = {p for paths, _ in locked for p in paths}
                if not set(stage.required_artifacts).issubset(frozen_paths):
                    raise ValueError("REQUIRED_VERIFIED_ARTIFACT_ABSENT: " + stage.name)
                for name in stage.new_outputs:
                    path = root / name
                    if path.exists() or path.is_symlink():
                        raise ValueError("generation requires new output: " + name)
                require_artifacts(root, locked)
                require_snapshot(root, frozen, excluded)
                if environment is not None and execution_environment(root) != environment:
                    raise ValueError("execution environment changed before stage")
                if before_stage is not None:
                    before_stage(stage.name)
                if not stage.name.replace("_", "").isalnum():
                    raise ValueError("unsafe stage name")
                row = {
                    "name": stage.name,
                    "argv": list(stage.argv),
                    "cwd": str(root),
                    "status": "RUNNING",
                    "environment_overrides": dict(stage.environment),
                    "started_unix": time.time(),
                }
                journal.value["stages"].append(row)
                journal.save()
                output = journal.path / (stage.name + ".stdout.log")
                error = journal.path / (stage.name + ".stderr.log")
                proc = None
                runtime = None
                if stage.test_nodes:
                    runtime = prepare_test_runtime(root, journal, stage, frozen, environment)
                elif stage.junit and environment is not None:
                    raise ValueError("native test matrix requires actual runtime observations")
                try:
                    with output.open("xb") as stdout, error.open("xb") as stderr:
                        proc = subprocess.Popen(
                            stage.argv,
                            cwd=root,
                            stdout=stdout,
                            stderr=stderr,
                            start_new_session=True,
                            env={**os.environ, **dict(stage.environment)},
                        )
                        row["pid"] = proc.pid
                        journal.save()
                        if runtime is not None:
                            while proc.poll() is None:
                                rejections = list(runtime[0].glob("*.reject.json"))
                                if rejections:
                                    row["runtime_rejections"] = [
                                        json.loads(p.read_text()) for p in rejections
                                    ]
                                    # Most rejecting pytest processes exit immediately. Let
                                    # them flush real diagnostics; early worker failures may
                                    # instead wait for xdist, so bound this grace period.
                                    with suppress(subprocess.TimeoutExpired):
                                        proc.wait(timeout=1)
>                                   raise ValueError("ACTUAL_TEST_RUNTIME_REJECTED: " + stage.name)
E                                   ValueError: ACTUAL_TEST_RUNTIME_REJECTED: matrix

tools/structure_two_unified_acceptance.py:594: ValueError
----------------------------- Captured stdout call -----------------------------
{"journal": "/private/var/folders/x2/000r8p0n6s393lj2sg8wk5f40000gn/T/pytest-of-pangwei/pytest-1922/popen-gw1/actual_pytest_checkout0/docs/reviews/data/structure_two_unified_acceptance_runs/test_fixture_dc30845375114b0cb19429d359657490", "status": "FAILED"}
_______ test_conftest_cannot_silently_reduce_a_nonempty_required_matrix ________
[gw1] darwin -- Python 3.13.5 /private/tmp/cpswm-pc-a-unified-runtime-20260913/.venv/bin/python

runtime_tree = PosixPath('/private/var/folders/x2/000r8p0n6s393lj2sg8wk5f40000gn/T/pytest-of-pangwei/pytest-1922/popen-gw1/actual_pytest_checkout0')

    def test_conftest_cannot_silently_reduce_a_nonempty_required_matrix(runtime_tree):
        conftest = runtime_tree / "tests/conftest.py"
        conftest.write_text("def pytest_collection_modifyitems(items):\n items.pop()\n")
        try:
            journal, stage = prepare(
                runtime_tree, "def test_one():\n assert True\ndef test_two():\n assert True\n"
            )
>           with pytest.raises(ValueError, match="STAGE_FAILED"):
                 ^^^^^^^^^^^^^^^^^^^^^^^^^^^^^^^^^^^^^^^^^^^^^^^
E           AssertionError: Regex pattern did not match.
E             Expected regex: 'STAGE_FAILED'
E             Actual message: 'ACTUAL_TEST_RUNTIME_REJECTED: matrix'

tests/test_structure_two_unified_dependencies.py:315: AssertionError
----------------------------- Captured stdout call -----------------------------
{"journal": "/private/var/folders/x2/000r8p0n6s393lj2sg8wk5f40000gn/T/pytest-of-pangwei/pytest-1922/popen-gw1/actual_pytest_checkout0/docs/reviews/data/structure_two_unified_acceptance_runs/test_fixture_55bab99f82aa4a7c9b9fe00e72ffcdff", "status": "FAILED"}
__ test_outside_checkout_attack_fixture_remains_outside_while_logs_are_bound ___
[gw1] darwin -- Python 3.13.5 /private/tmp/cpswm-pc-a-unified-runtime-20260913/.venv/bin/python

runtime_tree = PosixPath('/private/var/folders/x2/000r8p0n6s393lj2sg8wk5f40000gn/T/pytest-of-pangwei/pytest-1922/popen-gw1/actual_pytest_checkout0')

    def test_outside_checkout_attack_fixture_remains_outside_while_logs_are_bound(runtime_tree):
        code = f"""def test_external(tmp_path):
     from pathlib import Path
     assert not tmp_path.is_relative_to(Path({str(runtime_tree)!r}))
    """
        journal, stage = prepare(runtime_tree, code)
        assert not any(arg.startswith("--basetemp") for arg in stage.argv)
>       execute(runtime_tree, journal, stage)

tests/test_structure_two_unified_dependencies.py:332: 
_ _ _ _ _ _ _ _ _ _ _ _ _ _ _ _ _ _ _ _ _ _ _ _ _ _ _ _ _ _ _ _ _ _ _ _ _ _ _ _ 
tests/test_structure_two_unified_dependencies.py:70: in execute
    coordinator.run_stages(
_ _ _ _ _ _ _ _ _ _ _ _ _ _ _ _ _ _ _ _ _ _ _ _ _ _ _ _ _ _ _ _ _ _ _ _ _ _ _ _ 

root = PosixPath('/private/var/folders/x2/000r8p0n6s393lj2sg8wk5f40000gn/T/pytest-of-pangwei/pytest-1922/popen-gw1/actual_pytest_checkout0')
journal = <_unified_acceptance_regression.Journal object at 0x10c385190>
stages = (Stage(name='matrix', argv=('/private/var/folders/x2/000r8p0n6s393lj2sg8wk5f40000gn/T/pytest-of-pangwei/pytest-1922/po..., new_outputs=(), test_nodes=('tests/test_fixture_81246e82c8a8410896c37718dc338a9c.py',), native_plugin_policy=False),)
frozen = {'head': 'd5e8249298f61acde210aacd502f77345c5b18a6', 'files': {'.gitignore': '4409b253ac33acb862192f9cad8583ed3fe0bac9...5bcbab728087bc3d9dae3346dabbc29c2', ...}, 'sha256': 'f43c9144f1f848faea5856417a13a05174535b1db90168819ef3599980d36563'}
excluded = ()
environment = {'prefix': '/private/var/folders/x2/000r8p0n6s393lj2sg8wk5f40000gn/T/pytest-of-pangwei/pytest-1922/popen-gw1/actual_py...otated-types', '0.8.0'], ['antlr4-python3-runtime', '4.9.3'], ['ast_serialize', '0.8.0'], ['cffi', '2.1.1'], ...], ...}
before_stage = None

    def run_stages(root, journal, stages, frozen, excluded, *, environment=None, before_stage=None):
        """Shared execution engine. No loaded journal can skip a stage or grant success."""
        journal.value.update(
            status="RUNNING", source_before=frozen, required_stages=[s.name for s in stages]
        )
        journal.save()
        locked = []
        completed = set()
        try:
            for stage in stages:
                if not set(stage.requires).issubset(completed):
                    raise ValueError("REQUIRED_PRODUCER_NOT_COMPLETED: " + stage.name)
                frozen_paths = {p for paths, _ in locked for p in paths}
                if not set(stage.required_artifacts).issubset(frozen_paths):
                    raise ValueError("REQUIRED_VERIFIED_ARTIFACT_ABSENT: " + stage.name)
                for name in stage.new_outputs:
                    path = root / name
                    if path.exists() or path.is_symlink():
                        raise ValueError("generation requires new output: " + name)
                require_artifacts(root, locked)
                require_snapshot(root, frozen, excluded)
                if environment is not None and execution_environment(root) != environment:
                    raise ValueError("execution environment changed before stage")
                if before_stage is not None:
                    before_stage(stage.name)
                if not stage.name.replace("_", "").isalnum():
                    raise ValueError("unsafe stage name")
                row = {
                    "name": stage.name,
                    "argv": list(stage.argv),
                    "cwd": str(root),
                    "status": "RUNNING",
                    "environment_overrides": dict(stage.environment),
                    "started_unix": time.time(),
                }
                journal.value["stages"].append(row)
                journal.save()
                output = journal.path / (stage.name + ".stdout.log")
                error = journal.path / (stage.name + ".stderr.log")
                proc = None
                runtime = None
                if stage.test_nodes:
                    runtime = prepare_test_runtime(root, journal, stage, frozen, environment)
                elif stage.junit and environment is not None:
                    raise ValueError("native test matrix requires actual runtime observations")
                try:
                    with output.open("xb") as stdout, error.open("xb") as stderr:
                        proc = subprocess.Popen(
                            stage.argv,
                            cwd=root,
                            stdout=stdout,
                            stderr=stderr,
                            start_new_session=True,
                            env={**os.environ, **dict(stage.environment)},
                        )
                        row["pid"] = proc.pid
                        journal.save()
                        if runtime is not None:
                            while proc.poll() is None:
                                rejections = list(runtime[0].glob("*.reject.json"))
                                if rejections:
                                    row["runtime_rejections"] = [
                                        json.loads(p.read_text()) for p in rejections
                                    ]
                                    # Most rejecting pytest processes exit immediately. Let
                                    # them flush real diagnostics; early worker failures may
                                    # instead wait for xdist, so bound this grace period.
                                    with suppress(subprocess.TimeoutExpired):
                                        proc.wait(timeout=1)
                                    raise ValueError("ACTUAL_TEST_RUNTIME_REJECTED: " + stage.name)
                                time.sleep(0.05)
                        row["exit_code"] = proc.wait()
                finally:
                    if proc is not None:
                        stop_process(proc)
                        row["exit_code"] = proc.returncode
                    row["ended_unix"] = time.time()
                    for key, path in (("stdout", output), ("stderr", error)):
                        if path.exists():
                            row[key] = {
                                "path": path.name,
                                "sha256": hashlib.sha256(path.read_bytes()).hexdigest(),
                            }
                    journal.save()
                require_snapshot(root, frozen, excluded)
                require_artifacts(root, locked)
                if environment is not None and execution_environment(root) != environment:
                    raise ValueError("execution environment changed during stage")
                if row["exit_code"] != 0:
>                   raise ValueError(f"STAGE_FAILED: {stage.name} exit {row['exit_code']}")
E                   ValueError: STAGE_FAILED: matrix exit 4

tools/structure_two_unified_acceptance.py:614: ValueError
----------------------------- Captured stdout call -----------------------------
{"journal": "/private/var/folders/x2/000r8p0n6s393lj2sg8wk5f40000gn/T/pytest-of-pangwei/pytest-1922/popen-gw1/actual_pytest_checkout0/docs/reviews/data/structure_two_unified_acceptance_runs/test_fixture_81246e82c8a8410896c37718dc338a9c", "status": "FAILED"}
_ test_real_old_local_cache_never_completes[project-PycInvalidationMode.TIMESTAMP-False] _
[gw1] darwin -- Python 3.13.5 /private/tmp/cpswm-pc-a-unified-runtime-20260913/.venv/bin/python

runtime_tree = PosixPath('/private/var/folders/x2/000r8p0n6s393lj2sg8wk5f40000gn/T/pytest-of-pangwei/pytest-1922/popen-gw1/actual_pytest_checkout1')
workers = False, mode = <PycInvalidationMode.TIMESTAMP: 1>, location = 'project'

    @pytest.mark.parametrize("workers", [False, True])
    @pytest.mark.parametrize(
        "mode",
        [py_compile.PycInvalidationMode.TIMESTAMP, py_compile.PycInvalidationMode.UNCHECKED_HASH],
    )
    @pytest.mark.parametrize("location", ["project", "helper"])
    def test_real_old_local_cache_never_completes(runtime_tree, workers, mode, location):
        root = runtime_tree
        name = "dependency_" + uuid.uuid4().hex
        path = root / ("src/cpswm/" + name + ".py" if location == "project" else name + ".py")
        import_line = "from cpswm import " + name if location == "project" else "import " + name
        fresh, stale = "VALUE = 1\n", "VALUE = 9\n"
        code = f"def test_live():\n {import_line}\n assert {name}.VALUE == 9\n"
        cache = seed_cache(path, fresh, stale, mode)
        cached_bytes = cache.read_bytes()
        journal, stage = prepare(root, code)
        if workers:
            stage = replace(stage, argv=(*stage.argv, "-n", "2"))
        with pytest.raises(ValueError):
            execute(root, journal, stage)
        assert state(journal)["status"] == "FAILED"
        observed = "".join(p.read_text() for p in journal.path.rglob("*.reject.json"))
>       assert "EXECUTED_LOCAL_CODE_MISMATCH" in observed
E       assert 'EXECUTED_LOCAL_CODE_MISMATCH' in '{"pid": 31272, "error": "UNSAFE_ACTUAL_TEST_ENVIRONMENT: PYTHONPATH"}'

tests/test_structure_two_runtime_cache_identity.py:54: AssertionError
----------------------------- Captured stdout call -----------------------------
{"journal": "/private/var/folders/x2/000r8p0n6s393lj2sg8wk5f40000gn/T/pytest-of-pangwei/pytest-1922/popen-gw1/actual_pytest_checkout1/docs/reviews/data/structure_two_unified_acceptance_runs/test_fixture_dfa04959b60a4e97a88bf0d4086f2ea8", "status": "FAILED"}
_ test_real_old_local_cache_never_completes[project-PycInvalidationMode.TIMESTAMP-True] _
[gw1] darwin -- Python 3.13.5 /private/tmp/cpswm-pc-a-unified-runtime-20260913/.venv/bin/python

runtime_tree = PosixPath('/private/var/folders/x2/000r8p0n6s393lj2sg8wk5f40000gn/T/pytest-of-pangwei/pytest-1922/popen-gw1/actual_pytest_checkout1')
workers = True, mode = <PycInvalidationMode.TIMESTAMP: 1>, location = 'project'

    @pytest.mark.parametrize("workers", [False, True])
    @pytest.mark.parametrize(
        "mode",
        [py_compile.PycInvalidationMode.TIMESTAMP, py_compile.PycInvalidationMode.UNCHECKED_HASH],
    )
    @pytest.mark.parametrize("location", ["project", "helper"])
    def test_real_old_local_cache_never_completes(runtime_tree, workers, mode, location):
        root = runtime_tree
        name = "dependency_" + uuid.uuid4().hex
        path = root / ("src/cpswm/" + name + ".py" if location == "project" else name + ".py")
        import_line = "from cpswm import " + name if location == "project" else "import " + name
        fresh, stale = "VALUE = 1\n", "VALUE = 9\n"
        code = f"def test_live():\n {import_line}\n assert {name}.VALUE == 9\n"
        cache = seed_cache(path, fresh, stale, mode)
        cached_bytes = cache.read_bytes()
        journal, stage = prepare(root, code)
        if workers:
            stage = replace(stage, argv=(*stage.argv, "-n", "2"))
        with pytest.raises(ValueError):
            execute(root, journal, stage)
        assert state(journal)["status"] == "FAILED"
        observed = "".join(p.read_text() for p in journal.path.rglob("*.reject.json"))
>       assert "EXECUTED_LOCAL_CODE_MISMATCH" in observed
E       assert 'EXECUTED_LOCAL_CODE_MISMATCH' in '{"pid": 31284, "error": "UNSAFE_ACTUAL_TEST_ENVIRONMENT: PYTHONPATH"}'

tests/test_structure_two_runtime_cache_identity.py:54: AssertionError
----------------------------- Captured stdout call -----------------------------
{"journal": "/private/var/folders/x2/000r8p0n6s393lj2sg8wk5f40000gn/T/pytest-of-pangwei/pytest-1922/popen-gw1/actual_pytest_checkout1/docs/reviews/data/structure_two_unified_acceptance_runs/test_fixture_6562196fa1d54657a5766909fe8b0b1a", "status": "FAILED"}
_ test_real_old_local_cache_never_completes[project-PycInvalidationMode.UNCHECKED_HASH-False] _
[gw1] darwin -- Python 3.13.5 /private/tmp/cpswm-pc-a-unified-runtime-20260913/.venv/bin/python

runtime_tree = PosixPath('/private/var/folders/x2/000r8p0n6s393lj2sg8wk5f40000gn/T/pytest-of-pangwei/pytest-1922/popen-gw1/actual_pytest_checkout1')
workers = False, mode = <PycInvalidationMode.UNCHECKED_HASH: 3>
location = 'project'

    @pytest.mark.parametrize("workers", [False, True])
    @pytest.mark.parametrize(
        "mode",
        [py_compile.PycInvalidationMode.TIMESTAMP, py_compile.PycInvalidationMode.UNCHECKED_HASH],
    )
    @pytest.mark.parametrize("location", ["project", "helper"])
    def test_real_old_local_cache_never_completes(runtime_tree, workers, mode, location):
        root = runtime_tree
        name = "dependency_" + uuid.uuid4().hex
        path = root / ("src/cpswm/" + name + ".py" if location == "project" else name + ".py")
        import_line = "from cpswm import " + name if location == "project" else "import " + name
        fresh, stale = "VALUE = 1\n", "VALUE = 9\n"
        code = f"def test_live():\n {import_line}\n assert {name}.VALUE == 9\n"
        cache = seed_cache(path, fresh, stale, mode)
        cached_bytes = cache.read_bytes()
        journal, stage = prepare(root, code)
        if workers:
            stage = replace(stage, argv=(*stage.argv, "-n", "2"))
        with pytest.raises(ValueError):
            execute(root, journal, stage)
        assert state(journal)["status"] == "FAILED"
        observed = "".join(p.read_text() for p in journal.path.rglob("*.reject.json"))
>       assert "EXECUTED_LOCAL_CODE_MISMATCH" in observed
E       assert 'EXECUTED_LOCAL_CODE_MISMATCH' in '{"pid": 31296, "error": "UNSAFE_ACTUAL_TEST_ENVIRONMENT: PYTHONPATH"}'

tests/test_structure_two_runtime_cache_identity.py:54: AssertionError
----------------------------- Captured stdout call -----------------------------
{"journal": "/private/var/folders/x2/000r8p0n6s393lj2sg8wk5f40000gn/T/pytest-of-pangwei/pytest-1922/popen-gw1/actual_pytest_checkout1/docs/reviews/data/structure_two_unified_acceptance_runs/test_fixture_3622ff03a2c54b838c63a611dcd2b292", "status": "FAILED"}
_ test_real_old_local_cache_never_completes[project-PycInvalidationMode.UNCHECKED_HASH-True] _
[gw1] darwin -- Python 3.13.5 /private/tmp/cpswm-pc-a-unified-runtime-20260913/.venv/bin/python

runtime_tree = PosixPath('/private/var/folders/x2/000r8p0n6s393lj2sg8wk5f40000gn/T/pytest-of-pangwei/pytest-1922/popen-gw1/actual_pytest_checkout1')
workers = True, mode = <PycInvalidationMode.UNCHECKED_HASH: 3>
location = 'project'

    @pytest.mark.parametrize("workers", [False, True])
    @pytest.mark.parametrize(
        "mode",
        [py_compile.PycInvalidationMode.TIMESTAMP, py_compile.PycInvalidationMode.UNCHECKED_HASH],
    )
    @pytest.mark.parametrize("location", ["project", "helper"])
    def test_real_old_local_cache_never_completes(runtime_tree, workers, mode, location):
        root = runtime_tree
        name = "dependency_" + uuid.uuid4().hex
        path = root / ("src/cpswm/" + name + ".py" if location == "project" else name + ".py")
        import_line = "from cpswm import " + name if location == "project" else "import " + name
        fresh, stale = "VALUE = 1\n", "VALUE = 9\n"
        code = f"def test_live():\n {import_line}\n assert {name}.VALUE == 9\n"
        cache = seed_cache(path, fresh, stale, mode)
        cached_bytes = cache.read_bytes()
        journal, stage = prepare(root, code)
        if workers:
            stage = replace(stage, argv=(*stage.argv, "-n", "2"))
        with pytest.raises(ValueError):
            execute(root, journal, stage)
        assert state(journal)["status"] == "FAILED"
        observed = "".join(p.read_text() for p in journal.path.rglob("*.reject.json"))
>       assert "EXECUTED_LOCAL_CODE_MISMATCH" in observed
E       assert 'EXECUTED_LOCAL_CODE_MISMATCH' in '{"pid": 31305, "error": "UNSAFE_ACTUAL_TEST_ENVIRONMENT: PYTHONPATH"}'

tests/test_structure_two_runtime_cache_identity.py:54: AssertionError
----------------------------- Captured stdout call -----------------------------
{"journal": "/private/var/folders/x2/000r8p0n6s393lj2sg8wk5f40000gn/T/pytest-of-pangwei/pytest-1922/popen-gw1/actual_pytest_checkout1/docs/reviews/data/structure_two_unified_acceptance_runs/test_fixture_a8424fe3e5354d04bd2f01ea99eb5fec", "status": "FAILED"}
_ test_real_old_local_cache_never_completes[helper-PycInvalidationMode.TIMESTAMP-False] _
[gw1] darwin -- Python 3.13.5 /private/tmp/cpswm-pc-a-unified-runtime-20260913/.venv/bin/python

runtime_tree = PosixPath('/private/var/folders/x2/000r8p0n6s393lj2sg8wk5f40000gn/T/pytest-of-pangwei/pytest-1922/popen-gw1/actual_pytest_checkout1')
workers = False, mode = <PycInvalidationMode.TIMESTAMP: 1>, location = 'helper'

    @pytest.mark.parametrize("workers", [False, True])
    @pytest.mark.parametrize(
        "mode",
        [py_compile.PycInvalidationMode.TIMESTAMP, py_compile.PycInvalidationMode.UNCHECKED_HASH],
    )
    @pytest.mark.parametrize("location", ["project", "helper"])
    def test_real_old_local_cache_never_completes(runtime_tree, workers, mode, location):
        root = runtime_tree
        name = "dependency_" + uuid.uuid4().hex
        path = root / ("src/cpswm/" + name + ".py" if location == "project" else name + ".py")
        import_line = "from cpswm import " + name if location == "project" else "import " + name
        fresh, stale = "VALUE = 1\n", "VALUE = 9\n"
        code = f"def test_live():\n {import_line}\n assert {name}.VALUE == 9\n"
        cache = seed_cache(path, fresh, stale, mode)
        cached_bytes = cache.read_bytes()
        journal, stage = prepare(root, code)
        if workers:
            stage = replace(stage, argv=(*stage.argv, "-n", "2"))
        with pytest.raises(ValueError):
            execute(root, journal, stage)
        assert state(journal)["status"] == "FAILED"
        observed = "".join(p.read_text() for p in journal.path.rglob("*.reject.json"))
>       assert "EXECUTED_LOCAL_CODE_MISMATCH" in observed
E       assert 'EXECUTED_LOCAL_CODE_MISMATCH' in '{"pid": 31314, "error": "UNSAFE_ACTUAL_TEST_ENVIRONMENT: PYTHONPATH"}'

tests/test_structure_two_runtime_cache_identity.py:54: AssertionError
----------------------------- Captured stdout call -----------------------------
{"journal": "/private/var/folders/x2/000r8p0n6s393lj2sg8wk5f40000gn/T/pytest-of-pangwei/pytest-1922/popen-gw1/actual_pytest_checkout1/docs/reviews/data/structure_two_unified_acceptance_runs/test_fixture_1af28e2fc6bf4d1590b9b908b58a9959", "status": "FAILED"}
_ test_real_old_local_cache_never_completes[helper-PycInvalidationMode.TIMESTAMP-True] _
[gw1] darwin -- Python 3.13.5 /private/tmp/cpswm-pc-a-unified-runtime-20260913/.venv/bin/python

runtime_tree = PosixPath('/private/var/folders/x2/000r8p0n6s393lj2sg8wk5f40000gn/T/pytest-of-pangwei/pytest-1922/popen-gw1/actual_pytest_checkout1')
workers = True, mode = <PycInvalidationMode.TIMESTAMP: 1>, location = 'helper'

    @pytest.mark.parametrize("workers", [False, True])
    @pytest.mark.parametrize(
        "mode",
        [py_compile.PycInvalidationMode.TIMESTAMP, py_compile.PycInvalidationMode.UNCHECKED_HASH],
    )
    @pytest.mark.parametrize("location", ["project", "helper"])
    def test_real_old_local_cache_never_completes(runtime_tree, workers, mode, location):
        root = runtime_tree
        name = "dependency_" + uuid.uuid4().hex
        path = root / ("src/cpswm/" + name + ".py" if location == "project" else name + ".py")
        import_line = "from cpswm import " + name if location == "project" else "import " + name
        fresh, stale = "VALUE = 1\n", "VALUE = 9\n"
        code = f"def test_live():\n {import_line}\n assert {name}.VALUE == 9\n"
        cache = seed_cache(path, fresh, stale, mode)
        cached_bytes = cache.read_bytes()
        journal, stage = prepare(root, code)
        if workers:
            stage = replace(stage, argv=(*stage.argv, "-n", "2"))
        with pytest.raises(ValueError):
            execute(root, journal, stage)
        assert state(journal)["status"] == "FAILED"
        observed = "".join(p.read_text() for p in journal.path.rglob("*.reject.json"))
>       assert "EXECUTED_LOCAL_CODE_MISMATCH" in observed
E       assert 'EXECUTED_LOCAL_CODE_MISMATCH' in '{"pid": 31326, "error": "UNSAFE_ACTUAL_TEST_ENVIRONMENT: PYTHONPATH"}'

tests/test_structure_two_runtime_cache_identity.py:54: AssertionError
----------------------------- Captured stdout call -----------------------------
{"journal": "/private/var/folders/x2/000r8p0n6s393lj2sg8wk5f40000gn/T/pytest-of-pangwei/pytest-1922/popen-gw1/actual_pytest_checkout1/docs/reviews/data/structure_two_unified_acceptance_runs/test_fixture_580b8f689cc74fc1a44da84ff01b4969", "status": "FAILED"}
_ test_real_old_local_cache_never_completes[helper-PycInvalidationMode.UNCHECKED_HASH-False] _
[gw1] darwin -- Python 3.13.5 /private/tmp/cpswm-pc-a-unified-runtime-20260913/.venv/bin/python

runtime_tree = PosixPath('/private/var/folders/x2/000r8p0n6s393lj2sg8wk5f40000gn/T/pytest-of-pangwei/pytest-1922/popen-gw1/actual_pytest_checkout1')
workers = False, mode = <PycInvalidationMode.UNCHECKED_HASH: 3>
location = 'helper'

    @pytest.mark.parametrize("workers", [False, True])
    @pytest.mark.parametrize(
        "mode",
        [py_compile.PycInvalidationMode.TIMESTAMP, py_compile.PycInvalidationMode.UNCHECKED_HASH],
    )
    @pytest.mark.parametrize("location", ["project", "helper"])
    def test_real_old_local_cache_never_completes(runtime_tree, workers, mode, location):
        root = runtime_tree
        name = "dependency_" + uuid.uuid4().hex
        path = root / ("src/cpswm/" + name + ".py" if location == "project" else name + ".py")
        import_line = "from cpswm import " + name if location == "project" else "import " + name
        fresh, stale = "VALUE = 1\n", "VALUE = 9\n"
        code = f"def test_live():\n {import_line}\n assert {name}.VALUE == 9\n"
        cache = seed_cache(path, fresh, stale, mode)
        cached_bytes = cache.read_bytes()
        journal, stage = prepare(root, code)
        if workers:
            stage = replace(stage, argv=(*stage.argv, "-n", "2"))
        with pytest.raises(ValueError):
            execute(root, journal, stage)
        assert state(journal)["status"] == "FAILED"
        observed = "".join(p.read_text() for p in journal.path.rglob("*.reject.json"))
>       assert "EXECUTED_LOCAL_CODE_MISMATCH" in observed
E       assert 'EXECUTED_LOCAL_CODE_MISMATCH' in '{"pid": 31335, "error": "UNSAFE_ACTUAL_TEST_ENVIRONMENT: PYTHONPATH"}'

tests/test_structure_two_runtime_cache_identity.py:54: AssertionError
----------------------------- Captured stdout call -----------------------------
{"journal": "/private/var/folders/x2/000r8p0n6s393lj2sg8wk5f40000gn/T/pytest-of-pangwei/pytest-1922/popen-gw1/actual_pytest_checkout1/docs/reviews/data/structure_two_unified_acceptance_runs/test_fixture_2747d0ce527a4e969d84213cad6b23c8", "status": "FAILED"}
_ test_real_old_local_cache_never_completes[helper-PycInvalidationMode.UNCHECKED_HASH-True] _
[gw1] darwin -- Python 3.13.5 /private/tmp/cpswm-pc-a-unified-runtime-20260913/.venv/bin/python

runtime_tree = PosixPath('/private/var/folders/x2/000r8p0n6s393lj2sg8wk5f40000gn/T/pytest-of-pangwei/pytest-1922/popen-gw1/actual_pytest_checkout1')
workers = True, mode = <PycInvalidationMode.UNCHECKED_HASH: 3>
location = 'helper'

    @pytest.mark.parametrize("workers", [False, True])
    @pytest.mark.parametrize(
        "mode",
        [py_compile.PycInvalidationMode.TIMESTAMP, py_compile.PycInvalidationMode.UNCHECKED_HASH],
    )
    @pytest.mark.parametrize("location", ["project", "helper"])
    def test_real_old_local_cache_never_completes(runtime_tree, workers, mode, location):
        root = runtime_tree
        name = "dependency_" + uuid.uuid4().hex
        path = root / ("src/cpswm/" + name + ".py" if location == "project" else name + ".py")
        import_line = "from cpswm import " + name if location == "project" else "import " + name
        fresh, stale = "VALUE = 1\n", "VALUE = 9\n"
        code = f"def test_live():\n {import_line}\n assert {name}.VALUE == 9\n"
        cache = seed_cache(path, fresh, stale, mode)
        cached_bytes = cache.read_bytes()
        journal, stage = prepare(root, code)
        if workers:
            stage = replace(stage, argv=(*stage.argv, "-n", "2"))
        with pytest.raises(ValueError):
            execute(root, journal, stage)
        assert state(journal)["status"] == "FAILED"
        observed = "".join(p.read_text() for p in journal.path.rglob("*.reject.json"))
>       assert "EXECUTED_LOCAL_CODE_MISMATCH" in observed
E       assert 'EXECUTED_LOCAL_CODE_MISMATCH' in '{"pid": 31365, "error": "UNSAFE_ACTUAL_TEST_ENVIRONMENT: PYTHONPATH"}'

tests/test_structure_two_runtime_cache_identity.py:54: AssertionError
----------------------------- Captured stdout call -----------------------------
{"journal": "/private/var/folders/x2/000r8p0n6s393lj2sg8wk5f40000gn/T/pytest-of-pangwei/pytest-1922/popen-gw1/actual_pytest_checkout1/docs/reviews/data/structure_two_unified_acceptance_runs/test_fixture_073f8d6fe61346c1a0e656abb80c2895", "status": "FAILED"}
___ test_real_pytest_rewrite_cache_is_compared_to_current_assertions[False] ____
[gw1] darwin -- Python 3.13.5 /private/tmp/cpswm-pc-a-unified-runtime-20260913/.venv/bin/python

runtime_tree = PosixPath('/private/var/folders/x2/000r8p0n6s393lj2sg8wk5f40000gn/T/pytest-of-pangwei/pytest-1922/popen-gw1/actual_pytest_checkout1')
workers = False

    @pytest.mark.parametrize("workers", [False, True])
    def test_real_pytest_rewrite_cache_is_compared_to_current_assertions(runtime_tree, workers):
        root = runtime_tree
        journal, stage = prepare(root, "def test_live():\n assert 1 == 1\n")
        path = root / stage.test_nodes[0]
        stamp = path.stat().st_mtime_ns
        if workers:
            stage = replace(stage, argv=(*stage.argv, "-n", "2"))
>       execute(root, journal, stage)

tests/test_structure_two_runtime_cache_identity.py:67: 
_ _ _ _ _ _ _ _ _ _ _ _ _ _ _ _ _ _ _ _ _ _ _ _ _ _ _ _ _ _ _ _ _ _ _ _ _ _ _ _ 
tests/test_structure_two_unified_dependencies.py:70: in execute
    coordinator.run_stages(
_ _ _ _ _ _ _ _ _ _ _ _ _ _ _ _ _ _ _ _ _ _ _ _ _ _ _ _ _ _ _ _ _ _ _ _ _ _ _ _ 

root = PosixPath('/private/var/folders/x2/000r8p0n6s393lj2sg8wk5f40000gn/T/pytest-of-pangwei/pytest-1922/popen-gw1/actual_pytest_checkout1')
journal = <_unified_acceptance_regression.Journal object at 0x10a90fe90>
stages = (Stage(name='matrix', argv=('/private/var/folders/x2/000r8p0n6s393lj2sg8wk5f40000gn/T/pytest-of-pangwei/pytest-1922/po..., new_outputs=(), test_nodes=('tests/test_fixture_8f568b780e874a54b83b6516873e2856.py',), native_plugin_policy=False),)
frozen = {'head': 'f7eb0139b3938776f2d53c85ff233e5a4156f018', 'files': {'.gitignore': '4409b253ac33acb862192f9cad8583ed3fe0bac9...5a48f2ccbf68a66b3374d6ab9cef9fc65', ...}, 'sha256': '80c07b87f142643b76eeb2b5eb385d5dd997c7243c9c6bf2ec5f0cc29cfabcce'}
excluded = ()
environment = {'prefix': '/private/var/folders/x2/000r8p0n6s393lj2sg8wk5f40000gn/T/pytest-of-pangwei/pytest-1922/popen-gw1/actual_py...otated-types', '0.8.0'], ['antlr4-python3-runtime', '4.9.3'], ['ast_serialize', '0.8.0'], ['cffi', '2.1.1'], ...], ...}
before_stage = None

    def run_stages(root, journal, stages, frozen, excluded, *, environment=None, before_stage=None):
        """Shared execution engine. No loaded journal can skip a stage or grant success."""
        journal.value.update(
            status="RUNNING", source_before=frozen, required_stages=[s.name for s in stages]
        )
        journal.save()
        locked = []
        completed = set()
        try:
            for stage in stages:
                if not set(stage.requires).issubset(completed):
                    raise ValueError("REQUIRED_PRODUCER_NOT_COMPLETED: " + stage.name)
                frozen_paths = {p for paths, _ in locked for p in paths}
                if not set(stage.required_artifacts).issubset(frozen_paths):
                    raise ValueError("REQUIRED_VERIFIED_ARTIFACT_ABSENT: " + stage.name)
                for name in stage.new_outputs:
                    path = root / name
                    if path.exists() or path.is_symlink():
                        raise ValueError("generation requires new output: " + name)
                require_artifacts(root, locked)
                require_snapshot(root, frozen, excluded)
                if environment is not None and execution_environment(root) != environment:
                    raise ValueError("execution environment changed before stage")
                if before_stage is not None:
                    before_stage(stage.name)
                if not stage.name.replace("_", "").isalnum():
                    raise ValueError("unsafe stage name")
                row = {
                    "name": stage.name,
                    "argv": list(stage.argv),
                    "cwd": str(root),
                    "status": "RUNNING",
                    "environment_overrides": dict(stage.environment),
                    "started_unix": time.time(),
                }
                journal.value["stages"].append(row)
                journal.save()
                output = journal.path / (stage.name + ".stdout.log")
                error = journal.path / (stage.name + ".stderr.log")
                proc = None
                runtime = None
                if stage.test_nodes:
                    runtime = prepare_test_runtime(root, journal, stage, frozen, environment)
                elif stage.junit and environment is not None:
                    raise ValueError("native test matrix requires actual runtime observations")
                try:
                    with output.open("xb") as stdout, error.open("xb") as stderr:
                        proc = subprocess.Popen(
                            stage.argv,
                            cwd=root,
                            stdout=stdout,
                            stderr=stderr,
                            start_new_session=True,
                            env={**os.environ, **dict(stage.environment)},
                        )
                        row["pid"] = proc.pid
                        journal.save()
                        if runtime is not None:
                            while proc.poll() is None:
                                rejections = list(runtime[0].glob("*.reject.json"))
                                if rejections:
                                    row["runtime_rejections"] = [
                                        json.loads(p.read_text()) for p in rejections
                                    ]
                                    # Most rejecting pytest processes exit immediately. Let
                                    # them flush real diagnostics; early worker failures may
                                    # instead wait for xdist, so bound this grace period.
                                    with suppress(subprocess.TimeoutExpired):
                                        proc.wait(timeout=1)
>                                   raise ValueError("ACTUAL_TEST_RUNTIME_REJECTED: " + stage.name)
E                                   ValueError: ACTUAL_TEST_RUNTIME_REJECTED: matrix

tools/structure_two_unified_acceptance.py:594: ValueError
----------------------------- Captured stdout call -----------------------------
{"journal": "/private/var/folders/x2/000r8p0n6s393lj2sg8wk5f40000gn/T/pytest-of-pangwei/pytest-1922/popen-gw1/actual_pytest_checkout1/docs/reviews/data/structure_two_unified_acceptance_runs/test_fixture_8f568b780e874a54b83b6516873e2856", "status": "FAILED"}
____ test_real_pytest_rewrite_cache_is_compared_to_current_assertions[True] ____
[gw1] darwin -- Python 3.13.5 /private/tmp/cpswm-pc-a-unified-runtime-20260913/.venv/bin/python

runtime_tree = PosixPath('/private/var/folders/x2/000r8p0n6s393lj2sg8wk5f40000gn/T/pytest-of-pangwei/pytest-1922/popen-gw1/actual_pytest_checkout1')
workers = True

    @pytest.mark.parametrize("workers", [False, True])
    def test_real_pytest_rewrite_cache_is_compared_to_current_assertions(runtime_tree, workers):
        root = runtime_tree
        journal, stage = prepare(root, "def test_live():\n assert 1 == 1\n")
        path = root / stage.test_nodes[0]
        stamp = path.stat().st_mtime_ns
        if workers:
            stage = replace(stage, argv=(*stage.argv, "-n", "2"))
>       execute(root, journal, stage)

tests/test_structure_two_runtime_cache_identity.py:67: 
_ _ _ _ _ _ _ _ _ _ _ _ _ _ _ _ _ _ _ _ _ _ _ _ _ _ _ _ _ _ _ _ _ _ _ _ _ _ _ _ 
tests/test_structure_two_unified_dependencies.py:70: in execute
    coordinator.run_stages(
_ _ _ _ _ _ _ _ _ _ _ _ _ _ _ _ _ _ _ _ _ _ _ _ _ _ _ _ _ _ _ _ _ _ _ _ _ _ _ _ 

root = PosixPath('/private/var/folders/x2/000r8p0n6s393lj2sg8wk5f40000gn/T/pytest-of-pangwei/pytest-1922/popen-gw1/actual_pytest_checkout1')
journal = <_unified_acceptance_regression.Journal object at 0x10e2c77d0>
stages = (Stage(name='matrix', argv=('/private/var/folders/x2/000r8p0n6s393lj2sg8wk5f40000gn/T/pytest-of-pangwei/pytest-1922/po..., new_outputs=(), test_nodes=('tests/test_fixture_9bef042b22b740428f8528d2efdc2fe8.py',), native_plugin_policy=False),)
frozen = {'head': 'f7eb0139b3938776f2d53c85ff233e5a4156f018', 'files': {'.gitignore': '4409b253ac33acb862192f9cad8583ed3fe0bac9...5a48f2ccbf68a66b3374d6ab9cef9fc65', ...}, 'sha256': 'fd6be76783122b137e95a399970c7b7f0f26db86412665aaa8758b669847a290'}
excluded = ()
environment = {'prefix': '/private/var/folders/x2/000r8p0n6s393lj2sg8wk5f40000gn/T/pytest-of-pangwei/pytest-1922/popen-gw1/actual_py...otated-types', '0.8.0'], ['antlr4-python3-runtime', '4.9.3'], ['ast_serialize', '0.8.0'], ['cffi', '2.1.1'], ...], ...}
before_stage = None

    def run_stages(root, journal, stages, frozen, excluded, *, environment=None, before_stage=None):
        """Shared execution engine. No loaded journal can skip a stage or grant success."""
        journal.value.update(
            status="RUNNING", source_before=frozen, required_stages=[s.name for s in stages]
        )
        journal.save()
        locked = []
        completed = set()
        try:
            for stage in stages:
                if not set(stage.requires).issubset(completed):
                    raise ValueError("REQUIRED_PRODUCER_NOT_COMPLETED: " + stage.name)
                frozen_paths = {p for paths, _ in locked for p in paths}
                if not set(stage.required_artifacts).issubset(frozen_paths):
                    raise ValueError("REQUIRED_VERIFIED_ARTIFACT_ABSENT: " + stage.name)
                for name in stage.new_outputs:
                    path = root / name
                    if path.exists() or path.is_symlink():
                        raise ValueError("generation requires new output: " + name)
                require_artifacts(root, locked)
                require_snapshot(root, frozen, excluded)
                if environment is not None and execution_environment(root) != environment:
                    raise ValueError("execution environment changed before stage")
                if before_stage is not None:
                    before_stage(stage.name)
                if not stage.name.replace("_", "").isalnum():
                    raise ValueError("unsafe stage name")
                row = {
                    "name": stage.name,
                    "argv": list(stage.argv),
                    "cwd": str(root),
                    "status": "RUNNING",
                    "environment_overrides": dict(stage.environment),
                    "started_unix": time.time(),
                }
                journal.value["stages"].append(row)
                journal.save()
                output = journal.path / (stage.name + ".stdout.log")
                error = journal.path / (stage.name + ".stderr.log")
                proc = None
                runtime = None
                if stage.test_nodes:
                    runtime = prepare_test_runtime(root, journal, stage, frozen, environment)
                elif stage.junit and environment is not None:
                    raise ValueError("native test matrix requires actual runtime observations")
                try:
                    with output.open("xb") as stdout, error.open("xb") as stderr:
                        proc = subprocess.Popen(
                            stage.argv,
                            cwd=root,
                            stdout=stdout,
                            stderr=stderr,
                            start_new_session=True,
                            env={**os.environ, **dict(stage.environment)},
                        )
                        row["pid"] = proc.pid
                        journal.save()
                        if runtime is not None:
                            while proc.poll() is None:
                                rejections = list(runtime[0].glob("*.reject.json"))
                                if rejections:
                                    row["runtime_rejections"] = [
                                        json.loads(p.read_text()) for p in rejections
                                    ]
                                    # Most rejecting pytest processes exit immediately. Let
                                    # them flush real diagnostics; early worker failures may
                                    # instead wait for xdist, so bound this grace period.
                                    with suppress(subprocess.TimeoutExpired):
                                        proc.wait(timeout=1)
                                    raise ValueError("ACTUAL_TEST_RUNTIME_REJECTED: " + stage.name)
                                time.sleep(0.05)
                        row["exit_code"] = proc.wait()
                finally:
                    if proc is not None:
                        stop_process(proc)
                        row["exit_code"] = proc.returncode
                    row["ended_unix"] = time.time()
                    for key, path in (("stdout", output), ("stderr", error)):
                        if path.exists():
                            row[key] = {
                                "path": path.name,
                                "sha256": hashlib.sha256(path.read_bytes()).hexdigest(),
                            }
                    journal.save()
                require_snapshot(root, frozen, excluded)
                require_artifacts(root, locked)
                if environment is not None and execution_environment(root) != environment:
                    raise ValueError("execution environment changed during stage")
                if row["exit_code"] != 0:
>                   raise ValueError(f"STAGE_FAILED: {stage.name} exit {row['exit_code']}")
E                   ValueError: STAGE_FAILED: matrix exit 4

tools/structure_two_unified_acceptance.py:614: ValueError
----------------------------- Captured stdout call -----------------------------
{"journal": "/private/var/folders/x2/000r8p0n6s393lj2sg8wk5f40000gn/T/pytest-of-pangwei/pytest-1922/popen-gw1/actual_pytest_checkout1/docs/reviews/data/structure_two_unified_acceptance_runs/test_fixture_9bef042b22b740428f8528d2efdc2fe8", "status": "FAILED"}
_ test_legal_existing_project_and_helper_cache_still_runs[PycInvalidationMode.TIMESTAMP] _
[gw1] darwin -- Python 3.13.5 /private/tmp/cpswm-pc-a-unified-runtime-20260913/.venv/bin/python

runtime_tree = PosixPath('/private/var/folders/x2/000r8p0n6s393lj2sg8wk5f40000gn/T/pytest-of-pangwei/pytest-1922/popen-gw1/actual_pytest_checkout1')
mode = <PycInvalidationMode.TIMESTAMP: 1>

    @pytest.mark.parametrize(
        "mode",
        [py_compile.PycInvalidationMode.TIMESTAMP, py_compile.PycInvalidationMode.UNCHECKED_HASH],
    )
    def test_legal_existing_project_and_helper_cache_still_runs(runtime_tree, mode):
        root = runtime_tree
        name = "legal_" + uuid.uuid4().hex
        path = root / "src/cpswm" / (name + ".py")
        seed_cache(path, "VALUE = 7\n", "VALUE = 7\n", mode)
        journal, stage = prepare(
            root, f"def test_live():\n from cpswm import {name}\n assert {name}.VALUE == 7\n"
        )
>       execute(root, journal, replace(stage, argv=(*stage.argv, "-n", "2")))

tests/test_structure_two_runtime_cache_identity.py:109: 
_ _ _ _ _ _ _ _ _ _ _ _ _ _ _ _ _ _ _ _ _ _ _ _ _ _ _ _ _ _ _ _ _ _ _ _ _ _ _ _ 
tests/test_structure_two_unified_dependencies.py:70: in execute
    coordinator.run_stages(
_ _ _ _ _ _ _ _ _ _ _ _ _ _ _ _ _ _ _ _ _ _ _ _ _ _ _ _ _ _ _ _ _ _ _ _ _ _ _ _ 

root = PosixPath('/private/var/folders/x2/000r8p0n6s393lj2sg8wk5f40000gn/T/pytest-of-pangwei/pytest-1922/popen-gw1/actual_pytest_checkout1')
journal = <_unified_acceptance_regression.Journal object at 0x10fbac230>
stages = (Stage(name='matrix', argv=('/private/var/folders/x2/000r8p0n6s393lj2sg8wk5f40000gn/T/pytest-of-pangwei/pytest-1922/po..., new_outputs=(), test_nodes=('tests/test_fixture_94d7196b54cf481d8b62dd43a501b04f.py',), native_plugin_policy=False),)
frozen = {'head': 'f7eb0139b3938776f2d53c85ff233e5a4156f018', 'files': {'.gitignore': '4409b253ac33acb862192f9cad8583ed3fe0bac9...5a48f2ccbf68a66b3374d6ab9cef9fc65', ...}, 'sha256': 'e0a77c554ca34957966d72d87a567c7354f85497fac483c05e47a2c276a02459'}
excluded = ()
environment = {'prefix': '/private/var/folders/x2/000r8p0n6s393lj2sg8wk5f40000gn/T/pytest-of-pangwei/pytest-1922/popen-gw1/actual_py...otated-types', '0.8.0'], ['antlr4-python3-runtime', '4.9.3'], ['ast_serialize', '0.8.0'], ['cffi', '2.1.1'], ...], ...}
before_stage = None

    def run_stages(root, journal, stages, frozen, excluded, *, environment=None, before_stage=None):
        """Shared execution engine. No loaded journal can skip a stage or grant success."""
        journal.value.update(
            status="RUNNING", source_before=frozen, required_stages=[s.name for s in stages]
        )
        journal.save()
        locked = []
        completed = set()
        try:
            for stage in stages:
                if not set(stage.requires).issubset(completed):
                    raise ValueError("REQUIRED_PRODUCER_NOT_COMPLETED: " + stage.name)
                frozen_paths = {p for paths, _ in locked for p in paths}
                if not set(stage.required_artifacts).issubset(frozen_paths):
                    raise ValueError("REQUIRED_VERIFIED_ARTIFACT_ABSENT: " + stage.name)
                for name in stage.new_outputs:
                    path = root / name
                    if path.exists() or path.is_symlink():
                        raise ValueError("generation requires new output: " + name)
                require_artifacts(root, locked)
                require_snapshot(root, frozen, excluded)
                if environment is not None and execution_environment(root) != environment:
                    raise ValueError("execution environment changed before stage")
                if before_stage is not None:
                    before_stage(stage.name)
                if not stage.name.replace("_", "").isalnum():
                    raise ValueError("unsafe stage name")
                row = {
                    "name": stage.name,
                    "argv": list(stage.argv),
                    "cwd": str(root),
                    "status": "RUNNING",
                    "environment_overrides": dict(stage.environment),
                    "started_unix": time.time(),
                }
                journal.value["stages"].append(row)
                journal.save()
                output = journal.path / (stage.name + ".stdout.log")
                error = journal.path / (stage.name + ".stderr.log")
                proc = None
                runtime = None
                if stage.test_nodes:
                    runtime = prepare_test_runtime(root, journal, stage, frozen, environment)
                elif stage.junit and environment is not None:
                    raise ValueError("native test matrix requires actual runtime observations")
                try:
                    with output.open("xb") as stdout, error.open("xb") as stderr:
                        proc = subprocess.Popen(
                            stage.argv,
                            cwd=root,
                            stdout=stdout,
                            stderr=stderr,
                            start_new_session=True,
                            env={**os.environ, **dict(stage.environment)},
                        )
                        row["pid"] = proc.pid
                        journal.save()
                        if runtime is not None:
                            while proc.poll() is None:
                                rejections = list(runtime[0].glob("*.reject.json"))
                                if rejections:
                                    row["runtime_rejections"] = [
                                        json.loads(p.read_text()) for p in rejections
                                    ]
                                    # Most rejecting pytest processes exit immediately. Let
                                    # them flush real diagnostics; early worker failures may
                                    # instead wait for xdist, so bound this grace period.
                                    with suppress(subprocess.TimeoutExpired):
                                        proc.wait(timeout=1)
>                                   raise ValueError("ACTUAL_TEST_RUNTIME_REJECTED: " + stage.name)
E                                   ValueError: ACTUAL_TEST_RUNTIME_REJECTED: matrix

tools/structure_two_unified_acceptance.py:594: ValueError
----------------------------- Captured stdout call -----------------------------
{"journal": "/private/var/folders/x2/000r8p0n6s393lj2sg8wk5f40000gn/T/pytest-of-pangwei/pytest-1922/popen-gw1/actual_pytest_checkout1/docs/reviews/data/structure_two_unified_acceptance_runs/test_fixture_94d7196b54cf481d8b62dd43a501b04f", "status": "FAILED"}
_ test_legal_existing_project_and_helper_cache_still_runs[PycInvalidationMode.UNCHECKED_HASH] _
[gw1] darwin -- Python 3.13.5 /private/tmp/cpswm-pc-a-unified-runtime-20260913/.venv/bin/python

runtime_tree = PosixPath('/private/var/folders/x2/000r8p0n6s393lj2sg8wk5f40000gn/T/pytest-of-pangwei/pytest-1922/popen-gw1/actual_pytest_checkout1')
mode = <PycInvalidationMode.UNCHECKED_HASH: 3>

    @pytest.mark.parametrize(
        "mode",
        [py_compile.PycInvalidationMode.TIMESTAMP, py_compile.PycInvalidationMode.UNCHECKED_HASH],
    )
    def test_legal_existing_project_and_helper_cache_still_runs(runtime_tree, mode):
        root = runtime_tree
        name = "legal_" + uuid.uuid4().hex
        path = root / "src/cpswm" / (name + ".py")
        seed_cache(path, "VALUE = 7\n", "VALUE = 7\n", mode)
        journal, stage = prepare(
            root, f"def test_live():\n from cpswm import {name}\n assert {name}.VALUE == 7\n"
        )
>       execute(root, journal, replace(stage, argv=(*stage.argv, "-n", "2")))

tests/test_structure_two_runtime_cache_identity.py:109: 
_ _ _ _ _ _ _ _ _ _ _ _ _ _ _ _ _ _ _ _ _ _ _ _ _ _ _ _ _ _ _ _ _ _ _ _ _ _ _ _ 
tests/test_structure_two_unified_dependencies.py:70: in execute
    coordinator.run_stages(
_ _ _ _ _ _ _ _ _ _ _ _ _ _ _ _ _ _ _ _ _ _ _ _ _ _ _ _ _ _ _ _ _ _ _ _ _ _ _ _ 

root = PosixPath('/private/var/folders/x2/000r8p0n6s393lj2sg8wk5f40000gn/T/pytest-of-pangwei/pytest-1922/popen-gw1/actual_pytest_checkout1')
journal = <_unified_acceptance_regression.Journal object at 0x10e2c5a90>
stages = (Stage(name='matrix', argv=('/private/var/folders/x2/000r8p0n6s393lj2sg8wk5f40000gn/T/pytest-of-pangwei/pytest-1922/po..., new_outputs=(), test_nodes=('tests/test_fixture_4b9933f003724217861a421aec706d70.py',), native_plugin_policy=False),)
frozen = {'head': 'f7eb0139b3938776f2d53c85ff233e5a4156f018', 'files': {'.gitignore': '4409b253ac33acb862192f9cad8583ed3fe0bac9...5a48f2ccbf68a66b3374d6ab9cef9fc65', ...}, 'sha256': '7c95d25ab3ebfa10c58f8fbbc6409e602ffd4a2090674505abd80e12d3755b5d'}
excluded = ()
environment = {'prefix': '/private/var/folders/x2/000r8p0n6s393lj2sg8wk5f40000gn/T/pytest-of-pangwei/pytest-1922/popen-gw1/actual_py...otated-types', '0.8.0'], ['antlr4-python3-runtime', '4.9.3'], ['ast_serialize', '0.8.0'], ['cffi', '2.1.1'], ...], ...}
before_stage = None

    def run_stages(root, journal, stages, frozen, excluded, *, environment=None, before_stage=None):
        """Shared execution engine. No loaded journal can skip a stage or grant success."""
        journal.value.update(
            status="RUNNING", source_before=frozen, required_stages=[s.name for s in stages]
        )
        journal.save()
        locked = []
        completed = set()
        try:
            for stage in stages:
                if not set(stage.requires).issubset(completed):
                    raise ValueError("REQUIRED_PRODUCER_NOT_COMPLETED: " + stage.name)
                frozen_paths = {p for paths, _ in locked for p in paths}
                if not set(stage.required_artifacts).issubset(frozen_paths):
                    raise ValueError("REQUIRED_VERIFIED_ARTIFACT_ABSENT: " + stage.name)
                for name in stage.new_outputs:
                    path = root / name
                    if path.exists() or path.is_symlink():
                        raise ValueError("generation requires new output: " + name)
                require_artifacts(root, locked)
                require_snapshot(root, frozen, excluded)
                if environment is not None and execution_environment(root) != environment:
                    raise ValueError("execution environment changed before stage")
                if before_stage is not None:
                    before_stage(stage.name)
                if not stage.name.replace("_", "").isalnum():
                    raise ValueError("unsafe stage name")
                row = {
                    "name": stage.name,
                    "argv": list(stage.argv),
                    "cwd": str(root),
                    "status": "RUNNING",
                    "environment_overrides": dict(stage.environment),
                    "started_unix": time.time(),
                }
                journal.value["stages"].append(row)
                journal.save()
                output = journal.path / (stage.name + ".stdout.log")
                error = journal.path / (stage.name + ".stderr.log")
                proc = None
                runtime = None
                if stage.test_nodes:
                    runtime = prepare_test_runtime(root, journal, stage, frozen, environment)
                elif stage.junit and environment is not None:
                    raise ValueError("native test matrix requires actual runtime observations")
                try:
                    with output.open("xb") as stdout, error.open("xb") as stderr:
                        proc = subprocess.Popen(
                            stage.argv,
                            cwd=root,
                            stdout=stdout,
                            stderr=stderr,
                            start_new_session=True,
                            env={**os.environ, **dict(stage.environment)},
                        )
                        row["pid"] = proc.pid
                        journal.save()
                        if runtime is not None:
                            while proc.poll() is None:
                                rejections = list(runtime[0].glob("*.reject.json"))
                                if rejections:
                                    row["runtime_rejections"] = [
                                        json.loads(p.read_text()) for p in rejections
                                    ]
                                    # Most rejecting pytest processes exit immediately. Let
                                    # them flush real diagnostics; early worker failures may
                                    # instead wait for xdist, so bound this grace period.
                                    with suppress(subprocess.TimeoutExpired):
                                        proc.wait(timeout=1)
>                                   raise ValueError("ACTUAL_TEST_RUNTIME_REJECTED: " + stage.name)
E                                   ValueError: ACTUAL_TEST_RUNTIME_REJECTED: matrix

tools/structure_two_unified_acceptance.py:594: ValueError
----------------------------- Captured stdout call -----------------------------
{"journal": "/private/var/folders/x2/000r8p0n6s393lj2sg8wk5f40000gn/T/pytest-of-pangwei/pytest-1922/popen-gw1/actual_pytest_checkout1/docs/reviews/data/structure_two_unified_acceptance_runs/test_fixture_4b9933f003724217861a421aec706d70", "status": "FAILED"}
___________ test_caught_bad_import_cannot_erase_execution_rejection ____________
[gw1] darwin -- Python 3.13.5 /private/tmp/cpswm-pc-a-unified-runtime-20260913/.venv/bin/python

runtime_tree = PosixPath('/private/var/folders/x2/000r8p0n6s393lj2sg8wk5f40000gn/T/pytest-of-pangwei/pytest-1922/popen-gw1/actual_pytest_checkout1')

    def test_caught_bad_import_cannot_erase_execution_rejection(runtime_tree):
        root = runtime_tree
        path = root / "src/cpswm/caught_bad_cache.py"
        seed_cache(path, "VALUE = 1\n", "VALUE = 9\n", py_compile.PycInvalidationMode.TIMESTAMP)
        journal, stage = prepare(
            root,
            "def test_live():\n try:\n  import cpswm.caught_bad_cache\n"
            " except BaseException:\n  pass\n assert True\n",
        )
        with pytest.raises(ValueError):
            execute(root, journal, stage)
        assert state(journal)["status"] == "FAILED"
>       assert list(journal.path.rglob("*.code.reject.json"))
E       AssertionError: assert []
E        +  where [] = list(<map object at 0x10c36a140>)
E        +    where <map object at 0x10c36a140> = rglob('*.code.reject.json')
E        +      where rglob = PosixPath('/private/var/folders/x2/000r8p0n6s393lj2sg8wk5f40000gn/T/pytest-of-pangwei/pytest-1922/popen-gw1/actual_pytest_checkout1/docs/reviews/data/structure_two_unified_acceptance_runs/test_fixture_57e750192583453ea14455e623dee090').rglob
E        +        where PosixPath('/private/var/folders/x2/000r8p0n6s393lj2sg8wk5f40000gn/T/pytest-of-pangwei/pytest-1922/popen-gw1/actual_pytest_checkout1/docs/reviews/data/structure_two_unified_acceptance_runs/test_fixture_57e750192583453ea14455e623dee090') = <_unified_acceptance_regression.Journal object at 0x10a90e090>.path

tests/test_structure_two_runtime_cache_identity.py:127: AssertionError
----------------------------- Captured stdout call -----------------------------
{"journal": "/private/var/folders/x2/000r8p0n6s393lj2sg8wk5f40000gn/T/pytest-of-pangwei/pytest-1922/popen-gw1/actual_pytest_checkout1/docs/reviews/data/structure_two_unified_acceptance_runs/test_fixture_57e750192583453ea14455e623dee090", "status": "FAILED"}
______ test_rewrite_cache_cannot_hide_its_filename_outside_bound_sources _______
[gw0] darwin -- Python 3.13.5 /private/tmp/cpswm-pc-a-unified-runtime-20260913/.venv/bin/python

runtime_tree = PosixPath('/private/var/folders/x2/000r8p0n6s393lj2sg8wk5f40000gn/T/pytest-of-pangwei/pytest-1922/popen-gw0/actual_pytest_checkout0')

    def test_rewrite_cache_cannot_hide_its_filename_outside_bound_sources(runtime_tree):
        root = runtime_tree
        journal, stage = prepare(root, "def test_live():\n assert 1 == 1\n")
>       execute(root, journal, stage)

tests/test_structure_two_runtime_cache_identity.py:233: 
_ _ _ _ _ _ _ _ _ _ _ _ _ _ _ _ _ _ _ _ _ _ _ _ _ _ _ _ _ _ _ _ _ _ _ _ _ _ _ _ 
tests/test_structure_two_unified_dependencies.py:70: in execute
    coordinator.run_stages(
_ _ _ _ _ _ _ _ _ _ _ _ _ _ _ _ _ _ _ _ _ _ _ _ _ _ _ _ _ _ _ _ _ _ _ _ _ _ _ _ 

root = PosixPath('/private/var/folders/x2/000r8p0n6s393lj2sg8wk5f40000gn/T/pytest-of-pangwei/pytest-1922/popen-gw0/actual_pytest_checkout0')
journal = <_unified_acceptance_regression.Journal object at 0x1087faa50>
stages = (Stage(name='matrix', argv=('/private/var/folders/x2/000r8p0n6s393lj2sg8wk5f40000gn/T/pytest-of-pangwei/pytest-1922/po..., new_outputs=(), test_nodes=('tests/test_fixture_740c1c9211a0415c91b2c7ee319973eb.py',), native_plugin_policy=False),)
frozen = {'head': '28bacdff18345fdcac780b51e5953195fb11f4fd', 'files': {'.gitignore': '4409b253ac33acb862192f9cad8583ed3fe0bac9...2fe19b0c2ae4a66648968f7e149efbb3e', ...}, 'sha256': '481680fb96118c716fa0712b19e8ca29abb1a36e416a48ccf6f5e5d6dd795a8e'}
excluded = ()
environment = {'prefix': '/private/var/folders/x2/000r8p0n6s393lj2sg8wk5f40000gn/T/pytest-of-pangwei/pytest-1922/popen-gw0/actual_py...otated-types', '0.8.0'], ['antlr4-python3-runtime', '4.9.3'], ['ast_serialize', '0.8.0'], ['cffi', '2.1.1'], ...], ...}
before_stage = None

    def run_stages(root, journal, stages, frozen, excluded, *, environment=None, before_stage=None):
        """Shared execution engine. No loaded journal can skip a stage or grant success."""
        journal.value.update(
            status="RUNNING", source_before=frozen, required_stages=[s.name for s in stages]
        )
        journal.save()
        locked = []
        completed = set()
        try:
            for stage in stages:
                if not set(stage.requires).issubset(completed):
                    raise ValueError("REQUIRED_PRODUCER_NOT_COMPLETED: " + stage.name)
                frozen_paths = {p for paths, _ in locked for p in paths}
                if not set(stage.required_artifacts).issubset(frozen_paths):
                    raise ValueError("REQUIRED_VERIFIED_ARTIFACT_ABSENT: " + stage.name)
                for name in stage.new_outputs:
                    path = root / name
                    if path.exists() or path.is_symlink():
                        raise ValueError("generation requires new output: " + name)
                require_artifacts(root, locked)
                require_snapshot(root, frozen, excluded)
                if environment is not None and execution_environment(root) != environment:
                    raise ValueError("execution environment changed before stage")
                if before_stage is not None:
                    before_stage(stage.name)
                if not stage.name.replace("_", "").isalnum():
                    raise ValueError("unsafe stage name")
                row = {
                    "name": stage.name,
                    "argv": list(stage.argv),
                    "cwd": str(root),
                    "status": "RUNNING",
                    "environment_overrides": dict(stage.environment),
                    "started_unix": time.time(),
                }
                journal.value["stages"].append(row)
                journal.save()
                output = journal.path / (stage.name + ".stdout.log")
                error = journal.path / (stage.name + ".stderr.log")
                proc = None
                runtime = None
                if stage.test_nodes:
                    runtime = prepare_test_runtime(root, journal, stage, frozen, environment)
                elif stage.junit and environment is not None:
                    raise ValueError("native test matrix requires actual runtime observations")
                try:
                    with output.open("xb") as stdout, error.open("xb") as stderr:
                        proc = subprocess.Popen(
                            stage.argv,
                            cwd=root,
                            stdout=stdout,
                            stderr=stderr,
                            start_new_session=True,
                            env={**os.environ, **dict(stage.environment)},
                        )
                        row["pid"] = proc.pid
                        journal.save()
                        if runtime is not None:
                            while proc.poll() is None:
                                rejections = list(runtime[0].glob("*.reject.json"))
                                if rejections:
                                    row["runtime_rejections"] = [
                                        json.loads(p.read_text()) for p in rejections
                                    ]
                                    # Most rejecting pytest processes exit immediately. Let
                                    # them flush real diagnostics; early worker failures may
                                    # instead wait for xdist, so bound this grace period.
                                    with suppress(subprocess.TimeoutExpired):
                                        proc.wait(timeout=1)
                                    raise ValueError("ACTUAL_TEST_RUNTIME_REJECTED: " + stage.name)
                                time.sleep(0.05)
                        row["exit_code"] = proc.wait()
                finally:
                    if proc is not None:
                        stop_process(proc)
                        row["exit_code"] = proc.returncode
                    row["ended_unix"] = time.time()
                    for key, path in (("stdout", output), ("stderr", error)):
                        if path.exists():
                            row[key] = {
                                "path": path.name,
                                "sha256": hashlib.sha256(path.read_bytes()).hexdigest(),
                            }
                    journal.save()
                require_snapshot(root, frozen, excluded)
                require_artifacts(root, locked)
                if environment is not None and execution_environment(root) != environment:
                    raise ValueError("execution environment changed during stage")
                if row["exit_code"] != 0:
>                   raise ValueError(f"STAGE_FAILED: {stage.name} exit {row['exit_code']}")
E                   ValueError: STAGE_FAILED: matrix exit 4

tools/structure_two_unified_acceptance.py:614: ValueError
----------------------------- Captured stdout call -----------------------------
{"journal": "/private/var/folders/x2/000r8p0n6s393lj2sg8wk5f40000gn/T/pytest-of-pangwei/pytest-1922/popen-gw0/actual_pytest_checkout0/docs/reviews/data/structure_two_unified_acceptance_runs/test_fixture_740c1c9211a0415c91b2c7ee319973eb", "status": "FAILED"}
_____________ test_bad_cache_in_background_thread_cannot_be_hidden _____________
[gw0] darwin -- Python 3.13.5 /private/tmp/cpswm-pc-a-unified-runtime-20260913/.venv/bin/python

runtime_tree = PosixPath('/private/var/folders/x2/000r8p0n6s393lj2sg8wk5f40000gn/T/pytest-of-pangwei/pytest-1922/popen-gw0/actual_pytest_checkout0')

    def test_bad_cache_in_background_thread_cannot_be_hidden(runtime_tree):
        root = runtime_tree
        path = root / "src/cpswm/thread_bad_cache.py"
        seed_cache(path, "VALUE = 1\n", "VALUE = 9\n", py_compile.PycInvalidationMode.UNCHECKED_HASH)
        journal, stage = prepare(
            root,
            """def test_live():
     import threading
     def work():
      try:
       import cpswm.thread_bad_cache
      except BaseException:
       pass
     thread = threading.Thread(target=work)
     thread.start()
     thread.join()
     assert True
    """,
        )
        with pytest.raises(ValueError):
            execute(root, journal, stage)
>       assert list(journal.path.rglob("*.code.reject.json"))
E       AssertionError: assert []
E        +  where [] = list(<map object at 0x10aa291e0>)
E        +    where <map object at 0x10aa291e0> = rglob('*.code.reject.json')
E        +      where rglob = PosixPath('/private/var/folders/x2/000r8p0n6s393lj2sg8wk5f40000gn/T/pytest-of-pangwei/pytest-1922/popen-gw0/actual_pytest_checkout0/docs/reviews/data/structure_two_unified_acceptance_runs/test_fixture_21bc5111d3f341dbae58f0edfdb7675e').rglob
E        +        where PosixPath('/private/var/folders/x2/000r8p0n6s393lj2sg8wk5f40000gn/T/pytest-of-pangwei/pytest-1922/popen-gw0/actual_pytest_checkout0/docs/reviews/data/structure_two_unified_acceptance_runs/test_fixture_21bc5111d3f341dbae58f0edfdb7675e') = <_unified_acceptance_regression.Journal object at 0x10abf25d0>.path

tests/test_structure_two_runtime_cache_identity.py:268: AssertionError
----------------------------- Captured stdout call -----------------------------
{"journal": "/private/var/folders/x2/000r8p0n6s393lj2sg8wk5f40000gn/T/pytest-of-pangwei/pytest-1922/popen-gw0/actual_pytest_checkout0/docs/reviews/data/structure_two_unified_acceptance_runs/test_fixture_21bc5111d3f341dbae58f0edfdb7675e", "status": "FAILED"}
___________ test_code_expectation_uses_exact_bytes_that_were_hashed ____________
[gw0] darwin -- Python 3.13.5 /private/tmp/cpswm-pc-a-unified-runtime-20260913/.venv/bin/python

runtime_tree = PosixPath('/private/var/folders/x2/000r8p0n6s393lj2sg8wk5f40000gn/T/pytest-of-pangwei/pytest-1922/popen-gw0/actual_pytest_checkout0')

    def test_code_expectation_uses_exact_bytes_that_were_hashed(runtime_tree):
        """Deterministic read-race injection; actual stale pyc and real subprocess."""
        root = runtime_tree
        path = root / "src/cpswm/read_race.py"
        seed_cache(path, "VALUE = 1\n", "VALUE = 9\n", py_compile.PycInvalidationMode.UNCHECKED_HASH)
        conftest = root / "tests/conftest.py"
        conftest.write_text("""from pathlib import Path
    original_read = Path.read_bytes
    reads = 0
    def racing_read(self):
     global reads
     if self.name == 'read_race.py':
      reads += 1
      if reads == 2:
       return b'VALUE = 9\\n'
     return original_read(self)
    Path.read_bytes = racing_read
    """)
        try:
            journal, stage = prepare(
                root, "def test_live():\n from cpswm import read_race\n assert read_race.VALUE == 9\n"
            )
            with pytest.raises(ValueError):
                execute(root, journal, stage)
>           assert "EXECUTED_LOCAL_CODE_MISMATCH" in "".join(
                p.read_text() for p in journal.path.rglob("*.code.reject.json")
            )
E           AssertionError: assert 'EXECUTED_LOCAL_CODE_MISMATCH' in ''
E            +  where '' = <built-in method join of str object at 0x10354a780>(<generator object test_code_expectation_uses_exact_bytes_that_were_hashed.<locals>.<genexpr> at 0x10c17f5e0>)
E            +    where <built-in method join of str object at 0x10354a780> = ''.join

tests/test_structure_two_runtime_cache_identity.py:295: AssertionError
----------------------------- Captured stdout call -----------------------------
{"journal": "/private/var/folders/x2/000r8p0n6s393lj2sg8wk5f40000gn/T/pytest-of-pangwei/pytest-1922/popen-gw0/actual_pytest_checkout0/docs/reviews/data/structure_two_unified_acceptance_runs/test_fixture_c82fbab2e5a549c0be34f86625bf497b", "status": "FAILED"}
____ test_real_conftest_rewrite_cache_cannot_change_fixture_behavior[False] ____
[gw1] darwin -- Python 3.13.5 /private/tmp/cpswm-pc-a-unified-runtime-20260913/.venv/bin/python

runtime_tree = PosixPath('/private/var/folders/x2/000r8p0n6s393lj2sg8wk5f40000gn/T/pytest-of-pangwei/pytest-1922/popen-gw1/actual_pytest_checkout1')
workers = False

    @pytest.mark.parametrize("workers", [False, True])
    def test_real_conftest_rewrite_cache_cannot_change_fixture_behavior(runtime_tree, workers):
        root = runtime_tree
        conftest = root / "tests/conftest.py"
        conftest.write_text("import pytest\n@pytest.fixture\ndef value():\n return 9\n")
        stamp = conftest.stat().st_mtime_ns
        try:
            journal, stage = prepare(root, "def test_live(value):\n assert value == 9\n")
            if workers:
                stage = replace(stage, argv=(*stage.argv, "-n", "2"))
>           execute(root, journal, stage)

tests/test_structure_two_runtime_cache_identity.py:210: 
_ _ _ _ _ _ _ _ _ _ _ _ _ _ _ _ _ _ _ _ _ _ _ _ _ _ _ _ _ _ _ _ _ _ _ _ _ _ _ _ 
tests/test_structure_two_unified_dependencies.py:70: in execute
    coordinator.run_stages(
_ _ _ _ _ _ _ _ _ _ _ _ _ _ _ _ _ _ _ _ _ _ _ _ _ _ _ _ _ _ _ _ _ _ _ _ _ _ _ _ 

root = PosixPath('/private/var/folders/x2/000r8p0n6s393lj2sg8wk5f40000gn/T/pytest-of-pangwei/pytest-1922/popen-gw1/actual_pytest_checkout1')
journal = <_unified_acceptance_regression.Journal object at 0x10c385730>
stages = (Stage(name='matrix', argv=('/private/var/folders/x2/000r8p0n6s393lj2sg8wk5f40000gn/T/pytest-of-pangwei/pytest-1922/po..., new_outputs=(), test_nodes=('tests/test_fixture_3481aa1aa83b44f195ae92e3515e42ff.py',), native_plugin_policy=False),)
frozen = {'head': 'f7eb0139b3938776f2d53c85ff233e5a4156f018', 'files': {'.gitignore': '4409b253ac33acb862192f9cad8583ed3fe0bac9...5a48f2ccbf68a66b3374d6ab9cef9fc65', ...}, 'sha256': '571f2523c39011ee2c502fbb2fd5359d2e385ec601ee8164afad5c9d0c79134b'}
excluded = ()
environment = {'prefix': '/private/var/folders/x2/000r8p0n6s393lj2sg8wk5f40000gn/T/pytest-of-pangwei/pytest-1922/popen-gw1/actual_py...otated-types', '0.8.0'], ['antlr4-python3-runtime', '4.9.3'], ['ast_serialize', '0.8.0'], ['cffi', '2.1.1'], ...], ...}
before_stage = None

    def run_stages(root, journal, stages, frozen, excluded, *, environment=None, before_stage=None):
        """Shared execution engine. No loaded journal can skip a stage or grant success."""
        journal.value.update(
            status="RUNNING", source_before=frozen, required_stages=[s.name for s in stages]
        )
        journal.save()
        locked = []
        completed = set()
        try:
            for stage in stages:
                if not set(stage.requires).issubset(completed):
                    raise ValueError("REQUIRED_PRODUCER_NOT_COMPLETED: " + stage.name)
                frozen_paths = {p for paths, _ in locked for p in paths}
                if not set(stage.required_artifacts).issubset(frozen_paths):
                    raise ValueError("REQUIRED_VERIFIED_ARTIFACT_ABSENT: " + stage.name)
                for name in stage.new_outputs:
                    path = root / name
                    if path.exists() or path.is_symlink():
                        raise ValueError("generation requires new output: " + name)
                require_artifacts(root, locked)
                require_snapshot(root, frozen, excluded)
                if environment is not None and execution_environment(root) != environment:
                    raise ValueError("execution environment changed before stage")
                if before_stage is not None:
                    before_stage(stage.name)
                if not stage.name.replace("_", "").isalnum():
                    raise ValueError("unsafe stage name")
                row = {
                    "name": stage.name,
                    "argv": list(stage.argv),
                    "cwd": str(root),
                    "status": "RUNNING",
                    "environment_overrides": dict(stage.environment),
                    "started_unix": time.time(),
                }
                journal.value["stages"].append(row)
                journal.save()
                output = journal.path / (stage.name + ".stdout.log")
                error = journal.path / (stage.name + ".stderr.log")
                proc = None
                runtime = None
                if stage.test_nodes:
                    runtime = prepare_test_runtime(root, journal, stage, frozen, environment)
                elif stage.junit and environment is not None:
                    raise ValueError("native test matrix requires actual runtime observations")
                try:
                    with output.open("xb") as stdout, error.open("xb") as stderr:
                        proc = subprocess.Popen(
                            stage.argv,
                            cwd=root,
                            stdout=stdout,
                            stderr=stderr,
                            start_new_session=True,
                            env={**os.environ, **dict(stage.environment)},
                        )
                        row["pid"] = proc.pid
                        journal.save()
                        if runtime is not None:
                            while proc.poll() is None:
                                rejections = list(runtime[0].glob("*.reject.json"))
                                if rejections:
                                    row["runtime_rejections"] = [
                                        json.loads(p.read_text()) for p in rejections
                                    ]
                                    # Most rejecting pytest processes exit immediately. Let
                                    # them flush real diagnostics; early worker failures may
                                    # instead wait for xdist, so bound this grace period.
                                    with suppress(subprocess.TimeoutExpired):
                                        proc.wait(timeout=1)
>                                   raise ValueError("ACTUAL_TEST_RUNTIME_REJECTED: " + stage.name)
E                                   ValueError: ACTUAL_TEST_RUNTIME_REJECTED: matrix

tools/structure_two_unified_acceptance.py:594: ValueError
----------------------------- Captured stdout call -----------------------------
{"journal": "/private/var/folders/x2/000r8p0n6s393lj2sg8wk5f40000gn/T/pytest-of-pangwei/pytest-1922/popen-gw1/actual_pytest_checkout1/docs/reviews/data/structure_two_unified_acceptance_runs/test_fixture_3481aa1aa83b44f195ae92e3515e42ff", "status": "FAILED"}
____ test_real_conftest_rewrite_cache_cannot_change_fixture_behavior[True] _____
[gw1] darwin -- Python 3.13.5 /private/tmp/cpswm-pc-a-unified-runtime-20260913/.venv/bin/python

runtime_tree = PosixPath('/private/var/folders/x2/000r8p0n6s393lj2sg8wk5f40000gn/T/pytest-of-pangwei/pytest-1922/popen-gw1/actual_pytest_checkout1')
workers = True

    @pytest.mark.parametrize("workers", [False, True])
    def test_real_conftest_rewrite_cache_cannot_change_fixture_behavior(runtime_tree, workers):
        root = runtime_tree
        conftest = root / "tests/conftest.py"
        conftest.write_text("import pytest\n@pytest.fixture\ndef value():\n return 9\n")
        stamp = conftest.stat().st_mtime_ns
        try:
            journal, stage = prepare(root, "def test_live(value):\n assert value == 9\n")
            if workers:
                stage = replace(stage, argv=(*stage.argv, "-n", "2"))
>           execute(root, journal, stage)

tests/test_structure_two_runtime_cache_identity.py:210: 
_ _ _ _ _ _ _ _ _ _ _ _ _ _ _ _ _ _ _ _ _ _ _ _ _ _ _ _ _ _ _ _ _ _ _ _ _ _ _ _ 
tests/test_structure_two_unified_dependencies.py:70: in execute
    coordinator.run_stages(
_ _ _ _ _ _ _ _ _ _ _ _ _ _ _ _ _ _ _ _ _ _ _ _ _ _ _ _ _ _ _ _ _ _ _ _ _ _ _ _ 

root = PosixPath('/private/var/folders/x2/000r8p0n6s393lj2sg8wk5f40000gn/T/pytest-of-pangwei/pytest-1922/popen-gw1/actual_pytest_checkout1')
journal = <_unified_acceptance_regression.Journal object at 0x10cd80ef0>
stages = (Stage(name='matrix', argv=('/private/var/folders/x2/000r8p0n6s393lj2sg8wk5f40000gn/T/pytest-of-pangwei/pytest-1922/po..., new_outputs=(), test_nodes=('tests/test_fixture_31e2694a47fb41bd80752be4eb42b3e8.py',), native_plugin_policy=False),)
frozen = {'head': 'f7eb0139b3938776f2d53c85ff233e5a4156f018', 'files': {'.gitignore': '4409b253ac33acb862192f9cad8583ed3fe0bac9...5a48f2ccbf68a66b3374d6ab9cef9fc65', ...}, 'sha256': '5562e536b537b05013ac79c5638fbda4e03e588395b24dc449fcf1e64085e9af'}
excluded = ()
environment = {'prefix': '/private/var/folders/x2/000r8p0n6s393lj2sg8wk5f40000gn/T/pytest-of-pangwei/pytest-1922/popen-gw1/actual_py...otated-types', '0.8.0'], ['antlr4-python3-runtime', '4.9.3'], ['ast_serialize', '0.8.0'], ['cffi', '2.1.1'], ...], ...}
before_stage = None

    def run_stages(root, journal, stages, frozen, excluded, *, environment=None, before_stage=None):
        """Shared execution engine. No loaded journal can skip a stage or grant success."""
        journal.value.update(
            status="RUNNING", source_before=frozen, required_stages=[s.name for s in stages]
        )
        journal.save()
        locked = []
        completed = set()
        try:
            for stage in stages:
                if not set(stage.requires).issubset(completed):
                    raise ValueError("REQUIRED_PRODUCER_NOT_COMPLETED: " + stage.name)
                frozen_paths = {p for paths, _ in locked for p in paths}
                if not set(stage.required_artifacts).issubset(frozen_paths):
                    raise ValueError("REQUIRED_VERIFIED_ARTIFACT_ABSENT: " + stage.name)
                for name in stage.new_outputs:
                    path = root / name
                    if path.exists() or path.is_symlink():
                        raise ValueError("generation requires new output: " + name)
                require_artifacts(root, locked)
                require_snapshot(root, frozen, excluded)
                if environment is not None and execution_environment(root) != environment:
                    raise ValueError("execution environment changed before stage")
                if before_stage is not None:
                    before_stage(stage.name)
                if not stage.name.replace("_", "").isalnum():
                    raise ValueError("unsafe stage name")
                row = {
                    "name": stage.name,
                    "argv": list(stage.argv),
                    "cwd": str(root),
                    "status": "RUNNING",
                    "environment_overrides": dict(stage.environment),
                    "started_unix": time.time(),
                }
                journal.value["stages"].append(row)
                journal.save()
                output = journal.path / (stage.name + ".stdout.log")
                error = journal.path / (stage.name + ".stderr.log")
                proc = None
                runtime = None
                if stage.test_nodes:
                    runtime = prepare_test_runtime(root, journal, stage, frozen, environment)
                elif stage.junit and environment is not None:
                    raise ValueError("native test matrix requires actual runtime observations")
                try:
                    with output.open("xb") as stdout, error.open("xb") as stderr:
                        proc = subprocess.Popen(
                            stage.argv,
                            cwd=root,
                            stdout=stdout,
                            stderr=stderr,
                            start_new_session=True,
                            env={**os.environ, **dict(stage.environment)},
                        )
                        row["pid"] = proc.pid
                        journal.save()
                        if runtime is not None:
                            while proc.poll() is None:
                                rejections = list(runtime[0].glob("*.reject.json"))
                                if rejections:
                                    row["runtime_rejections"] = [
                                        json.loads(p.read_text()) for p in rejections
                                    ]
                                    # Most rejecting pytest processes exit immediately. Let
                                    # them flush real diagnostics; early worker failures may
                                    # instead wait for xdist, so bound this grace period.
                                    with suppress(subprocess.TimeoutExpired):
                                        proc.wait(timeout=1)
>                                   raise ValueError("ACTUAL_TEST_RUNTIME_REJECTED: " + stage.name)
E                                   ValueError: ACTUAL_TEST_RUNTIME_REJECTED: matrix

tools/structure_two_unified_acceptance.py:594: ValueError
----------------------------- Captured stdout call -----------------------------
{"journal": "/private/var/folders/x2/000r8p0n6s393lj2sg8wk5f40000gn/T/pytest-of-pangwei/pytest-1922/popen-gw1/actual_pytest_checkout1/docs/reviews/data/structure_two_unified_acceptance_runs/test_fixture_31e2694a47fb41bd80752be4eb42b3e8", "status": "FAILED"}
_________ test_complete_fairness_forgeries_real_cli_and_valid_positive _________
[gw1] darwin -- Python 3.13.5 /private/tmp/cpswm-pc-a-unified-runtime-20260913/.venv/bin/python

tmp_path = PosixPath('/private/var/folders/x2/000r8p0n6s393lj2sg8wk5f40000gn/T/pytest-of-pangwei/pytest-1922/popen-gw1/test_complete_fairness_forgeri0')

    def test_complete_fairness_forgeries_real_cli_and_valid_positive(tmp_path):
        snapshot = audit.load_bundle(BUNDLE)
        evidence = Path(os.environ.get("S2_FAIRNESS_EVIDENCE_DIR", str(tmp_path / "evidence")))
        evidence.mkdir(parents=True, exist_ok=True)
        args = ["--bundle", BUNDLE]
        attacks = []
        for case in (
            "future_support",
            "missing_owner",
            "costs",
            "selection_access",
            "consumer_features",
            "fairness_claim",
        ):
            p, rows = copy.deepcopy(snapshot.payload), copy.deepcopy(snapshot.rows)
            if case == "future_support":
                for r in rows:
                    r["future_support_count"] = 0
            elif case == "missing_owner":
                for r in rows:
                    r["fairness_step"]["amg_owner_missing"] = False
            elif case == "costs":
                for r in rows:
                    for costs in r["fairness_step"]["costs"].values():
                        costs["time_cost"] = 1.0
            elif case == "selection_access":
                p["fairness_execution"]["selection"]["access_events"] = []
            elif case == "consumer_features":
                for r in p["fairness_execution"]["consumer_probe"]["returns"]:
                    if "feature_values" in r:
                        r["feature_values"] = [0.0] * len(r["feature_values"])
>           p["fairness"] = fair.findings(rows)
                            ^^^^^^^^^^^^^^^^^^^

tests/test_structure_two_comparison_fairness.py:201: 
_ _ _ _ _ _ _ _ _ _ _ _ _ _ _ _ _ _ _ _ _ _ _ _ _ _ _ _ _ _ _ _ _ _ _ _ _ _ _ _ 
src/cpswm/system/evaluation_operations/structure_two_comparison_fairness.py:369: in findings
    "amg_missing_owner_steps": sum(r["fairness_step"]["amg_owner_missing"] for r in rows),
                               ^^^^^^^^^^^^^^^^^^^^^^^^^^^^^^^^^^^^^^^^^^^^^^^^^^^^^^^^^^
_ _ _ _ _ _ _ _ _ _ _ _ _ _ _ _ _ _ _ _ _ _ _ _ _ _ _ _ _ _ _ _ _ _ _ _ _ _ _ _ 

.0 = <list_iterator object at 0x1131e1390>

>           "amg_missing_owner_steps": sum(r["fairness_step"]["amg_owner_missing"] for r in rows),
                                           ^^^^^^^^^^^^^^^^^^
            "p5_commit_counts": dict(
                Counter(
                    str(r["raw_state"]["p5_readouts"]["state_counts"]["_committed_events"])
                    for r in rows
                )
            ),
            "full_fast_different_steps": sum(
                r["arms"][P5]["put_back"]
                != r["alternative_readouts_development_only"]["fast"]["put_back"]
                for r in rows
            ),
            "p5_minus_amg_errors": sum(
                r["arms"][P5]["put_back_error"] - r["arms"][AMG]["put_back_error"] for r in rows
            ),
        },
        "pending_user_decisions": [
            "public map vs causal prefix support permission",
            "common missing-owner prior",
            "native SEARCH head and search budget",
            "evidence feature entitlement vs identical feature consumption",
            "capacity/training/inference budgets",
            "long-memory and feedback challenge distribution",
        ],
    }
E   KeyError: 'fairness_step'

src/cpswm/system/evaluation_operations/structure_two_comparison_fairness.py:369: KeyError
=============================== warnings summary ===============================
tests/test_structure_two_w3_native_particles.py::test_public_prepared_boundary_rejects_without_mutation[snapshot]
tests/test_structure_two_w3_native_particles.py::test_public_prepared_boundary_rejects_without_mutation[instance]
tests/test_structure_two_w3_native_particles.py::test_public_prepared_boundary_rejects_without_mutation[parent]
tests/test_structure_two_w3_native_particles.py::test_public_prepared_boundary_rejects_without_mutation[statistics]
tests/test_structure_two_w3_native_particles.py::test_public_prepared_boundary_rejects_without_mutation[ledger]
tests/test_structure_two_w3_native_particles.py::test_public_prepared_boundary_rejects_without_mutation[neural]
tests/test_structure_two_w3_native_particles.py::test_public_prepared_boundary_rejects_without_mutation[nan]
tests/test_structure_two_w3_native_particles.py::test_public_prepared_boundary_rejects_without_mutation[self_parent]
  /private/tmp/cpswm-pc-a-unified-runtime-20260913/.venv/lib/python3.13/site-packages/pydantic/main.py:475: UserWarning: Pydantic serializer warnings:
    PydanticSerializationUnexpectedValue(Expected `OrderedActorRole` - serialized value may not be as expected [field_name='ordered_actor_roles', input_value={'role': 'pickup_actor', 'actor_key': 'owner'}, input_type=dict])
    PydanticSerializationUnexpectedValue(Expected `OrderedActorRole` - serialized value may not be as expected [field_name='ordered_actor_roles', input_value={'role': 'carrier', 'actor_key': 'owner'}, input_type=dict])
    PydanticSerializationUnexpectedValue(Expected `OrderedActorRole` - serialized value may not be as expected [field_name='ordered_actor_roles', input_value={'role': 'placer', 'actor_key': 'owner'}, input_type=dict])
    return self.__pydantic_serializer__.to_python(

tests/test_structure_two_w3_native_particles.py::test_public_prepared_boundary_rejects_without_mutation[reactivate]
  /private/tmp/cpswm-pc-a-unified-runtime-20260913/.venv/lib/python3.13/site-packages/pydantic/main.py:475: UserWarning: Pydantic serializer warnings:
    PydanticSerializationUnexpectedValue(Expected `enum` - serialized value may not be as expected [field_name='operation', input_value='reactivate', input_type=str])
    PydanticSerializationUnexpectedValue(Expected `OrderedActorRole` - serialized value may not be as expected [field_name='ordered_actor_roles', input_value={'role': 'pickup_actor', 'actor_key': 'owner'}, input_type=dict])
    PydanticSerializationUnexpectedValue(Expected `OrderedActorRole` - serialized value may not be as expected [field_name='ordered_actor_roles', input_value={'role': 'carrier', 'actor_key': 'owner'}, input_type=dict])
    PydanticSerializationUnexpectedValue(Expected `OrderedActorRole` - serialized value may not be as expected [field_name='ordered_actor_roles', input_value={'role': 'placer', 'actor_key': 'owner'}, input_type=dict])
    return self.__pydantic_serializer__.to_python(

tests/test_structure_two_w3_native_particles.py::test_public_prepared_boundary_rejects_without_mutation[rejuvenate]
  /private/tmp/cpswm-pc-a-unified-runtime-20260913/.venv/lib/python3.13/site-packages/pydantic/main.py:475: UserWarning: Pydantic serializer warnings:
    PydanticSerializationUnexpectedValue(Expected `enum` - serialized value may not be as expected [field_name='operation', input_value='rejuvenate', input_type=str])
    PydanticSerializationUnexpectedValue(Expected `OrderedActorRole` - serialized value may not be as expected [field_name='ordered_actor_roles', input_value={'role': 'pickup_actor', 'actor_key': 'owner'}, input_type=dict])
    PydanticSerializationUnexpectedValue(Expected `OrderedActorRole` - serialized value may not be as expected [field_name='ordered_actor_roles', input_value={'role': 'carrier', 'actor_key': 'owner'}, input_type=dict])
    PydanticSerializationUnexpectedValue(Expected `OrderedActorRole` - serialized value may not be as expected [field_name='ordered_actor_roles', input_value={'role': 'placer', 'actor_key': 'owner'}, input_type=dict])
    return self.__pydantic_serializer__.to_python(

tests/test_structure_two_data_preflight.py::test_visible_input_boundary_rejects_invalid_paths[mutated_result]
  /private/tmp/cpswm-pc-a-unified-runtime-20260913/.venv/lib/python3.13/site-packages/pydantic/main.py:475: UserWarning: Pydantic serializer warnings:
    PydanticSerializationUnexpectedValue(Expected `enum` - serialized value may not be as expected [field_name='outcome', input_value='not_observed', input_type=str])
    return self.__pydantic_serializer__.to_python(

-- Docs: https://docs.pytest.org/en/stable/how-to/capture-warnings.html
=========================== short test summary info ============================
FAILED tests/test_structure_two_unified_acceptance.py::test_real_cli_without_unified_root_can_only_record_waiting
FAILED tests/test_structure_two_unified_dependencies.py::test_copied_venv_old_shebang_is_not_used_by_real_matrix
FAILED tests/test_structure_two_unified_dependencies.py::test_actual_xdist_workers_use_matching_interpreter_and_modules
FAILED tests/test_structure_two_unified_dependencies.py::test_actual_foreign_worker_interpreter_refused
FAILED tests/test_structure_two_unified_dependencies.py::test_real_foreign_module_loaded_during_test_refused_before_completion[cpswm]
FAILED tests/test_structure_two_unified_dependencies.py::test_real_foreign_module_loaded_during_test_refused_before_completion[pytest]
FAILED tests/test_structure_two_unified_dependencies.py::test_real_matrix_retry_keeps_failed_journal_and_executes_again
FAILED tests/test_structure_two_unified_dependencies.py::test_real_test_evidence_stays_in_run_but_real_source_changes_refused
FAILED tests/test_structure_two_unified_dependencies.py::test_conftest_cannot_silently_reduce_a_nonempty_required_matrix
FAILED tests/test_structure_two_unified_dependencies.py::test_outside_checkout_attack_fixture_remains_outside_while_logs_are_bound
FAILED tests/test_structure_two_runtime_cache_identity.py::test_real_old_local_cache_never_completes[project-PycInvalidationMode.TIMESTAMP-False]
FAILED tests/test_structure_two_runtime_cache_identity.py::test_real_old_local_cache_never_completes[project-PycInvalidationMode.TIMESTAMP-True]
FAILED tests/test_structure_two_runtime_cache_identity.py::test_real_old_local_cache_never_completes[project-PycInvalidationMode.UNCHECKED_HASH-False]
FAILED tests/test_structure_two_runtime_cache_identity.py::test_real_old_local_cache_never_completes[project-PycInvalidationMode.UNCHECKED_HASH-True]
FAILED tests/test_structure_two_runtime_cache_identity.py::test_real_old_local_cache_never_completes[helper-PycInvalidationMode.TIMESTAMP-False]
FAILED tests/test_structure_two_runtime_cache_identity.py::test_real_old_local_cache_never_completes[helper-PycInvalidationMode.TIMESTAMP-True]
FAILED tests/test_structure_two_runtime_cache_identity.py::test_real_old_local_cache_never_completes[helper-PycInvalidationMode.UNCHECKED_HASH-False]
FAILED tests/test_structure_two_runtime_cache_identity.py::test_real_old_local_cache_never_completes[helper-PycInvalidationMode.UNCHECKED_HASH-True]
FAILED tests/test_structure_two_runtime_cache_identity.py::test_real_pytest_rewrite_cache_is_compared_to_current_assertions[False]
FAILED tests/test_structure_two_runtime_cache_identity.py::test_real_pytest_rewrite_cache_is_compared_to_current_assertions[True]
FAILED tests/test_structure_two_runtime_cache_identity.py::test_legal_existing_project_and_helper_cache_still_runs[PycInvalidationMode.TIMESTAMP]
FAILED tests/test_structure_two_runtime_cache_identity.py::test_legal_existing_project_and_helper_cache_still_runs[PycInvalidationMode.UNCHECKED_HASH]
FAILED tests/test_structure_two_runtime_cache_identity.py::test_caught_bad_import_cannot_erase_execution_rejection
FAILED tests/test_structure_two_runtime_cache_identity.py::test_rewrite_cache_cannot_hide_its_filename_outside_bound_sources
FAILED tests/test_structure_two_runtime_cache_identity.py::test_bad_cache_in_background_thread_cannot_be_hidden
FAILED tests/test_structure_two_runtime_cache_identity.py::test_code_expectation_uses_exact_bytes_that_were_hashed
FAILED tests/test_structure_two_runtime_cache_identity.py::test_real_conftest_rewrite_cache_cannot_change_fixture_behavior[False]
FAILED tests/test_structure_two_runtime_cache_identity.py::test_real_conftest_rewrite_cache_cannot_change_fixture_behavior[True]
FAILED tests/test_structure_two_comparison_fairness.py::test_complete_fairness_forgeries_real_cli_and_valid_positive
29 failed, 1235 passed, 11 warnings in 566.13s (0:09:26)
