Matplotlib is building the font cache; this may take a moment.
I0000 00:00:1790432881.133924 53257636 init-domain.cc:128] Fiber init: default domain = pthread, concurrency = 11, prefix = pthread-default
I0000 00:00:1790432881.185396 53257636 gl_context.cc:407] GL version: 2.1 (2.1 Metal - 90.5), renderer: Apple M5
INFO: Created TensorFlow Lite XNNPACK delegate for CPU.
W0000 00:00:1790432881.189054 53257639 inference_feedback_manager.cc:121] Feedback manager requires a model with a single signature inference. Disabling support for feedback tensors.
W0000 00:00:1790432881.191607 53257647 inference_feedback_manager.cc:121] Feedback manager requires a model with a single signature inference. Disabling support for feedback tensors.
W0000 00:00:1790432883.008876 53257643 landmark_projection_calculator.cc:81] Using NORM_RECT without IMAGE_DIMENSIONS is only supported for the square ROI. Provide IMAGE_DIMENSIONS or use PROJECTION_MATRIX.
{"window": "6b4616fe82a5cf3e037fc1d45127b2d99311e6e6ff38e70d8d5c6d4428642b58/window-000000", "frames": 4, "candidate_status": "COMPLETE_SUPPORT_GENERATED"}
{"window": "6b4616fe82a5cf3e037fc1d45127b2d99311e6e6ff38e70d8d5c6d4428642b58/window-000159", "frames": 4, "candidate_status": "COMPLETE_SUPPORT_GENERATED"}
{"window": "6b4616fe82a5cf3e037fc1d45127b2d99311e6e6ff38e70d8d5c6d4428642b58/window-000318", "frames": 4, "candidate_status": "COMPLETE_SUPPORT_GENERATED"}
{"window": "6b4616fe82a5cf3e037fc1d45127b2d99311e6e6ff38e70d8d5c6d4428642b58/window-000478", "frames": 4, "candidate_status": "COMPLETE_SUPPORT_GENERATED"}
I0000 00:00:1790432912.431600 53258260 gl_context.cc:407] GL version: 2.1 (2.1 Metal - 90.5), renderer: Apple M5
W0000 00:00:1790432912.433787 53258263 inference_feedback_manager.cc:121] Feedback manager requires a model with a single signature inference. Disabling support for feedback tensors.
W0000 00:00:1790432912.436004 53258268 inference_feedback_manager.cc:121] Feedback manager requires a model with a single signature inference. Disabling support for feedback tensors.
{"window": "6d2bba5f7e94dfc49a2e1450d45c8ae0509995dc6500066a3d3803d9f00b11f1/window-000000", "frames": 4, "candidate_status": "COMPLETE_SUPPORT_GENERATED"}
{"window": "6d2bba5f7e94dfc49a2e1450d45c8ae0509995dc6500066a3d3803d9f00b11f1/window-000166", "frames": 4, "candidate_status": "COMPLETE_SUPPORT_GENERATED"}
{"window": "6d2bba5f7e94dfc49a2e1450d45c8ae0509995dc6500066a3d3803d9f00b11f1/window-000332", "frames": 4, "candidate_status": "COMPLETE_SUPPORT_GENERATED"}
{"window": "6d2bba5f7e94dfc49a2e1450d45c8ae0509995dc6500066a3d3803d9f00b11f1/window-000499", "frames": 4, "candidate_status": "COMPLETE_SUPPORT_GENERATED"}
I0000 00:00:1790432945.977899 53258702 gl_context.cc:407] GL version: 2.1 (2.1 Metal - 90.5), renderer: Apple M5
W0000 00:00:1790432945.979812 53258706 inference_feedback_manager.cc:121] Feedback manager requires a model with a single signature inference. Disabling support for feedback tensors.
W0000 00:00:1790432945.981301 53258712 inference_feedback_manager.cc:121] Feedback manager requires a model with a single signature inference. Disabling support for feedback tensors.
{"window": "9f75bafb357a863e4740e6c1f430b26c9f55cb5aac03731dd33e4b1e38916179/window-000000", "frames": 4, "candidate_status": "COMPLETE_SUPPORT_GENERATED"}
{"window": "9f75bafb357a863e4740e6c1f430b26c9f55cb5aac03731dd33e4b1e38916179/window-000097", "frames": 4, "candidate_status": "COMPLETE_SUPPORT_GENERATED"}
{"window": "9f75bafb357a863e4740e6c1f430b26c9f55cb5aac03731dd33e4b1e38916179/window-000195", "frames": 4, "candidate_status": "COMPLETE_SUPPORT_GENERATED"}
{"window": "9f75bafb357a863e4740e6c1f430b26c9f55cb5aac03731dd33e4b1e38916179/window-000293", "frames": 4, "candidate_status": "COMPLETE_SUPPORT_GENERATED"}
I0000 00:00:1790432978.158051 53259221 gl_context.cc:407] GL version: 2.1 (2.1 Metal - 90.5), renderer: Apple M5
W0000 00:00:1790432978.159725 53259224 inference_feedback_manager.cc:121] Feedback manager requires a model with a single signature inference. Disabling support for feedback tensors.
W0000 00:00:1790432978.161210 53259223 inference_feedback_manager.cc:121] Feedback manager requires a model with a single signature inference. Disabling support for feedback tensors.
{"window": "a9b8e18f232ef20eed82c7edcb3b8c1151e1be77d1e2869e8397ed32a3b3ca7f/window-000000", "frames": 4, "candidate_status": "COMPLETE_SUPPORT_GENERATED"}
{"window": "a9b8e18f232ef20eed82c7edcb3b8c1151e1be77d1e2869e8397ed32a3b3ca7f/window-000081", "frames": 4, "candidate_status": "COMPLETE_SUPPORT_GENERATED"}
{"window": "a9b8e18f232ef20eed82c7edcb3b8c1151e1be77d1e2869e8397ed32a3b3ca7f/window-000163", "frames": 4, "candidate_status": "COMPLETE_SUPPORT_GENERATED"}
{"window": "a9b8e18f232ef20eed82c7edcb3b8c1151e1be77d1e2869e8397ed32a3b3ca7f/window-000245", "frames": 4, "candidate_status": "COMPLETE_SUPPORT_GENERATED"}
I0000 00:00:1790433011.227793 53259923 gl_context.cc:407] GL version: 2.1 (2.1 Metal - 90.5), renderer: Apple M5
W0000 00:00:1790433011.229536 53259926 inference_feedback_manager.cc:121] Feedback manager requires a model with a single signature inference. Disabling support for feedback tensors.
W0000 00:00:1790433011.231107 53259926 inference_feedback_manager.cc:121] Feedback manager requires a model with a single signature inference. Disabling support for feedback tensors.
{"window": "caa66d98ac022d2eaf6da6813da7319ccc09c2436d1e99b42693141457cd3e6b/window-000000", "frames": 4, "candidate_status": "COMPLETE_SUPPORT_GENERATED"}
{"window": "caa66d98ac022d2eaf6da6813da7319ccc09c2436d1e99b42693141457cd3e6b/window-000103", "frames": 4, "candidate_status": "COMPLETE_SUPPORT_GENERATED"}
{"window": "caa66d98ac022d2eaf6da6813da7319ccc09c2436d1e99b42693141457cd3e6b/window-000206", "frames": 4, "candidate_status": "COMPLETE_SUPPORT_GENERATED"}
{"window": "caa66d98ac022d2eaf6da6813da7319ccc09c2436d1e99b42693141457cd3e6b/window-000309", "frames": 4, "candidate_status": "COMPLETE_SUPPORT_GENERATED"}
I0000 00:00:1790433046.835616 53260272 gl_context.cc:407] GL version: 2.1 (2.1 Metal - 90.5), renderer: Apple M5
W0000 00:00:1790433046.837421 53260275 inference_feedback_manager.cc:121] Feedback manager requires a model with a single signature inference. Disabling support for feedback tensors.
W0000 00:00:1790433046.839135 53260275 inference_feedback_manager.cc:121] Feedback manager requires a model with a single signature inference. Disabling support for feedback tensors.
{"window": "d273879c89140cddbeabfe0d3fadb6d3cc8fe5483410254645e311242f945bb6/window-000000", "frames": 4, "candidate_status": "COMPLETE_SUPPORT_GENERATED"}
{"window": "d273879c89140cddbeabfe0d3fadb6d3cc8fe5483410254645e311242f945bb6/window-000193", "frames": 4, "candidate_status": "COMPLETE_SUPPORT_GENERATED"}
{"window": "d273879c89140cddbeabfe0d3fadb6d3cc8fe5483410254645e311242f945bb6/window-000386", "frames": 4, "candidate_status": "COMPLETE_SUPPORT_GENERATED"}
{"window": "d273879c89140cddbeabfe0d3fadb6d3cc8fe5483410254645e311242f945bb6/window-000580", "frames": 4, "candidate_status": "COMPLETE_SUPPORT_GENERATED"}
I0000 00:00:1790433081.761029 53260728 gl_context.cc:407] GL version: 2.1 (2.1 Metal - 90.5), renderer: Apple M5
W0000 00:00:1790433081.762810 53260730 inference_feedback_manager.cc:121] Feedback manager requires a model with a single signature inference. Disabling support for feedback tensors.
W0000 00:00:1790433081.764457 53260730 inference_feedback_manager.cc:121] Feedback manager requires a model with a single signature inference. Disabling support for feedback tensors.
{"window": "e878bb28c13aa6dde99c6f6ae8bd86fabd73c63f9754969cb4aa11e5e9801782/window-000000", "frames": 4, "candidate_status": "COMPLETE_SUPPORT_GENERATED"}
{"window": "e878bb28c13aa6dde99c6f6ae8bd86fabd73c63f9754969cb4aa11e5e9801782/window-000082", "frames": 4, "candidate_status": "COMPLETE_SUPPORT_GENERATED"}
{"window": "e878bb28c13aa6dde99c6f6ae8bd86fabd73c63f9754969cb4aa11e5e9801782/window-000164", "frames": 4, "candidate_status": "COMPLETE_SUPPORT_GENERATED"}
{"window": "e878bb28c13aa6dde99c6f6ae8bd86fabd73c63f9754969cb4aa11e5e9801782/window-000247", "frames": 4, "candidate_status": "COMPLETE_SUPPORT_GENERATED"}
I0000 00:00:1790433117.079445 53261195 gl_context.cc:407] GL version: 2.1 (2.1 Metal - 90.5), renderer: Apple M5
W0000 00:00:1790433117.081173 53261198 inference_feedback_manager.cc:121] Feedback manager requires a model with a single signature inference. Disabling support for feedback tensors.
W0000 00:00:1790433117.082708 53261205 inference_feedback_manager.cc:121] Feedback manager requires a model with a single signature inference. Disabling support for feedback tensors.
{"window": "eee763a27550c54ea8f54cd854ea7775d0bed8e5a5912acff555256e780e2d54/window-000000", "frames": 4, "candidate_status": "COMPLETE_SUPPORT_GENERATED"}
{"window": "eee763a27550c54ea8f54cd854ea7775d0bed8e5a5912acff555256e780e2d54/window-000104", "frames": 4, "candidate_status": "COMPLETE_SUPPORT_GENERATED"}
{"window": "eee763a27550c54ea8f54cd854ea7775d0bed8e5a5912acff555256e780e2d54/window-000208", "frames": 4, "candidate_status": "COMPLETE_SUPPORT_GENERATED"}
{"window": "eee763a27550c54ea8f54cd854ea7775d0bed8e5a5912acff555256e780e2d54/window-000313", "frames": 4, "candidate_status": "COMPLETE_SUPPORT_GENERATED"}
{
  "runtime_manifest_sha256": "77f02b3dbf093243033f232ce4721d54f1ca35189b1a963d6552b92dd199279f",
  "unique_input_frames": 128,
  "frame_presentations": 128,
  "source_trials": 8,
  "windows": [
    {
      "sequence": "6b4616fe82a5cf3e037fc1d45127b2d99311e6e6ff38e70d8d5c6d4428642b58/window-000000",
      "frames": 4,
      "support": {
        "status": "COMPLETE_SUPPORT_GENERATED",
        "candidate_count": 243,
        "generation": {
          "analytic_updates_computed": false,
          "bootstrap": true,
          "candidate_count": 243,
          "complete_within_declared_discrete_grammar": true,
          "context_sha256": "0917169e26ce4861d0c67b6d644d2ea234952446fd948dbad241fb939b9966a1",
          "continuous_or_open_world_support_complete": false,
          "current_active_parents": 0,
          "delayed_evidence": false,
          "event_time_grid": [
            "2026-09-26T14:03:03.337066+00:00",
            "2026-09-26T14:03:03.337067+00:00",
            "2026-09-26T14:03:03.337068+00:00",
            "2026-09-26T14:03:03.337069+00:00"
          ],
          "grammar": "observed-time-complete-event-grammar-development@1",
          "ledger_authorized": false,
          "native_publication_authorized": false,
          "operation_counts": {
            "preserve_unresolved": 243
          },
          "posterior_accuracy_calibrated": false,
          "retracted_parents": 0,
          "source_records": [
            {
              "content_sha256": "199139b6d0ea9d5a4306c4a4edf19d9207a0daf24bbf6e1e8519e1d3ab977052",
              "received_at": "2026-09-26T14:03:03.337066+00:00",
              "record_id": "b4d7b788-c3c2-5b8b-8ee2-a1d576f920bc"
            },
            {
              "content_sha256": "66b136dface475e8b83a741a628cdddc8e8f5d71b28c86a082c6c92f1d7e94ce",
              "received_at": "2026-09-26T14:03:03.337067+00:00",
              "record_id": "0a6e1358-271f-5d46-bda1-1e1735f12cc5"
            },
            {
              "content_sha256": "1d793c20385896fd7a9ec028ababede4eb71870a22b477b791c2ecd55336119b",
              "received_at": "2026-09-26T14:03:03.337068+00:00",
              "record_id": "f3302150-4310-50da-90a7-7ccf2d27dfef"
            },
            {
              "content_sha256": "e8ecd7c34d1e1bdb4ec03ae8f5a6ff1048fbe7ac6323a77151ed776db0f6e96c",
              "received_at": "2026-09-26T14:03:03.337069+00:00",
              "record_id": "d0fc96ce-19a3-520f-a434-ed37b734d80d"
            }
          ],
          "truncated": false
        }
      },
      "context_sha256": "27cc5dbb986d349b4cdd3c3f322df18b22fb3f696d6db8b2daadf42c4fb302c9",
      "support_sha256": "d7b7d04d0a580a321b15f3f9a7f72860c3818ba91730cda89508a2b055632a97",
      "core_ledger_unchanged": true,
      "execution_traces": 0,
      "perception_restore_equal": true,
      "source_sequence": "6b4616fe82a5cf3e037fc1d45127b2d99311e6e6ff38e70d8d5c6d4428642b58",
      "original_frames": [
        0,
        1,
        2,
        3
      ],
      "source_clock_gaps_seconds": [
        0.01052546501159668,
        0.009710550308227539,
        0.0043506622314453125
      ]
    },
    {
      "sequence": "6b4616fe82a5cf3e037fc1d45127b2d99311e6e6ff38e70d8d5c6d4428642b58/window-000159",
      "frames": 4,
      "support": {
        "status": "COMPLETE_SUPPORT_GENERATED",
        "candidate_count": 297,
        "generation": {
          "analytic_updates_computed": false,
          "bootstrap": true,
          "candidate_count": 297,
          "complete_within_declared_discrete_grammar": true,
          "context_sha256": "f07d6680b97e6ee6b05dc6bd0795078a48fa355d9c796096cf55c21f12ea697a",
          "continuous_or_open_world_support_complete": false,
          "current_active_parents": 0,
          "delayed_evidence": false,
          "event_time_grid": [
            "2026-09-26T14:03:03.337070+00:00",
            "2026-09-26T14:03:03.337071+00:00",
            "2026-09-26T14:03:03.337072+00:00",
            "2026-09-26T14:03:03.337073+00:00"
          ],
          "grammar": "observed-time-complete-event-grammar-development@1",
          "ledger_authorized": false,
          "native_publication_authorized": false,
          "operation_counts": {
            "preserve_unresolved": 297
          },
          "posterior_accuracy_calibrated": false,
          "retracted_parents": 0,
          "source_records": [
            {
              "content_sha256": "cc7a82af880a38db1dd347e144ac5e31afc364c4d542fa4c916cd18427887446",
              "received_at": "2026-09-26T14:03:03.337070+00:00",
              "record_id": "ba2ab3d7-4b72-5b9a-9555-ac8c1eb85f76"
            },
            {
              "content_sha256": "2c6ec28f1b2e91d11dffddeb78aa9d4f707dd49c21b6089593ae8174502bd60b",
              "received_at": "2026-09-26T14:03:03.337071+00:00",
              "record_id": "29b353d7-21f3-5bdc-8343-ef42c9cbad69"
            },
            {
              "content_sha256": "7358d73f48fce7565122e6bd4eb11f44881ca3a3c15093dd3479bb230358f500",
              "received_at": "2026-09-26T14:03:03.337072+00:00",
              "record_id": "d9b96cf4-0f3d-5dd3-b301-eead1412b81e"
            },
            {
              "content_sha256": "3904cc069c34e30e13b3e66d4f1a0fa3a371b14fb5b0ca047e5f5e7c751e7f33",
              "received_at": "2026-09-26T14:03:03.337073+00:00",
              "record_id": "41b19264-bfa9-5adf-ad05-05789e7756df"
            }
          ],
          "truncated": false
        }
      },
      "context_sha256": "baafd1f5af09c9207474445fa2abd535f1d57ccae664983a10d376574d5549d8",
      "support_sha256": "b205365d8629febb34aa21aa033958b7ec0a31216858ea77cf4b64f62f8c707a",
      "core_ledger_unchanged": true,
      "execution_traces": 0,
      "perception_restore_equal": true,
      "source_sequence": "6b4616fe82a5cf3e037fc1d45127b2d99311e6e6ff38e70d8d5c6d4428642b58",
      "original_frames": [
        159,
        160,
        161,
        162
      ],
      "source_clock_gaps_seconds": [
        0.050589799880981445,
        0.07256293296813965,
        0.0501251220703125
      ]
    },
    {
      "sequence": "6b4616fe82a5cf3e037fc1d45127b2d99311e6e6ff38e70d8d5c6d4428642b58/window-000318",
      "frames": 4,
      "support": {
        "status": "COMPLETE_SUPPORT_GENERATED",
        "candidate_count": 189,
        "generation": {
          "analytic_updates_computed": false,
          "bootstrap": true,
          "candidate_count": 189,
          "complete_within_declared_discrete_grammar": true,
          "context_sha256": "48d75732f0d2592467f9dff736880635a1e80d2270affa5eab54a843e8bdd2ed",
          "continuous_or_open_world_support_complete": false,
          "current_active_parents": 0,
          "delayed_evidence": false,
          "event_time_grid": [
            "2026-09-26T14:03:03.337074+00:00",
            "2026-09-26T14:03:03.337075+00:00",
            "2026-09-26T14:03:03.337076+00:00",
            "2026-09-26T14:03:03.337077+00:00"
          ],
          "grammar": "observed-time-complete-event-grammar-development@1",
          "ledger_authorized": false,
          "native_publication_authorized": false,
          "operation_counts": {
            "preserve_unresolved": 189
          },
          "posterior_accuracy_calibrated": false,
          "retracted_parents": 0,
          "source_records": [
            {
              "content_sha256": "ca3ba3c26030a3ad9f2ee91323b84c8cb9f2a0fc2752de41cd805ea3e28ccb89",
              "received_at": "2026-09-26T14:03:03.337074+00:00",
              "record_id": "6191e964-0745-526f-a463-65f90a2ff77b"
            },
            {
              "content_sha256": "8d45ba8706913dfb4c1bf4c643b99f6387664ff01dc2077b0ae28ce695857f23",
              "received_at": "2026-09-26T14:03:03.337075+00:00",
              "record_id": "a7c1e085-6d5f-55f5-95d5-45fdb8ae3b86"
            },
            {
              "content_sha256": "766a6aabbb6d2d941177f238cdbefa159dc2353cdc695a0b2e7c9395e3cfa4a2",
              "received_at": "2026-09-26T14:03:03.337076+00:00",
              "record_id": "ce3f6c90-e4c4-58c5-a432-653fea70a263"
            },
            {
              "content_sha256": "fb01a3596db7fa54e0717b42f03ceecd204c513c54ec2972e4f64b1ca11d40d2",
              "received_at": "2026-09-26T14:03:03.337077+00:00",
              "record_id": "14609b77-3087-5b78-a3ea-be78ba43f921"
            }
          ],
          "truncated": false
        }
      },
      "context_sha256": "0df20cd0836d8f2b7fdfd847375bf203eb6cda2e3fee9e5b0639f620cccf5918",
      "support_sha256": "673cadc6493999d6f04590411d9201ce018056abb59a1510318ff582a28328c9",
      "core_ledger_unchanged": true,
      "execution_traces": 0,
      "perception_restore_equal": true,
      "source_sequence": "6b4616fe82a5cf3e037fc1d45127b2d99311e6e6ff38e70d8d5c6d4428642b58",
      "original_frames": [
        318,
        319,
        320,
        321
      ],
      "source_clock_gaps_seconds": [
        0.030740737915039062,
        0.03128218650817871,
        0.04101443290710449
      ]
    },
    {
      "sequence": "6b4616fe82a5cf3e037fc1d45127b2d99311e6e6ff38e70d8d5c6d4428642b58/window-000478",
      "frames": 4,
      "support": {
        "status": "COMPLETE_SUPPORT_GENERATED",
        "candidate_count": 297,
        "generation": {
          "analytic_updates_computed": false,
          "bootstrap": true,
          "candidate_count": 297,
          "complete_within_declared_discrete_grammar": true,
          "context_sha256": "75ec7845702b119276d088bc301f8d1f2935fdb29980022f6d6695e86f0ea9d4",
          "continuous_or_open_world_support_complete": false,
          "current_active_parents": 0,
          "delayed_evidence": false,
          "event_time_grid": [
            "2026-09-26T14:03:03.337078+00:00",
            "2026-09-26T14:03:03.337079+00:00",
            "2026-09-26T14:03:03.337080+00:00",
            "2026-09-26T14:03:03.337081+00:00"
          ],
          "grammar": "observed-time-complete-event-grammar-development@1",
          "ledger_authorized": false,
          "native_publication_authorized": false,
          "operation_counts": {
            "preserve_unresolved": 297
          },
          "posterior_accuracy_calibrated": false,
          "retracted_parents": 0,
          "source_records": [
            {
              "content_sha256": "11b65cfd370b6c769c81c9d43381159d3a4c544b8c2c17b9b63e85c794bba618",
              "received_at": "2026-09-26T14:03:03.337078+00:00",
              "record_id": "bb83052e-fae6-546c-a428-a24231dea8e2"
            },
            {
              "content_sha256": "6892fe62cd013fabd9034374a82427bb0601b831b63573cc5023f9b22d76130a",
              "received_at": "2026-09-26T14:03:03.337079+00:00",
              "record_id": "d5a5f1b0-f0ac-57d8-ba4e-215e9c81832e"
            },
            {
              "content_sha256": "4369e830a1e309ae9a529cf2414a0b9b447ceae650213c934ad48f174d599607",
              "received_at": "2026-09-26T14:03:03.337080+00:00",
              "record_id": "7a4f8393-9f73-577c-9789-ca1def3d462e"
            },
            {
              "content_sha256": "7584a9ed751a1f0a8d187d1b21da5b6fbe896ddc97998ed01c1a7111572822c8",
              "received_at": "2026-09-26T14:03:03.337081+00:00",
              "record_id": "c20c3e88-500d-5061-9215-1cdfcd2b2489"
            }
          ],
          "truncated": false
        }
      },
      "context_sha256": "ff0813a889c35e20f2db74a63e9e69ace88ab1f3efdc49bb57c8c9bb270f10ef",
      "support_sha256": "b48814704b90925948629ebab55727b31ed2cd00b963f8b0111773095f28eb98",
      "core_ledger_unchanged": true,
      "execution_traces": 0,
      "perception_restore_equal": true,
      "source_sequence": "6b4616fe82a5cf3e037fc1d45127b2d99311e6e6ff38e70d8d5c6d4428642b58",
      "original_frames": [
        478,
        479,
        480,
        481
      ],
      "source_clock_gaps_seconds": [
        0.04367423057556152,
        0.043424129486083984,
        0.04437708854675293
      ]
    },
    {
      "sequence": "6d2bba5f7e94dfc49a2e1450d45c8ae0509995dc6500066a3d3803d9f00b11f1/window-000000",
      "frames": 4,
      "support": {
        "status": "COMPLETE_SUPPORT_GENERATED",
        "candidate_count": 288,
        "generation": {
          "analytic_updates_computed": false,
          "bootstrap": true,
          "candidate_count": 288,
          "complete_within_declared_discrete_grammar": true,
          "context_sha256": "b278ad0ef4c5d84d9aa5121f8ec71178a360acfb10282e87ca6ef7edc6f4ac68",
          "continuous_or_open_world_support_complete": false,
          "current_active_parents": 0,
          "delayed_evidence": false,
          "event_time_grid": [
            "2026-09-26T14:03:03.337066+00:00",
            "2026-09-26T14:03:03.337067+00:00",
            "2026-09-26T14:03:03.337068+00:00",
            "2026-09-26T14:03:03.337069+00:00"
          ],
          "grammar": "observed-time-complete-event-grammar-development@1",
          "ledger_authorized": false,
          "native_publication_authorized": false,
          "operation_counts": {
            "preserve_unresolved": 288
          },
          "posterior_accuracy_calibrated": false,
          "retracted_parents": 0,
          "source_records": [
            {
              "content_sha256": "204451dbab41cd462b067d1d17f287850dbb1115778deddefa90b76d81e7ff82",
              "received_at": "2026-09-26T14:03:03.337066+00:00",
              "record_id": "d8a62782-ce68-5534-bd02-320f7f7df654"
            },
            {
              "content_sha256": "458a39c9ea3159ac718c6c4ad7a32b48835777a3392adb7b21abdfc637dacec7",
              "received_at": "2026-09-26T14:03:03.337067+00:00",
              "record_id": "65c2421e-21b0-5860-9310-eef5370ffb55"
            },
            {
              "content_sha256": "d03a428fbc7f2dfc72d6f3c2e22b1994c448ae0b7526877c2909dc0690347136",
              "received_at": "2026-09-26T14:03:03.337068+00:00",
              "record_id": "0a3ddba0-77f1-5243-8888-3d7fc60edd66"
            },
            {
              "content_sha256": "2ca13ba2ef73ea0fcf5ee8417682f14c76143af24cd35f68ac4742bd50005f47",
              "received_at": "2026-09-26T14:03:03.337069+00:00",
              "record_id": "df157ab2-1532-5cc1-90da-992085a052f3"
            }
          ],
          "truncated": false
        }
      },
      "context_sha256": "202c09c108c18c351e96a2352baf40146181039fb12af8d5f0f85b22998039b1",
      "support_sha256": "937e3d04626ab66163a313d781fed15e4c065457c931ffadfbb896f8acad0421",
      "core_ledger_unchanged": true,
      "execution_traces": 0,
      "perception_restore_equal": true,
      "source_sequence": "6d2bba5f7e94dfc49a2e1450d45c8ae0509995dc6500066a3d3803d9f00b11f1",
      "original_frames": [
        0,
        1,
        2,
        3
      ],
      "source_clock_gaps_seconds": [
        0.003995180130004883,
        0.003705739974975586,
        0.0020377635955810547
      ]
    },
    {
      "sequence": "6d2bba5f7e94dfc49a2e1450d45c8ae0509995dc6500066a3d3803d9f00b11f1/window-000166",
      "frames": 4,
      "support": {
        "status": "COMPLETE_SUPPORT_GENERATED",
        "candidate_count": 320,
        "generation": {
          "analytic_updates_computed": false,
          "bootstrap": true,
          "candidate_count": 320,
          "complete_within_declared_discrete_grammar": true,
          "context_sha256": "766cf239c59c25f421dff4dd700a302fae10fc1c7f15a157efbea941e2eae122",
          "continuous_or_open_world_support_complete": false,
          "current_active_parents": 0,
          "delayed_evidence": false,
          "event_time_grid": [
            "2026-09-26T14:03:03.337070+00:00",
            "2026-09-26T14:03:03.337071+00:00",
            "2026-09-26T14:03:03.337072+00:00",
            "2026-09-26T14:03:03.337073+00:00"
          ],
          "grammar": "observed-time-complete-event-grammar-development@1",
          "ledger_authorized": false,
          "native_publication_authorized": false,
          "operation_counts": {
            "preserve_unresolved": 320
          },
          "posterior_accuracy_calibrated": false,
          "retracted_parents": 0,
          "source_records": [
            {
              "content_sha256": "f1d4aefd42e0e5a927498c0c5a297037b8f559357abd45d1ed000bf5fcf0cb87",
              "received_at": "2026-09-26T14:03:03.337070+00:00",
              "record_id": "5ab4c08f-7a2f-52ed-9562-c441bfe3f1e2"
            },
            {
              "content_sha256": "2270aca4012ed1ae114c718cca2337c60afbe6663648246cb9767fdfc9da10ed",
              "received_at": "2026-09-26T14:03:03.337071+00:00",
              "record_id": "cbdfea8d-183a-5e12-b318-a37ee46a217b"
            },
            {
              "content_sha256": "5ca5b9eca0ed7c7da7796cd34206622525558c47e1c83c0c75496be0fad7eb41",
              "received_at": "2026-09-26T14:03:03.337072+00:00",
              "record_id": "3841485a-a754-59a6-a6a3-c552fffc8a21"
            },
            {
              "content_sha256": "49e9596f4f7ec605636ec8f24f1023c97d26a16f40effd3eb1261354e673343e",
              "received_at": "2026-09-26T14:03:03.337073+00:00",
              "record_id": "d5c1ef45-b2b4-5377-9a73-1d4aad34c87e"
            }
          ],
          "truncated": false
        }
      },
      "context_sha256": "f341c37af7a1ddfdb45a8848f3a69573b186191d03cbadb2e82c6fc10c462da8",
      "support_sha256": "0700b84051c6a611de2140432440cc7373c7df67227d8ec82cdf255b3d4d049c",
      "core_ledger_unchanged": true,
      "execution_traces": 0,
      "perception_restore_equal": true,
      "source_sequence": "6d2bba5f7e94dfc49a2e1450d45c8ae0509995dc6500066a3d3803d9f00b11f1",
      "original_frames": [
        166,
        167,
        168,
        169
      ],
      "source_clock_gaps_seconds": [
        0.05403923988342285,
        0.058476924896240234,
        0.06449246406555176
      ]
    },
    {
      "sequence": "6d2bba5f7e94dfc49a2e1450d45c8ae0509995dc6500066a3d3803d9f00b11f1/window-000332",
      "frames": 4,
      "support": {
        "status": "COMPLETE_SUPPORT_GENERATED",
        "candidate_count": 176,
        "generation": {
          "analytic_updates_computed": false,
          "bootstrap": true,
          "candidate_count": 176,
          "complete_within_declared_discrete_grammar": true,
          "context_sha256": "634ec09a0e09498e98ef391af022cd058ec89cd3d57068a5b522ffdc91387ca6",
          "continuous_or_open_world_support_complete": false,
          "current_active_parents": 0,
          "delayed_evidence": false,
          "event_time_grid": [
            "2026-09-26T14:03:03.337074+00:00",
            "2026-09-26T14:03:03.337075+00:00",
            "2026-09-26T14:03:03.337076+00:00",
            "2026-09-26T14:03:03.337077+00:00"
          ],
          "grammar": "observed-time-complete-event-grammar-development@1",
          "ledger_authorized": false,
          "native_publication_authorized": false,
          "operation_counts": {
            "preserve_unresolved": 176
          },
          "posterior_accuracy_calibrated": false,
          "retracted_parents": 0,
          "source_records": [
            {
              "content_sha256": "a72bd919c05ad09bd0b5fb37fd1b385efd34db1226edd8e16383813a276d87cf",
              "received_at": "2026-09-26T14:03:03.337074+00:00",
              "record_id": "edc5f3fc-1038-5dc6-8cc8-8b07ad603858"
            },
            {
              "content_sha256": "7bb4222991d32e140e07e3c4a5ad9179683b2c3045e078a7aa7eff297c3fc791",
              "received_at": "2026-09-26T14:03:03.337075+00:00",
              "record_id": "f92dbb89-f80f-5d5e-903e-4bcf24adf4e7"
            },
            {
              "content_sha256": "b39b5d2e2b81fe5d5450f273d3388c0d78c2afc00a3c87f51f05be2b173d34f2",
              "received_at": "2026-09-26T14:03:03.337076+00:00",
              "record_id": "8649faaf-d288-5451-8a37-bfb342bba955"
            },
            {
              "content_sha256": "799beff40741fffa29239db2e2be80021480861a93995c0c18aac250fa979e18",
              "received_at": "2026-09-26T14:03:03.337077+00:00",
              "record_id": "e6e1b9f6-f8dc-5bfd-8aec-a042de4ad210"
            }
          ],
          "truncated": false
        }
      },
      "context_sha256": "1d23f9258f3924f5cfd38b1224e905a624016049b6b6a317783453c211b99453",
      "support_sha256": "7ac852510d0cae19618160c45df5ead20a80089f7cf347a24265b35fa8d59143",
      "core_ledger_unchanged": true,
      "execution_traces": 0,
      "perception_restore_equal": true,
      "source_sequence": "6d2bba5f7e94dfc49a2e1450d45c8ae0509995dc6500066a3d3803d9f00b11f1",
      "original_frames": [
        332,
        333,
        334,
        335
      ],
      "source_clock_gaps_seconds": [
        0.04087066650390625,
        0.04013967514038086,
        0.03939962387084961
      ]
    },
    {
      "sequence": "6d2bba5f7e94dfc49a2e1450d45c8ae0509995dc6500066a3d3803d9f00b11f1/window-000499",
      "frames": 4,
      "support": {
        "status": "COMPLETE_SUPPORT_GENERATED",
        "candidate_count": 496,
        "generation": {
          "analytic_updates_computed": false,
          "bootstrap": true,
          "candidate_count": 496,
          "complete_within_declared_discrete_grammar": true,
          "context_sha256": "79094451b3df82a74d32ac6b4b102cfc9d8ef80a17e68cf38397323dde47220e",
          "continuous_or_open_world_support_complete": false,
          "current_active_parents": 0,
          "delayed_evidence": false,
          "event_time_grid": [
            "2026-09-26T14:03:03.337078+00:00",
            "2026-09-26T14:03:03.337079+00:00",
            "2026-09-26T14:03:03.337080+00:00",
            "2026-09-26T14:03:03.337081+00:00"
          ],
          "grammar": "observed-time-complete-event-grammar-development@1",
          "ledger_authorized": false,
          "native_publication_authorized": false,
          "operation_counts": {
            "preserve_unresolved": 496
          },
          "posterior_accuracy_calibrated": false,
          "retracted_parents": 0,
          "source_records": [
            {
              "content_sha256": "c527dd7c63b0a9b47f1e22107eac3268370f548790b7b36e6bef7215ff934c0a",
              "received_at": "2026-09-26T14:03:03.337078+00:00",
              "record_id": "45974e0a-1682-5e52-8bdc-f1a556aab979"
            },
            {
              "content_sha256": "09ad36951c9255584bc36f60cf075068b7150e16bd657086279d38080859b5e1",
              "received_at": "2026-09-26T14:03:03.337079+00:00",
              "record_id": "ff07a4d1-d4f7-5fda-8364-465c3c333b13"
            },
            {
              "content_sha256": "869562f05c37c119e290ce8722d588de1f09479e5515287b056e4f82f5005cfc",
              "received_at": "2026-09-26T14:03:03.337080+00:00",
              "record_id": "f8ddfc14-b696-5c13-8507-d39810bcb5b3"
            },
            {
              "content_sha256": "d2eacbd1087e683e57a32a327d0af02116ce06cdabbb6e62b6ff8809c28d217a",
              "received_at": "2026-09-26T14:03:03.337081+00:00",
              "record_id": "63c20c4f-94ee-5486-8495-9b6703e1ccb0"
            }
          ],
          "truncated": false
        }
      },
      "context_sha256": "187865e7fca657828c94bb2aac66cd708519267fa15ebda21f52ad8361fa746e",
      "support_sha256": "50988d28f258fda74f6b451b80a75017e031892081f48ac1ff8aca78840b8ce9",
      "core_ledger_unchanged": true,
      "execution_traces": 0,
      "perception_restore_equal": true,
      "source_sequence": "6d2bba5f7e94dfc49a2e1450d45c8ae0509995dc6500066a3d3803d9f00b11f1",
      "original_frames": [
        499,
        500,
        501,
        502
      ],
      "source_clock_gaps_seconds": [
        0.04090428352355957,
        0.040585994720458984,
        0.040522098541259766
      ]
    },
    {
      "sequence": "9f75bafb357a863e4740e6c1f430b26c9f55cb5aac03731dd33e4b1e38916179/window-000000",
      "frames": 4,
      "support": {
        "status": "COMPLETE_SUPPORT_GENERATED",
        "candidate_count": 216,
        "generation": {
          "analytic_updates_computed": false,
          "bootstrap": true,
          "candidate_count": 216,
          "complete_within_declared_discrete_grammar": true,
          "context_sha256": "e7582fed7b458e1baacd417eaa14c0323a5f8a50de1f9e81b958684dadb9219b",
          "continuous_or_open_world_support_complete": false,
          "current_active_parents": 0,
          "delayed_evidence": false,
          "event_time_grid": [
            "2026-09-26T14:03:03.337066+00:00",
            "2026-09-26T14:03:03.337067+00:00",
            "2026-09-26T14:03:03.337068+00:00",
            "2026-09-26T14:03:03.337069+00:00"
          ],
          "grammar": "observed-time-complete-event-grammar-development@1",
          "ledger_authorized": false,
          "native_publication_authorized": false,
          "operation_counts": {
            "preserve_unresolved": 216
          },
          "posterior_accuracy_calibrated": false,
          "retracted_parents": 0,
          "source_records": [
            {
              "content_sha256": "2e549daae8f36d88385f7cc82887b260b6d3ab3142c09ecd78d965be0609f019",
              "received_at": "2026-09-26T14:03:03.337066+00:00",
              "record_id": "68658314-379c-574d-95b1-81f82578a2a4"
            },
            {
              "content_sha256": "cdcafbfc80715ce3684ed6c80ba1063f837d7563acac610407b0d7168e5d7ae0",
              "received_at": "2026-09-26T14:03:03.337067+00:00",
              "record_id": "18bfb86c-0745-55b3-aa53-3e16edee7b10"
            },
            {
              "content_sha256": "686128d7b4ba60ee0f91a779bd3b64c07346912125d7f74e884246e37bc47b6b",
              "received_at": "2026-09-26T14:03:03.337068+00:00",
              "record_id": "08dc3770-a703-5df0-9375-23ebb5a50dbd"
            },
            {
              "content_sha256": "dff31a20c18bc85429a121a3cb6bd7cc44ddcff8d0093758eb446d6c7832a8d1",
              "received_at": "2026-09-26T14:03:03.337069+00:00",
              "record_id": "b7e8c913-9981-57ed-8d63-c15a0a80f149"
            }
          ],
          "truncated": false
        }
      },
      "context_sha256": "d89fd600a8fad8e8ad802029df3c67a8fe82f95761285f18eab8b81c2ccaca84",
      "support_sha256": "e97dee81475749440e5c38d2336cf23d6d7695bf9acf4f64d0a71bed2d9925f6",
      "core_ledger_unchanged": true,
      "execution_traces": 0,
      "perception_restore_equal": true,
      "source_sequence": "9f75bafb357a863e4740e6c1f430b26c9f55cb5aac03731dd33e4b1e38916179",
      "original_frames": [
        0,
        1,
        2,
        3
      ],
      "source_clock_gaps_seconds": [
        0.007570028305053711,
        0.007556438446044922,
        0.004587888717651367
      ]
    },
    {
      "sequence": "9f75bafb357a863e4740e6c1f430b26c9f55cb5aac03731dd33e4b1e38916179/window-000097",
      "frames": 4,
      "support": {
        "status": "COMPLETE_SUPPORT_GENERATED",
        "candidate_count": 128,
        "generation": {
          "analytic_updates_computed": false,
          "bootstrap": true,
          "candidate_count": 128,
          "complete_within_declared_discrete_grammar": true,
          "context_sha256": "c765e60776b96a5846425e0f42a80901bfe52220e685bda4e49e3bad4fd929cd",
          "continuous_or_open_world_support_complete": false,
          "current_active_parents": 0,
          "delayed_evidence": false,
          "event_time_grid": [
            "2026-09-26T14:03:03.337070+00:00",
            "2026-09-26T14:03:03.337071+00:00",
            "2026-09-26T14:03:03.337072+00:00",
            "2026-09-26T14:03:03.337073+00:00"
          ],
          "grammar": "observed-time-complete-event-grammar-development@1",
          "ledger_authorized": false,
          "native_publication_authorized": false,
          "operation_counts": {
            "preserve_unresolved": 128
          },
          "posterior_accuracy_calibrated": false,
          "retracted_parents": 0,
          "source_records": [
            {
              "content_sha256": "150bb1ce1a807b7ab8d8e902c9c7dc8facd355fa3b19b45eea64a655438cd9ad",
              "received_at": "2026-09-26T14:03:03.337070+00:00",
              "record_id": "16bf3f7f-dbd6-5d3b-aaab-0b2d0623b651"
            },
            {
              "content_sha256": "1eece406036a991386615ff7d2a3a2ceae4514db3ec2c1c577db7e3b17e1a426",
              "received_at": "2026-09-26T14:03:03.337071+00:00",
              "record_id": "c4dbac29-98d4-5b32-b771-2b463411762c"
            },
            {
              "content_sha256": "c177ae14ead8da40d02d7dc05d50bc79185117148d44e37571be4c1b82c7107f",
              "received_at": "2026-09-26T14:03:03.337072+00:00",
              "record_id": "5c30a09a-1fd2-5751-bc8d-05d7e8aee77b"
            },
            {
              "content_sha256": "96cdd7b0ce3874d2b5caea2d7fe4afefaaca45502e0fb23df8929bff65e2d3c5",
              "received_at": "2026-09-26T14:03:03.337073+00:00",
              "record_id": "46c9fd07-664b-5587-ba27-f844501ff2d4"
            }
          ],
          "truncated": false
        }
      },
      "context_sha256": "4310a963def35140ac78f02c9d7ac48e9046a50288928fd7e9698bb9f76b97cc",
      "support_sha256": "847fff462fa7aa4b2ff9c43cd061673185ae005d7ea49738cc958ff35ac85efb",
      "core_ledger_unchanged": true,
      "execution_traces": 0,
      "perception_restore_equal": true,
      "source_sequence": "9f75bafb357a863e4740e6c1f430b26c9f55cb5aac03731dd33e4b1e38916179",
      "original_frames": [
        97,
        98,
        99,
        100
      ],
      "source_clock_gaps_seconds": [
        0.07475113868713379,
        0.06427359580993652,
        0.07862520217895508
      ]
    },
    {
      "sequence": "9f75bafb357a863e4740e6c1f430b26c9f55cb5aac03731dd33e4b1e38916179/window-000195",
      "frames": 4,
      "support": {
        "status": "COMPLETE_SUPPORT_GENERATED",
        "candidate_count": 819,
        "generation": {
          "analytic_updates_computed": false,
          "bootstrap": true,
          "candidate_count": 819,
          "complete_within_declared_discrete_grammar": true,
          "context_sha256": "3e683345e56cf316ae3804b92565e084369eb68f4fd58b69d564c70a8bce1638",
          "continuous_or_open_world_support_complete": false,
          "current_active_parents": 0,
          "delayed_evidence": false,
          "event_time_grid": [
            "2026-09-26T14:03:03.337074+00:00",
            "2026-09-26T14:03:03.337075+00:00",
            "2026-09-26T14:03:03.337076+00:00",
            "2026-09-26T14:03:03.337077+00:00"
          ],
          "grammar": "observed-time-complete-event-grammar-development@1",
          "ledger_authorized": false,
          "native_publication_authorized": false,
          "operation_counts": {
            "preserve_unresolved": 819
          },
          "posterior_accuracy_calibrated": false,
          "retracted_parents": 0,
          "source_records": [
            {
              "content_sha256": "9d67ecaaf16ba1b51203f8112e47cbed62a66ca68809a9931cde109890351ab3",
              "received_at": "2026-09-26T14:03:03.337074+00:00",
              "record_id": "7ad81c2a-db81-50cf-95c0-72baea544720"
            },
            {
              "content_sha256": "a2a8cf80e6a9e4b14b88e5e32ebf84edb142d2865bef7a43a9169cc45a4703ff",
              "received_at": "2026-09-26T14:03:03.337075+00:00",
              "record_id": "c6f91cf2-092c-5f17-8c15-ba3160c35b08"
            },
            {
              "content_sha256": "6d5f49d411e8e0007f1cb439a84b2e59e1ba7df920421b023149e64899caa7af",
              "received_at": "2026-09-26T14:03:03.337076+00:00",
              "record_id": "e536dc69-41c4-54a2-86c3-b5900f77e93b"
            },
            {
              "content_sha256": "e2950796ba5859ffe7d8b8c2a4cbe470b021c15dc47be86e56828fc08d295b51",
              "received_at": "2026-09-26T14:03:03.337077+00:00",
              "record_id": "15ff5a6c-38c7-5ccf-99ba-b35546519a40"
            }
          ],
          "truncated": false
        }
      },
      "context_sha256": "ddfed694769fc64b5c92ce2f2d09bae2fd6ff9f3b1668a3e425442d9b48acf9a",
      "support_sha256": "5e7b42acfc8bffda6a1f1e20cb543d2c3a2c3a7c8c820e898454a1021d2e55e2",
      "core_ledger_unchanged": true,
      "execution_traces": 0,
      "perception_restore_equal": true,
      "source_sequence": "9f75bafb357a863e4740e6c1f430b26c9f55cb5aac03731dd33e4b1e38916179",
      "original_frames": [
        195,
        196,
        197,
        198
      ],
      "source_clock_gaps_seconds": [
        0.08193445205688477,
        0.0814814567565918,
        0.08116316795349121
      ]
    },
    {
      "sequence": "9f75bafb357a863e4740e6c1f430b26c9f55cb5aac03731dd33e4b1e38916179/window-000293",
      "frames": 4,
      "support": {
        "status": "COMPLETE_SUPPORT_GENERATED",
        "candidate_count": 243,
        "generation": {
          "analytic_updates_computed": false,
          "bootstrap": true,
          "candidate_count": 243,
          "complete_within_declared_discrete_grammar": true,
          "context_sha256": "d65af30b81f8a44035a8d66e52fad64af2bef038966d1534e53549dbbc2b6acc",
          "continuous_or_open_world_support_complete": false,
          "current_active_parents": 0,
          "delayed_evidence": false,
          "event_time_grid": [
            "2026-09-26T14:03:03.337078+00:00",
            "2026-09-26T14:03:03.337079+00:00",
            "2026-09-26T14:03:03.337080+00:00",
            "2026-09-26T14:03:03.337081+00:00"
          ],
          "grammar": "observed-time-complete-event-grammar-development@1",
          "ledger_authorized": false,
          "native_publication_authorized": false,
          "operation_counts": {
            "preserve_unresolved": 243
          },
          "posterior_accuracy_calibrated": false,
          "retracted_parents": 0,
          "source_records": [
            {
              "content_sha256": "6a766ab80a668e973a8efe0da670a7b4e7dc778a07be810e5b09a7f3abf88561",
              "received_at": "2026-09-26T14:03:03.337078+00:00",
              "record_id": "f1341b1f-7150-556f-b881-f8e8a8160ba3"
            },
            {
              "content_sha256": "73fff69f3fb476da0a6b902de2899e02de7547d2b81d4f784911157c19af0f65",
              "received_at": "2026-09-26T14:03:03.337079+00:00",
              "record_id": "0d18e87e-813b-50ac-b85c-b0585894e854"
            },
            {
              "content_sha256": "dede58fcc0d58ee43fe2c2e4eec9526e945f37002856ec2caaeb93bb6dd18b81",
              "received_at": "2026-09-26T14:03:03.337080+00:00",
              "record_id": "9657c58e-9265-5c9b-91e5-887e14bc20b5"
            },
            {
              "content_sha256": "ccf0077d357dae802ba3c90a3bb4aa7aae0c39f2e440c2084fe29a7b470078dc",
              "received_at": "2026-09-26T14:03:03.337081+00:00",
              "record_id": "151ad299-0757-5a88-8bfa-3d893418d993"
            }
          ],
          "truncated": false
        }
      },
      "context_sha256": "d6d7146ebb7f24e00a56830f22b9821aaf89a2590dd78abb82019fbf9b05717d",
      "support_sha256": "e1b4472c1478dfc14eb90f3d0c7b13555657eafb3f858e803503826fac91cc5b",
      "core_ledger_unchanged": true,
      "execution_traces": 0,
      "perception_restore_equal": true,
      "source_sequence": "9f75bafb357a863e4740e6c1f430b26c9f55cb5aac03731dd33e4b1e38916179",
      "original_frames": [
        293,
        294,
        295,
        296
      ],
      "source_clock_gaps_seconds": [
        0.06075453758239746,
        0.05716538429260254,
        0.09032106399536133
      ]
    },
    {
      "sequence": "a9b8e18f232ef20eed82c7edcb3b8c1151e1be77d1e2869e8397ed32a3b3ca7f/window-000000",
      "frames": 4,
      "support": {
        "status": "COMPLETE_SUPPORT_GENERATED",
        "candidate_count": 224,
        "generation": {
          "analytic_updates_computed": false,
          "bootstrap": true,
          "candidate_count": 224,
          "complete_within_declared_discrete_grammar": true,
          "context_sha256": "5eaf80382e5684c15201631b89e698813fedefa2da6663d3c9d965a4060ffb05",
          "continuous_or_open_world_support_complete": false,
          "current_active_parents": 0,
          "delayed_evidence": false,
          "event_time_grid": [
            "2026-09-26T14:03:03.337066+00:00",
            "2026-09-26T14:03:03.337067+00:00",
            "2026-09-26T14:03:03.337068+00:00",
            "2026-09-26T14:03:03.337069+00:00"
          ],
          "grammar": "observed-time-complete-event-grammar-development@1",
          "ledger_authorized": false,
          "native_publication_authorized": false,
          "operation_counts": {
            "preserve_unresolved": 224
          },
          "posterior_accuracy_calibrated": false,
          "retracted_parents": 0,
          "source_records": [
            {
              "content_sha256": "bb7c67352c138b39dce4e9acb4ab1fc84e8d7d9bcd2c4a897cd1e5bce6259062",
              "received_at": "2026-09-26T14:03:03.337066+00:00",
              "record_id": "71ea5d13-7c9a-5885-8474-5bd3cebee2ba"
            },
            {
              "content_sha256": "8133acd603e1c6f51d804a52b0bb2ac3a58adf7db0143a11f4dc5c0a351c649e",
              "received_at": "2026-09-26T14:03:03.337067+00:00",
              "record_id": "51228b15-6d58-51b2-b2d5-51b90d51a667"
            },
            {
              "content_sha256": "0b6265881d4e6d3bac285b06da94a609140e6005366588ce2b6bf1f0daba006d",
              "received_at": "2026-09-26T14:03:03.337068+00:00",
              "record_id": "469bcbbf-8e33-57a6-9c0d-f6ae65c91250"
            },
            {
              "content_sha256": "5ba884fcfe5632ea458f138bf3f846a65cdcf1c3aa4095c648c8422c9c5c5652",
              "received_at": "2026-09-26T14:03:03.337069+00:00",
              "record_id": "4ff7bd0f-d228-5a8e-ad0e-620db6b0934b"
            }
          ],
          "truncated": false
        }
      },
      "context_sha256": "ba0ef130fc7ccce918ad1080e206de9378b4699505419378f6ea8aec607a7340",
      "support_sha256": "3cff6b6d9557f854bff606f939eeab6c5ce96e53e1de8f066f40b4382cd2c06d",
      "core_ledger_unchanged": true,
      "execution_traces": 0,
      "perception_restore_equal": true,
      "source_sequence": "a9b8e18f232ef20eed82c7edcb3b8c1151e1be77d1e2869e8397ed32a3b3ca7f",
      "original_frames": [
        0,
        1,
        2,
        3
      ],
      "source_clock_gaps_seconds": [
        0.0057964324951171875,
        0.004974365234375,
        0.0033185482025146484
      ]
    },
    {
      "sequence": "a9b8e18f232ef20eed82c7edcb3b8c1151e1be77d1e2869e8397ed32a3b3ca7f/window-000081",
      "frames": 4,
      "support": {
        "status": "COMPLETE_SUPPORT_GENERATED",
        "candidate_count": 208,
        "generation": {
          "analytic_updates_computed": false,
          "bootstrap": true,
          "candidate_count": 208,
          "complete_within_declared_discrete_grammar": true,
          "context_sha256": "6649c976a74277fa7f9247212123da5fb826d626b599d1593a0e9e2ab3b48868",
          "continuous_or_open_world_support_complete": false,
          "current_active_parents": 0,
          "delayed_evidence": false,
          "event_time_grid": [
            "2026-09-26T14:03:03.337070+00:00",
            "2026-09-26T14:03:03.337071+00:00",
            "2026-09-26T14:03:03.337072+00:00",
            "2026-09-26T14:03:03.337073+00:00"
          ],
          "grammar": "observed-time-complete-event-grammar-development@1",
          "ledger_authorized": false,
          "native_publication_authorized": false,
          "operation_counts": {
            "preserve_unresolved": 208
          },
          "posterior_accuracy_calibrated": false,
          "retracted_parents": 0,
          "source_records": [
            {
              "content_sha256": "345a596c718bfc836604c5d3969a4f0dc61ad8f0f38618da67db79bd483b78be",
              "received_at": "2026-09-26T14:03:03.337070+00:00",
              "record_id": "599f8899-7cd2-5c9d-b843-f969b275edc5"
            },
            {
              "content_sha256": "c467bff9fcc63bd93ed13f0106acfac2c3bb1b4310c8b1fa2bd36210ed1e884c",
              "received_at": "2026-09-26T14:03:03.337071+00:00",
              "record_id": "1513dc83-8590-5ba3-a4a6-1a7824b5bb10"
            },
            {
              "content_sha256": "6aa79ae06c52c6579aeb952dde81c0fdab26ceaf867bed53f13d5dd708d582ea",
              "received_at": "2026-09-26T14:03:03.337072+00:00",
              "record_id": "0b59ca53-c4a3-5e54-8fc0-2fea689249cd"
            },
            {
              "content_sha256": "0134cba26fa39c79e7fb514a0b4793bcb2a1c61b9f65d7657506ddd7fbe67a4c",
              "received_at": "2026-09-26T14:03:03.337073+00:00",
              "record_id": "0d1ac4c6-ef4e-5e14-b5b0-2af515930bb2"
            }
          ],
          "truncated": false
        }
      },
      "context_sha256": "b3d846e9673a6794b2bfd9880a774f1f6fc0eed9669a42657b90a46ce330b895",
      "support_sha256": "ce5d741f5ebfcc54cae02473ad39b616b6393879e085a65b4a572e38a868ee88",
      "core_ledger_unchanged": true,
      "execution_traces": 0,
      "perception_restore_equal": true,
      "source_sequence": "a9b8e18f232ef20eed82c7edcb3b8c1151e1be77d1e2869e8397ed32a3b3ca7f",
      "original_frames": [
        81,
        82,
        83,
        84
      ],
      "source_clock_gaps_seconds": [
        0.04874849319458008,
        0.0793466567993164,
        0.06448602676391602
      ]
    },
    {
      "sequence": "a9b8e18f232ef20eed82c7edcb3b8c1151e1be77d1e2869e8397ed32a3b3ca7f/window-000163",
      "frames": 4,
      "support": {
        "status": "COMPLETE_SUPPORT_GENERATED",
        "candidate_count": 320,
        "generation": {
          "analytic_updates_computed": false,
          "bootstrap": true,
          "candidate_count": 320,
          "complete_within_declared_discrete_grammar": true,
          "context_sha256": "e4b20ef9b210a93ea7fe2f6d530d031f240ee9fbbb9746ebc6133185cc4242ff",
          "continuous_or_open_world_support_complete": false,
          "current_active_parents": 0,
          "delayed_evidence": false,
          "event_time_grid": [
            "2026-09-26T14:03:03.337074+00:00",
            "2026-09-26T14:03:03.337075+00:00",
            "2026-09-26T14:03:03.337076+00:00",
            "2026-09-26T14:03:03.337077+00:00"
          ],
          "grammar": "observed-time-complete-event-grammar-development@1",
          "ledger_authorized": false,
          "native_publication_authorized": false,
          "operation_counts": {
            "preserve_unresolved": 320
          },
          "posterior_accuracy_calibrated": false,
          "retracted_parents": 0,
          "source_records": [
            {
              "content_sha256": "74a0676e632f907a4c884916d67d3802e3c5a1b5684aa6b67a9a59ef59d04057",
              "received_at": "2026-09-26T14:03:03.337074+00:00",
              "record_id": "9961dd31-bac6-542d-a0bf-586f95ebab22"
            },
            {
              "content_sha256": "545ffa7dd4c04564c3c5dc39a1d9b985c978cbe153c6b3a432cfcd89bfd64cff",
              "received_at": "2026-09-26T14:03:03.337075+00:00",
              "record_id": "003a4518-0ae5-5cf9-a4df-eaf6c6a2cb4c"
            },
            {
              "content_sha256": "4462ceeb8838c7e2b9438dd4e27bf7eaa035227d230d243e5caeed30a1a616a6",
              "received_at": "2026-09-26T14:03:03.337076+00:00",
              "record_id": "afc96a26-cb30-5763-8dc2-443513f47d93"
            },
            {
              "content_sha256": "8b7f44e710c23fbc8e043b75ae47ae7bc79d986b422d41c502001db878304ec3",
              "received_at": "2026-09-26T14:03:03.337077+00:00",
              "record_id": "6bdb2564-906d-59e8-ba35-6041e2e20d80"
            }
          ],
          "truncated": false
        }
      },
      "context_sha256": "d019767ee0a71ea6c19bfed5f976828574f7b670ceaeb471f39067f24f0afb2f",
      "support_sha256": "8f5d3fa88a72aad65fc174991c7df671407bb342a29ec4fca294580bf65cd975",
      "core_ledger_unchanged": true,
      "execution_traces": 0,
      "perception_restore_equal": true,
      "source_sequence": "a9b8e18f232ef20eed82c7edcb3b8c1151e1be77d1e2869e8397ed32a3b3ca7f",
      "original_frames": [
        163,
        164,
        165,
        166
      ],
      "source_clock_gaps_seconds": [
        0.07720136642456055,
        0.07565021514892578,
        0.051544904708862305
      ]
    },
    {
      "sequence": "a9b8e18f232ef20eed82c7edcb3b8c1151e1be77d1e2869e8397ed32a3b3ca7f/window-000245",
      "frames": 4,
      "support": {
        "status": "COMPLETE_SUPPORT_GENERATED",
        "candidate_count": 224,
        "generation": {
          "analytic_updates_computed": false,
          "bootstrap": true,
          "candidate_count": 224,
          "complete_within_declared_discrete_grammar": true,
          "context_sha256": "f2032b6c6f9427d8c8e7ffff81bb078e20cc7e9d5654c83a8a531ca217d454b1",
          "continuous_or_open_world_support_complete": false,
          "current_active_parents": 0,
          "delayed_evidence": false,
          "event_time_grid": [
            "2026-09-26T14:03:03.337078+00:00",
            "2026-09-26T14:03:03.337079+00:00",
            "2026-09-26T14:03:03.337080+00:00",
            "2026-09-26T14:03:03.337081+00:00"
          ],
          "grammar": "observed-time-complete-event-grammar-development@1",
          "ledger_authorized": false,
          "native_publication_authorized": false,
          "operation_counts": {
            "preserve_unresolved": 224
          },
          "posterior_accuracy_calibrated": false,
          "retracted_parents": 0,
          "source_records": [
            {
              "content_sha256": "33a8ce1f6513dc6608fd7c4420c48d42824f164e02dd5decbfe970127ca7fe69",
              "received_at": "2026-09-26T14:03:03.337078+00:00",
              "record_id": "2e0743ca-3845-5c8b-b655-1c6bb12f8d1d"
            },
            {
              "content_sha256": "00c1f9634fbe2a4fc163a05277bca601b4cadd195f2e1be57bdac13c1f52d04e",
              "received_at": "2026-09-26T14:03:03.337079+00:00",
              "record_id": "7feea5b4-d300-5dd5-8f2a-a549254c5344"
            },
            {
              "content_sha256": "1e5178a7b935859484eedccf28d47ead72ccc138d2769081360c35cd2dcb29b6",
              "received_at": "2026-09-26T14:03:03.337080+00:00",
              "record_id": "1396bd8e-7eb0-50db-bd5f-51fc76393329"
            },
            {
              "content_sha256": "eee79c780adafbc82aba76eba9be61378c321e7aead624c1c32b9b4cdace18cf",
              "received_at": "2026-09-26T14:03:03.337081+00:00",
              "record_id": "e814d0da-07a7-5353-aa0a-2d0e72ceb724"
            }
          ],
          "truncated": false
        }
      },
      "context_sha256": "36323062b1d83516a1adfd59433f2d1a1fab0bf1b22a56f872cc344749f1028d",
      "support_sha256": "a191bb5f459b541c3606063828409a258bb5bded6e9a3a8406bfe5c9f9a674dc",
      "core_ledger_unchanged": true,
      "execution_traces": 0,
      "perception_restore_equal": true,
      "source_sequence": "a9b8e18f232ef20eed82c7edcb3b8c1151e1be77d1e2869e8397ed32a3b3ca7f",
      "original_frames": [
        245,
        246,
        247,
        248
      ],
      "source_clock_gaps_seconds": [
        0.06491303443908691,
        0.055168867111206055,
        0.067138671875
      ]
    },
    {
      "sequence": "caa66d98ac022d2eaf6da6813da7319ccc09c2436d1e99b42693141457cd3e6b/window-000000",
      "frames": 4,
      "support": {
        "status": "COMPLETE_SUPPORT_GENERATED",
        "candidate_count": 128,
        "generation": {
          "analytic_updates_computed": false,
          "bootstrap": true,
          "candidate_count": 128,
          "complete_within_declared_discrete_grammar": true,
          "context_sha256": "ee12b5a9917a08a838211750f42e29c67a94c7224ba24333d03782df9023ea91",
          "continuous_or_open_world_support_complete": false,
          "current_active_parents": 0,
          "delayed_evidence": false,
          "event_time_grid": [
            "2026-09-26T14:03:03.337066+00:00",
            "2026-09-26T14:03:03.337067+00:00",
            "2026-09-26T14:03:03.337068+00:00",
            "2026-09-26T14:03:03.337069+00:00"
          ],
          "grammar": "observed-time-complete-event-grammar-development@1",
          "ledger_authorized": false,
          "native_publication_authorized": false,
          "operation_counts": {
            "preserve_unresolved": 128
          },
          "posterior_accuracy_calibrated": false,
          "retracted_parents": 0,
          "source_records": [
            {
              "content_sha256": "f0b6e4ce67c9fe9f54ad65b4fac35389efc9fc5eb992ea058dd7a1b5ee1cc565",
              "received_at": "2026-09-26T14:03:03.337066+00:00",
              "record_id": "8a81f3dc-5c64-5401-a34c-8f6bb864569c"
            },
            {
              "content_sha256": "6d361e428b96460a4dd023985792810206e124a0d35d5ed2578b798698791550",
              "received_at": "2026-09-26T14:03:03.337067+00:00",
              "record_id": "00523a79-f337-5261-9b68-eecfba5b7458"
            },
            {
              "content_sha256": "dcb6ec724f4ceb6b0a18dc5337f762cde2f524702867ac80d07d6038155de16d",
              "received_at": "2026-09-26T14:03:03.337068+00:00",
              "record_id": "e48552e1-8eb9-5755-b9f0-df3ba4876ed2"
            },
            {
              "content_sha256": "e85236978579b859db39d5e762114bf235a9afdb4cdda3ae33b786590f61b346",
              "received_at": "2026-09-26T14:03:03.337069+00:00",
              "record_id": "95c28c69-61d8-53cf-984f-cb46707de269"
            }
          ],
          "truncated": false
        }
      },
      "context_sha256": "220a86888388f48d54e4f93a8a7ad435b1a7c4d1165b7d950211193cb674c6fe",
      "support_sha256": "9887c646a07f55647407bf719c6dff4d46e58edf045aed0260bb79712210a49f",
      "core_ledger_unchanged": true,
      "execution_traces": 0,
      "perception_restore_equal": true,
      "source_sequence": "caa66d98ac022d2eaf6da6813da7319ccc09c2436d1e99b42693141457cd3e6b",
      "original_frames": [
        0,
        1,
        2,
        3
      ],
      "source_clock_gaps_seconds": [
        0.03478527069091797,
        0.03751182556152344,
        0.03988909721374512
      ]
    },
    {
      "sequence": "caa66d98ac022d2eaf6da6813da7319ccc09c2436d1e99b42693141457cd3e6b/window-000103",
      "frames": 4,
      "support": {
        "status": "COMPLETE_SUPPORT_GENERATED",
        "candidate_count": 192,
        "generation": {
          "analytic_updates_computed": false,
          "bootstrap": true,
          "candidate_count": 192,
          "complete_within_declared_discrete_grammar": true,
          "context_sha256": "5e4a0434f5a0acb94895ca7e060235a29a59a15e72eec95b23fe49e8a9524499",
          "continuous_or_open_world_support_complete": false,
          "current_active_parents": 0,
          "delayed_evidence": false,
          "event_time_grid": [
            "2026-09-26T14:03:03.337070+00:00",
            "2026-09-26T14:03:03.337071+00:00",
            "2026-09-26T14:03:03.337072+00:00",
            "2026-09-26T14:03:03.337073+00:00"
          ],
          "grammar": "observed-time-complete-event-grammar-development@1",
          "ledger_authorized": false,
          "native_publication_authorized": false,
          "operation_counts": {
            "preserve_unresolved": 192
          },
          "posterior_accuracy_calibrated": false,
          "retracted_parents": 0,
          "source_records": [
            {
              "content_sha256": "0fbca1649dc141cc48ef59b9090fa8a6c9b9401882bb68f1fdeb658f62b71aed",
              "received_at": "2026-09-26T14:03:03.337070+00:00",
              "record_id": "71d18e02-b3e0-5695-be12-2b339415b413"
            },
            {
              "content_sha256": "56c418804cacdc0db81d4cc0000b72d0bac03e24f9e27d3768796adedc4bd76c",
              "received_at": "2026-09-26T14:03:03.337071+00:00",
              "record_id": "128f943f-813f-5ec8-ae95-8fffcffddb61"
            },
            {
              "content_sha256": "690ce1851e6dbb9c008a58184badf9bd9688087ac23130ff885b339801e5783f",
              "received_at": "2026-09-26T14:03:03.337072+00:00",
              "record_id": "26157602-ec58-5230-af78-7fb7b96c2983"
            },
            {
              "content_sha256": "5a95d2946113a1f0bc6b501e929bc3ec2f3058077adf2cf3044901c3ac83c8e6",
              "received_at": "2026-09-26T14:03:03.337073+00:00",
              "record_id": "e9a7955c-211e-5b6f-86fe-a2d688ad95e9"
            }
          ],
          "truncated": false
        }
      },
      "context_sha256": "8d8f9deb85f86766f1b7fcd17cdfb54d56133f6777ba3ce6aaabac2ac90ea2dc",
      "support_sha256": "d2a1de4fdce1ff659983803c94b22b7a63bebd9dae88f7d9af7efd925ffd8523",
      "core_ledger_unchanged": true,
      "execution_traces": 0,
      "perception_restore_equal": true,
      "source_sequence": "caa66d98ac022d2eaf6da6813da7319ccc09c2436d1e99b42693141457cd3e6b",
      "original_frames": [
        103,
        104,
        105,
        106
      ],
      "source_clock_gaps_seconds": [
        0.03915810585021973,
        0.03628683090209961,
        0.03663349151611328
      ]
    },
    {
      "sequence": "caa66d98ac022d2eaf6da6813da7319ccc09c2436d1e99b42693141457cd3e6b/window-000206",
      "frames": 4,
      "support": {
        "status": "COMPLETE_SUPPORT_GENERATED",
        "candidate_count": 176,
        "generation": {
          "analytic_updates_computed": false,
          "bootstrap": true,
          "candidate_count": 176,
          "complete_within_declared_discrete_grammar": true,
          "context_sha256": "5dd1c7ff89ce56050ce5fcc25c89afbff8ec4113e172901317ec3ac2cd26c828",
          "continuous_or_open_world_support_complete": false,
          "current_active_parents": 0,
          "delayed_evidence": false,
          "event_time_grid": [
            "2026-09-26T14:03:03.337074+00:00",
            "2026-09-26T14:03:03.337075+00:00",
            "2026-09-26T14:03:03.337076+00:00",
            "2026-09-26T14:03:03.337077+00:00"
          ],
          "grammar": "observed-time-complete-event-grammar-development@1",
          "ledger_authorized": false,
          "native_publication_authorized": false,
          "operation_counts": {
            "preserve_unresolved": 176
          },
          "posterior_accuracy_calibrated": false,
          "retracted_parents": 0,
          "source_records": [
            {
              "content_sha256": "6db3a44d6ab3284d55e3a15bfd5e8ace5d99ebd8c2790d07458bacf27046f088",
              "received_at": "2026-09-26T14:03:03.337074+00:00",
              "record_id": "d8dfaab9-132b-538a-a1ef-016ea719684a"
            },
            {
              "content_sha256": "665070ff99a1ce7eb33b4ec4e86ef70e24c68c71720738e7c84ea026d8e9eb76",
              "received_at": "2026-09-26T14:03:03.337075+00:00",
              "record_id": "a4e69a6e-e889-5779-9eb7-32c2691e7f24"
            },
            {
              "content_sha256": "30c03b0d63e2cbcf5e110137414a06d0991f7b9a6988e4c5e5e0d219c548bc6e",
              "received_at": "2026-09-26T14:03:03.337076+00:00",
              "record_id": "72aa633a-635f-5b8c-8810-8ecb5716199a"
            },
            {
              "content_sha256": "7c364b87689cda60cff339152066dbe59fca6fa020f5e8fffb03400486b94d49",
              "received_at": "2026-09-26T14:03:03.337077+00:00",
              "record_id": "bc779b99-b652-5d3b-9ab3-e33395aefe17"
            }
          ],
          "truncated": false
        }
      },
      "context_sha256": "55adab4e4bb1ea2ad2e6b64cca5db0e761d6392d376119440759147fc1c618f2",
      "support_sha256": "74a543d55cbd6f457e5b6da4b31e186f79482dc9b1a535cf1b4422305bb61873",
      "core_ledger_unchanged": true,
      "execution_traces": 0,
      "perception_restore_equal": true,
      "source_sequence": "caa66d98ac022d2eaf6da6813da7319ccc09c2436d1e99b42693141457cd3e6b",
      "original_frames": [
        206,
        207,
        208,
        209
      ],
      "source_clock_gaps_seconds": [
        0.03608560562133789,
        0.03686809539794922,
        0.03807425498962402
      ]
    },
    {
      "sequence": "caa66d98ac022d2eaf6da6813da7319ccc09c2436d1e99b42693141457cd3e6b/window-000309",
      "frames": 4,
      "support": {
        "status": "COMPLETE_SUPPORT_GENERATED",
        "candidate_count": 243,
        "generation": {
          "analytic_updates_computed": false,
          "bootstrap": true,
          "candidate_count": 243,
          "complete_within_declared_discrete_grammar": true,
          "context_sha256": "ae0ea050aa47fdfde4b18126cd76226a0efaadcb2c0f0577670ffd948ffc11d3",
          "continuous_or_open_world_support_complete": false,
          "current_active_parents": 0,
          "delayed_evidence": false,
          "event_time_grid": [
            "2026-09-26T14:03:03.337078+00:00",
            "2026-09-26T14:03:03.337079+00:00",
            "2026-09-26T14:03:03.337080+00:00",
            "2026-09-26T14:03:03.337081+00:00"
          ],
          "grammar": "observed-time-complete-event-grammar-development@1",
          "ledger_authorized": false,
          "native_publication_authorized": false,
          "operation_counts": {
            "preserve_unresolved": 243
          },
          "posterior_accuracy_calibrated": false,
          "retracted_parents": 0,
          "source_records": [
            {
              "content_sha256": "7352143409e98445fbc1f322b9963707714bc9c89c3f85baaa950d8a56296202",
              "received_at": "2026-09-26T14:03:03.337078+00:00",
              "record_id": "54d5fc3d-ba62-5899-b713-d01e4d9ad879"
            },
            {
              "content_sha256": "84099a4a85f4595cd8999ce8c08f011a7d43d92cccd67e6d37d7cfbbbe842345",
              "received_at": "2026-09-26T14:03:03.337079+00:00",
              "record_id": "681c0554-40e3-50cf-8b0a-1549492111d5"
            },
            {
              "content_sha256": "652b9fc6d5b0191e4c907501bc26236519c97571f6d8cd74cf2e8590d56d691e",
              "received_at": "2026-09-26T14:03:03.337080+00:00",
              "record_id": "7aa7e6e3-67be-5e0d-aa97-cdfc1b5d5260"
            },
            {
              "content_sha256": "8c80c05808b37a8382b92bb7f818a121411ef64919306f2cb58f3fd464212b66",
              "received_at": "2026-09-26T14:03:03.337081+00:00",
              "record_id": "284630c8-fe33-594f-bfcb-97b9971086dd"
            }
          ],
          "truncated": false
        }
      },
      "context_sha256": "3e2fa0f6c8027d56c898f574e0469e0fc62b2a5e52592f56b62bbd927d291a3e",
      "support_sha256": "2c15287ad44c969919cd1fdb8ef95a155013898d9bb2551125dc6c0746929e59",
      "core_ledger_unchanged": true,
      "execution_traces": 0,
      "perception_restore_equal": true,
      "source_sequence": "caa66d98ac022d2eaf6da6813da7319ccc09c2436d1e99b42693141457cd3e6b",
      "original_frames": [
        309,
        310,
        311,
        312
      ],
      "source_clock_gaps_seconds": [
        0.0366363525390625,
        0.036420583724975586,
        0.035605669021606445
      ]
    },
    {
      "sequence": "d273879c89140cddbeabfe0d3fadb6d3cc8fe5483410254645e311242f945bb6/window-000000",
      "frames": 4,
      "support": {
        "status": "COMPLETE_SUPPORT_GENERATED",
        "candidate_count": 144,
        "generation": {
          "analytic_updates_computed": false,
          "bootstrap": true,
          "candidate_count": 144,
          "complete_within_declared_discrete_grammar": true,
          "context_sha256": "75b075e804f1dc912ad4a77cbde06b18105672d4c35dc63e4c50c34907c3d54d",
          "continuous_or_open_world_support_complete": false,
          "current_active_parents": 0,
          "delayed_evidence": false,
          "event_time_grid": [
            "2026-09-26T14:03:03.337066+00:00",
            "2026-09-26T14:03:03.337067+00:00",
            "2026-09-26T14:03:03.337068+00:00",
            "2026-09-26T14:03:03.337069+00:00"
          ],
          "grammar": "observed-time-complete-event-grammar-development@1",
          "ledger_authorized": false,
          "native_publication_authorized": false,
          "operation_counts": {
            "preserve_unresolved": 144
          },
          "posterior_accuracy_calibrated": false,
          "retracted_parents": 0,
          "source_records": [
            {
              "content_sha256": "087ae716f623dea73f82494a7d4ba9619ae7ed30b881a3bca1202c24dee0108b",
              "received_at": "2026-09-26T14:03:03.337066+00:00",
              "record_id": "83103a4f-d985-5435-bb0b-fda4d885a8c0"
            },
            {
              "content_sha256": "496f81bd59f2bf7f35e501f0af88d588649885de3fbb6acfdc3af5bbff58c474",
              "received_at": "2026-09-26T14:03:03.337067+00:00",
              "record_id": "57c37325-7805-5f15-ae22-2d6396543012"
            },
            {
              "content_sha256": "471a16dc72ab1b4de3d4fb05f8f8f992a0937a2d328ab03af74ca22db791d425",
              "received_at": "2026-09-26T14:03:03.337068+00:00",
              "record_id": "9984c218-b86d-5860-9c41-f9c747bb29ac"
            },
            {
              "content_sha256": "4e2980ab7ee2b6bc292aadd42fc57ced0fbe0b82e85cd468c0d4a8a3a7bf28de",
              "received_at": "2026-09-26T14:03:03.337069+00:00",
              "record_id": "6a0fa00a-c268-517c-a617-b80925e33c69"
            }
          ],
          "truncated": false
        }
      },
      "context_sha256": "4180287b727b454b9d4522fbbb208d0b8919727ffc9e8b3bf16d845304f7a323",
      "support_sha256": "8f8f0ebb8718b861538af8067f18dfbf061e3d84659a59c896a73d03e9190611",
      "core_ledger_unchanged": true,
      "execution_traces": 0,
      "perception_restore_equal": true,
      "source_sequence": "d273879c89140cddbeabfe0d3fadb6d3cc8fe5483410254645e311242f945bb6",
      "original_frames": [
        0,
        1,
        2,
        3
      ],
      "source_clock_gaps_seconds": [
        0.011017322540283203,
        0.009840011596679688,
        0.006601572036743164
      ]
    },
    {
      "sequence": "d273879c89140cddbeabfe0d3fadb6d3cc8fe5483410254645e311242f945bb6/window-000193",
      "frames": 4,
      "support": {
        "status": "COMPLETE_SUPPORT_GENERATED",
        "candidate_count": 128,
        "generation": {
          "analytic_updates_computed": false,
          "bootstrap": true,
          "candidate_count": 128,
          "complete_within_declared_discrete_grammar": true,
          "context_sha256": "0166c9769b255bff2dfb70e48d5ba615aaec903d63e57557f84161adc23faaf4",
          "continuous_or_open_world_support_complete": false,
          "current_active_parents": 0,
          "delayed_evidence": false,
          "event_time_grid": [
            "2026-09-26T14:03:03.337070+00:00",
            "2026-09-26T14:03:03.337071+00:00",
            "2026-09-26T14:03:03.337072+00:00",
            "2026-09-26T14:03:03.337073+00:00"
          ],
          "grammar": "observed-time-complete-event-grammar-development@1",
          "ledger_authorized": false,
          "native_publication_authorized": false,
          "operation_counts": {
            "preserve_unresolved": 128
          },
          "posterior_accuracy_calibrated": false,
          "retracted_parents": 0,
          "source_records": [
            {
              "content_sha256": "bfc678ce1fe2eef61273b3d8095560766585551adb4ccc381d17c756d73e8b8a",
              "received_at": "2026-09-26T14:03:03.337070+00:00",
              "record_id": "e2f1997c-93f3-5b73-97a8-c1b531df580c"
            },
            {
              "content_sha256": "7fd2fd042e18d3f0c13b690bec2251f6446348287c4f60fe7cd25f5bb6cb9154",
              "received_at": "2026-09-26T14:03:03.337071+00:00",
              "record_id": "7348b150-0c86-52a8-a283-b28c64c3cd01"
            },
            {
              "content_sha256": "20541c8a758676d23c85438e7913419dd95799acaa64d9920c1d3b63e085438f",
              "received_at": "2026-09-26T14:03:03.337072+00:00",
              "record_id": "f871ebe2-2a67-5955-af91-133aaf942290"
            },
            {
              "content_sha256": "a62d45a1a8eab1fde0621f30b88d16aa37f890ea7cc96bf857d0a4362b2c1f19",
              "received_at": "2026-09-26T14:03:03.337073+00:00",
              "record_id": "9cfc1034-3f97-51c8-94e7-d2634760a848"
            }
          ],
          "truncated": false
        }
      },
      "context_sha256": "e4ac047ca6af95807611ea2353284658db4bcc489bb341deb769611b7a1e1e25",
      "support_sha256": "40e4ecda9429cb68fd3cd4329f0a4566b3030247e2377bd72f02fef6b30170c8",
      "core_ledger_unchanged": true,
      "execution_traces": 0,
      "perception_restore_equal": true,
      "source_sequence": "d273879c89140cddbeabfe0d3fadb6d3cc8fe5483410254645e311242f945bb6",
      "original_frames": [
        193,
        194,
        195,
        196
      ],
      "source_clock_gaps_seconds": [
        0.03950834274291992,
        0.03420448303222656,
        0.03560829162597656
      ]
    },
    {
      "sequence": "d273879c89140cddbeabfe0d3fadb6d3cc8fe5483410254645e311242f945bb6/window-000386",
      "frames": 4,
      "support": {
        "status": "COMPLETE_SUPPORT_GENERATED",
        "candidate_count": 189,
        "generation": {
          "analytic_updates_computed": false,
          "bootstrap": true,
          "candidate_count": 189,
          "complete_within_declared_discrete_grammar": true,
          "context_sha256": "a3619950d5e5c35faed972485144f4825750816dc00b7da9506432d0bd9bface",
          "continuous_or_open_world_support_complete": false,
          "current_active_parents": 0,
          "delayed_evidence": false,
          "event_time_grid": [
            "2026-09-26T14:03:03.337074+00:00",
            "2026-09-26T14:03:03.337075+00:00",
            "2026-09-26T14:03:03.337076+00:00",
            "2026-09-26T14:03:03.337077+00:00"
          ],
          "grammar": "observed-time-complete-event-grammar-development@1",
          "ledger_authorized": false,
          "native_publication_authorized": false,
          "operation_counts": {
            "preserve_unresolved": 189
          },
          "posterior_accuracy_calibrated": false,
          "retracted_parents": 0,
          "source_records": [
            {
              "content_sha256": "c9fa27679c804da72c1db83e41dc705bef2fd44d4ef16e64d6e645aa5a26627d",
              "received_at": "2026-09-26T14:03:03.337074+00:00",
              "record_id": "fb6ace83-64cb-514e-9e09-833992517184"
            },
            {
              "content_sha256": "c3414cbbff3582f8b15978577dcec62f829a9c8f018870d1a85fb78993d40515",
              "received_at": "2026-09-26T14:03:03.337075+00:00",
              "record_id": "1a8408cb-48ae-5611-bd71-c27205d82786"
            },
            {
              "content_sha256": "2d13009b39248d38c9a3ba59071ccb42f131d4671484ae54056d2fabe7bbd728",
              "received_at": "2026-09-26T14:03:03.337076+00:00",
              "record_id": "ac1a5faf-f736-563a-9ccc-f97646a61401"
            },
            {
              "content_sha256": "f395371eca32eb2900048aa09b4ae1635cb23783e949467dbc362484b013ba29",
              "received_at": "2026-09-26T14:03:03.337077+00:00",
              "record_id": "fd57ef09-4271-57a5-8929-7aa771d047f9"
            }
          ],
          "truncated": false
        }
      },
      "context_sha256": "2cb6bc8416bef2efeda03093fa6fa7ad98ccaa143178f2a1200f8d95e6ce2cbf",
      "support_sha256": "1b6e324ae3fe18a04b3342be8415bb6d5746ce5fe5642b053800f0c661a46f28",
      "core_ledger_unchanged": true,
      "execution_traces": 0,
      "perception_restore_equal": true,
      "source_sequence": "d273879c89140cddbeabfe0d3fadb6d3cc8fe5483410254645e311242f945bb6",
      "original_frames": [
        386,
        387,
        388,
        389
      ],
      "source_clock_gaps_seconds": [
        0.03700709342956543,
        0.04036355018615723,
        0.04373884201049805
      ]
    },
    {
      "sequence": "d273879c89140cddbeabfe0d3fadb6d3cc8fe5483410254645e311242f945bb6/window-000580",
      "frames": 4,
      "support": {
        "status": "COMPLETE_SUPPORT_GENERATED",
        "candidate_count": 176,
        "generation": {
          "analytic_updates_computed": false,
          "bootstrap": true,
          "candidate_count": 176,
          "complete_within_declared_discrete_grammar": true,
          "context_sha256": "326876e388d01082aa5ac8efeddde5b983b5a843b10d3a1e3519db1114664f65",
          "continuous_or_open_world_support_complete": false,
          "current_active_parents": 0,
          "delayed_evidence": false,
          "event_time_grid": [
            "2026-09-26T14:03:03.337078+00:00",
            "2026-09-26T14:03:03.337079+00:00",
            "2026-09-26T14:03:03.337080+00:00",
            "2026-09-26T14:03:03.337081+00:00"
          ],
          "grammar": "observed-time-complete-event-grammar-development@1",
          "ledger_authorized": false,
          "native_publication_authorized": false,
          "operation_counts": {
            "preserve_unresolved": 176
          },
          "posterior_accuracy_calibrated": false,
          "retracted_parents": 0,
          "source_records": [
            {
              "content_sha256": "d9a790edbd207d44722813b9c4d980613ed059d7909ad56f28025d9248338630",
              "received_at": "2026-09-26T14:03:03.337078+00:00",
              "record_id": "3627607c-cb9d-5894-91dd-13f200ee406f"
            },
            {
              "content_sha256": "17ddd5c9ad5afcb5658e3839245e7169e406e8bc0cadd2ddf2331bffb3923b5f",
              "received_at": "2026-09-26T14:03:03.337079+00:00",
              "record_id": "4e400f6c-4056-56f2-b619-c523009f3c7a"
            },
            {
              "content_sha256": "402e232fdeece0e0edb2701339f89ef04651ef66c2771a3bc4fa381bafdc2d8f",
              "received_at": "2026-09-26T14:03:03.337080+00:00",
              "record_id": "049bfcda-030e-5cdc-b5a2-d703f068e05b"
            },
            {
              "content_sha256": "6f804e24b908a4acc05b4641024103cf7334c9b688ac8bc39b3096a16858ffc5",
              "received_at": "2026-09-26T14:03:03.337081+00:00",
              "record_id": "b4e4db7f-1750-52c8-830d-ac9390f762f1"
            }
          ],
          "truncated": false
        }
      },
      "context_sha256": "877547223bf5134ab8dbddd1dfcbb32422ac75bddf06f4030890f3a68f1596b8",
      "support_sha256": "609abe04f7d240640b728d2c1c9602210acea84f7755dde1743248b47784837d",
      "core_ledger_unchanged": true,
      "execution_traces": 0,
      "perception_restore_equal": true,
      "source_sequence": "d273879c89140cddbeabfe0d3fadb6d3cc8fe5483410254645e311242f945bb6",
      "original_frames": [
        580,
        581,
        582,
        583
      ],
      "source_clock_gaps_seconds": [
        0.034028053283691406,
        0.0499417781829834,
        0.04552888870239258
      ]
    },
    {
      "sequence": "e878bb28c13aa6dde99c6f6ae8bd86fabd73c63f9754969cb4aa11e5e9801782/window-000000",
      "frames": 4,
      "support": {
        "status": "COMPLETE_SUPPORT_GENERATED",
        "candidate_count": 272,
        "generation": {
          "analytic_updates_computed": false,
          "bootstrap": true,
          "candidate_count": 272,
          "complete_within_declared_discrete_grammar": true,
          "context_sha256": "d7e38cf6e1b82d27caa40de52aeb5cd9e4dae798c5cbbe84ff526c11e763b995",
          "continuous_or_open_world_support_complete": false,
          "current_active_parents": 0,
          "delayed_evidence": false,
          "event_time_grid": [
            "2026-09-26T14:03:03.337066+00:00",
            "2026-09-26T14:03:03.337067+00:00",
            "2026-09-26T14:03:03.337068+00:00",
            "2026-09-26T14:03:03.337069+00:00"
          ],
          "grammar": "observed-time-complete-event-grammar-development@1",
          "ledger_authorized": false,
          "native_publication_authorized": false,
          "operation_counts": {
            "preserve_unresolved": 272
          },
          "posterior_accuracy_calibrated": false,
          "retracted_parents": 0,
          "source_records": [
            {
              "content_sha256": "28b29cd328fa23baaaa89372f17d5843bc60e9398ed4c54b7cc1aa13b259fc83",
              "received_at": "2026-09-26T14:03:03.337066+00:00",
              "record_id": "c4bdca2c-b664-5a08-9e3a-91b26601dcff"
            },
            {
              "content_sha256": "c3f31e149f97dbe22e024d3843b5925b4e079fc4eccb9fb790e32a2e737a3b58",
              "received_at": "2026-09-26T14:03:03.337067+00:00",
              "record_id": "52efed28-468b-57dc-a3f0-aa56b8a57401"
            },
            {
              "content_sha256": "eb782f3563bcac27730d12bdeb2f1d711ef1b1db2e4d05ae42957a251eda1790",
              "received_at": "2026-09-26T14:03:03.337068+00:00",
              "record_id": "939badef-e257-5493-8977-303f2f990b95"
            },
            {
              "content_sha256": "b29bc61993844ed41a5a35c32e49b75072b7c9fcca2f4a0f322ddfadcf256f85",
              "received_at": "2026-09-26T14:03:03.337069+00:00",
              "record_id": "defaa7e1-a8a0-5929-91d8-8dd5aa76ee0e"
            }
          ],
          "truncated": false
        }
      },
      "context_sha256": "c5626e33369c2748b48d126b2ef3f62a7790d072661e2e52a380e4b2b40c31cb",
      "support_sha256": "255ef9219a8cd2fb20de541885f9aa008623f95d49ada63ca5cdb3096a9e3071",
      "core_ledger_unchanged": true,
      "execution_traces": 0,
      "perception_restore_equal": true,
      "source_sequence": "e878bb28c13aa6dde99c6f6ae8bd86fabd73c63f9754969cb4aa11e5e9801782",
      "original_frames": [
        0,
        1,
        2,
        3
      ],
      "source_clock_gaps_seconds": [
        0.036124467849731445,
        0.040375471115112305,
        0.0362246036529541
      ]
    },
    {
      "sequence": "e878bb28c13aa6dde99c6f6ae8bd86fabd73c63f9754969cb4aa11e5e9801782/window-000082",
      "frames": 4,
      "support": {
        "status": "COMPLETE_SUPPORT_GENERATED",
        "candidate_count": 324,
        "generation": {
          "analytic_updates_computed": false,
          "bootstrap": true,
          "candidate_count": 324,
          "complete_within_declared_discrete_grammar": true,
          "context_sha256": "fb53911c5725a6a1a9613ec70e65cb8748b230deca287dc08ab9a87c0a472bce",
          "continuous_or_open_world_support_complete": false,
          "current_active_parents": 0,
          "delayed_evidence": false,
          "event_time_grid": [
            "2026-09-26T14:03:03.337070+00:00",
            "2026-09-26T14:03:03.337071+00:00",
            "2026-09-26T14:03:03.337072+00:00",
            "2026-09-26T14:03:03.337073+00:00"
          ],
          "grammar": "observed-time-complete-event-grammar-development@1",
          "ledger_authorized": false,
          "native_publication_authorized": false,
          "operation_counts": {
            "preserve_unresolved": 324
          },
          "posterior_accuracy_calibrated": false,
          "retracted_parents": 0,
          "source_records": [
            {
              "content_sha256": "34e536f87f0f0bfeb308853f5c2e36a216e65559058aacdc20dbea4a014e5358",
              "received_at": "2026-09-26T14:03:03.337070+00:00",
              "record_id": "e4c1d64e-5a02-50da-a1c4-d7cb87b23a7e"
            },
            {
              "content_sha256": "52bef7966f5d75fb73ef1652485aaf569164abfb97170d225f59c576961ed0af",
              "received_at": "2026-09-26T14:03:03.337071+00:00",
              "record_id": "fcd6ecd8-2091-55b7-b259-0100e5697a18"
            },
            {
              "content_sha256": "9bcc8baf0a23e10488367b5f1787ccddb43553b65f42b4745f9d28369df7e6a1",
              "received_at": "2026-09-26T14:03:03.337072+00:00",
              "record_id": "74134ff4-fe46-55e2-9f50-c459fbfe4eec"
            },
            {
              "content_sha256": "4df4735bdceccc60b2811fb11acf04ef87decbb54917b93676c31b8459f23c02",
              "received_at": "2026-09-26T14:03:03.337073+00:00",
              "record_id": "cb6626db-b5d4-591c-9733-40ea27b52ca3"
            }
          ],
          "truncated": false
        }
      },
      "context_sha256": "feb3dc33cf3cb97b951c8b3c940b129a23b89c8e4580a8693db6d7a37a5d8702",
      "support_sha256": "388f3396655af6ebc0902051f60105dc25684036b8430ae3c4c81d0b87bb26eb",
      "core_ledger_unchanged": true,
      "execution_traces": 0,
      "perception_restore_equal": true,
      "source_sequence": "e878bb28c13aa6dde99c6f6ae8bd86fabd73c63f9754969cb4aa11e5e9801782",
      "original_frames": [
        82,
        83,
        84,
        85
      ],
      "source_clock_gaps_seconds": [
        0.035140037536621094,
        0.03664731979370117,
        0.036768198013305664
      ]
    },
    {
      "sequence": "e878bb28c13aa6dde99c6f6ae8bd86fabd73c63f9754969cb4aa11e5e9801782/window-000164",
      "frames": 4,
      "support": {
        "status": "COMPLETE_SUPPORT_GENERATED",
        "candidate_count": 440,
        "generation": {
          "analytic_updates_computed": false,
          "bootstrap": true,
          "candidate_count": 440,
          "complete_within_declared_discrete_grammar": true,
          "context_sha256": "21401be0a46c0388b13696b3aa921ff35910b77b606b11a37302b5f4594b39bf",
          "continuous_or_open_world_support_complete": false,
          "current_active_parents": 0,
          "delayed_evidence": false,
          "event_time_grid": [
            "2026-09-26T14:03:03.337074+00:00",
            "2026-09-26T14:03:03.337075+00:00",
            "2026-09-26T14:03:03.337076+00:00",
            "2026-09-26T14:03:03.337077+00:00"
          ],
          "grammar": "observed-time-complete-event-grammar-development@1",
          "ledger_authorized": false,
          "native_publication_authorized": false,
          "operation_counts": {
            "preserve_unresolved": 440
          },
          "posterior_accuracy_calibrated": false,
          "retracted_parents": 0,
          "source_records": [
            {
              "content_sha256": "ea991d321526a70bf223098f196fa9964e42477443a69066b67be1a583d94e35",
              "received_at": "2026-09-26T14:03:03.337074+00:00",
              "record_id": "8e0d2fdd-30bb-538a-8b49-7aa9a35a835f"
            },
            {
              "content_sha256": "6395cfd3d345968dae3aa60df3c0d554021b6220488c2bae1282ec878d66cba6",
              "received_at": "2026-09-26T14:03:03.337075+00:00",
              "record_id": "072147b6-5082-53cd-bb91-b082ab72df1d"
            },
            {
              "content_sha256": "c7ddc5b8f5da3bbf77faf265abd78c88489ed587bd51446773c0518bcfa4a70e",
              "received_at": "2026-09-26T14:03:03.337076+00:00",
              "record_id": "6553d360-0550-5072-b356-b83452e673fb"
            },
            {
              "content_sha256": "9e437f86b3af0197eb34f59aafe1bd6bf68af2b62252b8b908dbe3c98db00509",
              "received_at": "2026-09-26T14:03:03.337077+00:00",
              "record_id": "58845954-20bd-5bac-af48-b63385331e4c"
            }
          ],
          "truncated": false
        }
      },
      "context_sha256": "f04370bde10ec057dba8737c62437ba1ee96bf8707c7f0ef068a3f18cb659d5a",
      "support_sha256": "75f086a9de3333ec2b078283b5dd7b6517f99d90dc4d46028fce2e8b654223cc",
      "core_ledger_unchanged": true,
      "execution_traces": 0,
      "perception_restore_equal": true,
      "source_sequence": "e878bb28c13aa6dde99c6f6ae8bd86fabd73c63f9754969cb4aa11e5e9801782",
      "original_frames": [
        164,
        165,
        166,
        167
      ],
      "source_clock_gaps_seconds": [
        0.036931514739990234,
        0.0359346866607666,
        0.036666154861450195
      ]
    },
    {
      "sequence": "e878bb28c13aa6dde99c6f6ae8bd86fabd73c63f9754969cb4aa11e5e9801782/window-000247",
      "frames": 4,
      "support": {
        "status": "COMPLETE_SUPPORT_GENERATED",
        "candidate_count": 224,
        "generation": {
          "analytic_updates_computed": false,
          "bootstrap": true,
          "candidate_count": 224,
          "complete_within_declared_discrete_grammar": true,
          "context_sha256": "6fa0fe7fb28b4e1833ba8b62321384764c12470bc2f93bd4d2e1da0c33b804e3",
          "continuous_or_open_world_support_complete": false,
          "current_active_parents": 0,
          "delayed_evidence": false,
          "event_time_grid": [
            "2026-09-26T14:03:03.337078+00:00",
            "2026-09-26T14:03:03.337079+00:00",
            "2026-09-26T14:03:03.337080+00:00",
            "2026-09-26T14:03:03.337081+00:00"
          ],
          "grammar": "observed-time-complete-event-grammar-development@1",
          "ledger_authorized": false,
          "native_publication_authorized": false,
          "operation_counts": {
            "preserve_unresolved": 224
          },
          "posterior_accuracy_calibrated": false,
          "retracted_parents": 0,
          "source_records": [
            {
              "content_sha256": "09a9518949682dd6002415cfb1d8e24c1354201cd60d81517b4022c424c9cb30",
              "received_at": "2026-09-26T14:03:03.337078+00:00",
              "record_id": "2e87f404-3d27-57a5-8d6a-fd39024bf83d"
            },
            {
              "content_sha256": "031b0199091f692b0bb7d076c011cc1e0927d96bac0ec351eb04539afa63d0a8",
              "received_at": "2026-09-26T14:03:03.337079+00:00",
              "record_id": "8167783d-6941-599c-8bfa-cb69fa2e850f"
            },
            {
              "content_sha256": "9b87b4f3aa5e6569bd0d29cbc755e5d5e938a2c6fc5d634aa214476e84f536ab",
              "received_at": "2026-09-26T14:03:03.337080+00:00",
              "record_id": "6e1cd89b-a884-5c60-b9fd-da92347a370c"
            },
            {
              "content_sha256": "0f313dfbcd408eae90f22f6c2a7f14307bf5207704be5ec66a620555500c4581",
              "received_at": "2026-09-26T14:03:03.337081+00:00",
              "record_id": "3a027c63-daa3-500e-874e-09d12471ca0b"
            }
          ],
          "truncated": false
        }
      },
      "context_sha256": "4876335952e0b2880d39cafd499e66e32d33671aeace9ca542de046be9db8c8c",
      "support_sha256": "737a84b9d8c439e8e8fb4a6448747d17af43f2c14579aa7d84c78cc87403cf28",
      "core_ledger_unchanged": true,
      "execution_traces": 0,
      "perception_restore_equal": true,
      "source_sequence": "e878bb28c13aa6dde99c6f6ae8bd86fabd73c63f9754969cb4aa11e5e9801782",
      "original_frames": [
        247,
        248,
        249,
        250
      ],
      "source_clock_gaps_seconds": [
        0.035280466079711914,
        0.038793087005615234,
        0.03451037406921387
      ]
    },
    {
      "sequence": "eee763a27550c54ea8f54cd854ea7775d0bed8e5a5912acff555256e780e2d54/window-000000",
      "frames": 4,
      "support": {
        "status": "COMPLETE_SUPPORT_GENERATED",
        "candidate_count": 144,
        "generation": {
          "analytic_updates_computed": false,
          "bootstrap": true,
          "candidate_count": 144,
          "complete_within_declared_discrete_grammar": true,
          "context_sha256": "f76ece438dba4050759ee5aa2c34b21c415daa25788e2638187a279c55797173",
          "continuous_or_open_world_support_complete": false,
          "current_active_parents": 0,
          "delayed_evidence": false,
          "event_time_grid": [
            "2026-09-26T14:03:03.337066+00:00",
            "2026-09-26T14:03:03.337067+00:00",
            "2026-09-26T14:03:03.337068+00:00",
            "2026-09-26T14:03:03.337069+00:00"
          ],
          "grammar": "observed-time-complete-event-grammar-development@1",
          "ledger_authorized": false,
          "native_publication_authorized": false,
          "operation_counts": {
            "preserve_unresolved": 144
          },
          "posterior_accuracy_calibrated": false,
          "retracted_parents": 0,
          "source_records": [
            {
              "content_sha256": "58f2ba7e253a33219cc070b568b70a94bb8ee79cec91b9d51bd2a2e086a194fe",
              "received_at": "2026-09-26T14:03:03.337066+00:00",
              "record_id": "1b6a654a-a9e4-5369-85a1-311f4554216f"
            },
            {
              "content_sha256": "76d588821d6ebf0b9e71261cfe69efde7b7e10ae518ed7270d6d1aeac30c2a1c",
              "received_at": "2026-09-26T14:03:03.337067+00:00",
              "record_id": "9350b45f-2d05-5268-b2af-6882f12454d5"
            },
            {
              "content_sha256": "d7c9fe6155685112a45e0052f068a761c27d0247af9d554c9ba2a0820bdd2607",
              "received_at": "2026-09-26T14:03:03.337068+00:00",
              "record_id": "5d35d1e0-a976-5bd2-bb1e-197a77428076"
            },
            {
              "content_sha256": "a08e19faa4eec80ee118ce902d26da3c40b41e0e29299954858a96ba126e4fec",
              "received_at": "2026-09-26T14:03:03.337069+00:00",
              "record_id": "e15ca642-77f3-583d-aea9-2ae42a9a4915"
            }
          ],
          "truncated": false
        }
      },
      "context_sha256": "dc006b0bd43002c12182e5ae2e4745f498fb666bd315c0b733877e8c1967d729",
      "support_sha256": "b55122aa5140ed1cb5ff9946775d25986cde639a5735e20a04bbb07232e5ee04",
      "core_ledger_unchanged": true,
      "execution_traces": 0,
      "perception_restore_equal": true,
      "source_sequence": "eee763a27550c54ea8f54cd854ea7775d0bed8e5a5912acff555256e780e2d54",
      "original_frames": [
        0,
        1,
        2,
        3
      ],
      "source_clock_gaps_seconds": [
        0.03580117225646973,
        0.03711414337158203,
        0.04130411148071289
      ]
    },
    {
      "sequence": "eee763a27550c54ea8f54cd854ea7775d0bed8e5a5912acff555256e780e2d54/window-000104",
      "frames": 4,
      "support": {
        "status": "COMPLETE_SUPPORT_GENERATED",
        "candidate_count": 240,
        "generation": {
          "analytic_updates_computed": false,
          "bootstrap": true,
          "candidate_count": 240,
          "complete_within_declared_discrete_grammar": true,
          "context_sha256": "9b959017c89f084f0f29c8b18d5d8bc9bdd691b0cbde80de428eb62d26720125",
          "continuous_or_open_world_support_complete": false,
          "current_active_parents": 0,
          "delayed_evidence": false,
          "event_time_grid": [
            "2026-09-26T14:03:03.337070+00:00",
            "2026-09-26T14:03:03.337071+00:00",
            "2026-09-26T14:03:03.337072+00:00",
            "2026-09-26T14:03:03.337073+00:00"
          ],
          "grammar": "observed-time-complete-event-grammar-development@1",
          "ledger_authorized": false,
          "native_publication_authorized": false,
          "operation_counts": {
            "preserve_unresolved": 240
          },
          "posterior_accuracy_calibrated": false,
          "retracted_parents": 0,
          "source_records": [
            {
              "content_sha256": "1e192c3321f72a543b3ef32488df531a619517777c70db2a3bb4a1dc826fc710",
              "received_at": "2026-09-26T14:03:03.337070+00:00",
              "record_id": "974baa9d-cf5d-5574-a51c-ad0585c09f92"
            },
            {
              "content_sha256": "6588f334faf374f47fa4253fb1c23f2a0d91b8484306edbbf54f883598be415a",
              "received_at": "2026-09-26T14:03:03.337071+00:00",
              "record_id": "0faeb53e-86fe-5bc7-8b86-e23b1e8a4e0f"
            },
            {
              "content_sha256": "7d432c9c9c77cf380e7b4a2eb1060dfacf593b393228970a0635a30f184905c0",
              "received_at": "2026-09-26T14:03:03.337072+00:00",
              "record_id": "5a929b26-edff-5d95-88f0-bf162f782578"
            },
            {
              "content_sha256": "9919d3caa344485fff561353df8521530812aebbfbfce569b596ae5ae314e284",
              "received_at": "2026-09-26T14:03:03.337073+00:00",
              "record_id": "d1d4a61b-45db-551a-975b-87c323e5a236"
            }
          ],
          "truncated": false
        }
      },
      "context_sha256": "9376b6aa778c731a4cdbf058dcf72ce2dcf4dbb34b4a2c30a660d3e8dc6d3c2e",
      "support_sha256": "cbbb4a712f4731745939b375aeff3a882e97d18e71bdb55356f7e1a8cd4e13d5",
      "core_ledger_unchanged": true,
      "execution_traces": 0,
      "perception_restore_equal": true,
      "source_sequence": "eee763a27550c54ea8f54cd854ea7775d0bed8e5a5912acff555256e780e2d54",
      "original_frames": [
        104,
        105,
        106,
        107
      ],
      "source_clock_gaps_seconds": [
        0.036544084548950195,
        0.036455631256103516,
        0.03682565689086914
      ]
    },
    {
      "sequence": "eee763a27550c54ea8f54cd854ea7775d0bed8e5a5912acff555256e780e2d54/window-000208",
      "frames": 4,
      "support": {
        "status": "COMPLETE_SUPPORT_GENERATED",
        "candidate_count": 192,
        "generation": {
          "analytic_updates_computed": false,
          "bootstrap": true,
          "candidate_count": 192,
          "complete_within_declared_discrete_grammar": true,
          "context_sha256": "a906447664e819c6d94503eb5d8672704f41a8e742c4b27202efe8f260cf244a",
          "continuous_or_open_world_support_complete": false,
          "current_active_parents": 0,
          "delayed_evidence": false,
          "event_time_grid": [
            "2026-09-26T14:03:03.337074+00:00",
            "2026-09-26T14:03:03.337075+00:00",
            "2026-09-26T14:03:03.337076+00:00",
            "2026-09-26T14:03:03.337077+00:00"
          ],
          "grammar": "observed-time-complete-event-grammar-development@1",
          "ledger_authorized": false,
          "native_publication_authorized": false,
          "operation_counts": {
            "preserve_unresolved": 192
          },
          "posterior_accuracy_calibrated": false,
          "retracted_parents": 0,
          "source_records": [
            {
              "content_sha256": "33b76527bf00557313eb3a538141481f2ce1a20755e6a710dde5153a443f1762",
              "received_at": "2026-09-26T14:03:03.337074+00:00",
              "record_id": "b5468a82-7f20-5d56-9608-5c0fb53fd493"
            },
            {
              "content_sha256": "3e53d31ff4fd08d51cc75c9c3397854961ea55c1f416c432115dd334e0906e74",
              "received_at": "2026-09-26T14:03:03.337075+00:00",
              "record_id": "796ff166-be99-5a58-a316-4d1a66badb59"
            },
            {
              "content_sha256": "abf6e332c0d20cd00003ecdf69183bbb473bb31d0794232c8d487ec76010d596",
              "received_at": "2026-09-26T14:03:03.337076+00:00",
              "record_id": "fcb9cb81-1972-5c5a-afc6-fcb49c5bb2d4"
            },
            {
              "content_sha256": "b64f452626767db04714794f04bc3460434939db0330c98c71cb80e8f2a8d37e",
              "received_at": "2026-09-26T14:03:03.337077+00:00",
              "record_id": "ba7e9120-4a98-51bd-a15e-c09d060bd786"
            }
          ],
          "truncated": false
        }
      },
      "context_sha256": "7ed520b1c8576b42ed93acb1e16b96e40b57958b357e2df3a5e2d48c2a638976",
      "support_sha256": "ed39095d9fed1e062974a1244012be6b145b2dd9f3e1cc98c7ed8c94418783bc",
      "core_ledger_unchanged": true,
      "execution_traces": 0,
      "perception_restore_equal": true,
      "source_sequence": "eee763a27550c54ea8f54cd854ea7775d0bed8e5a5912acff555256e780e2d54",
      "original_frames": [
        208,
        209,
        210,
        211
      ],
      "source_clock_gaps_seconds": [
        0.037293434143066406,
        0.035703182220458984,
        0.03400611877441406
      ]
    },
    {
      "sequence": "eee763a27550c54ea8f54cd854ea7775d0bed8e5a5912acff555256e780e2d54/window-000313",
      "frames": 4,
      "support": {
        "status": "COMPLETE_SUPPORT_GENERATED",
        "candidate_count": 112,
        "generation": {
          "analytic_updates_computed": false,
          "bootstrap": true,
          "candidate_count": 112,
          "complete_within_declared_discrete_grammar": true,
          "context_sha256": "d016091325839d3a6bd425c59e8a43ed03b7be504f6c8c955f18f40c1141b6c8",
          "continuous_or_open_world_support_complete": false,
          "current_active_parents": 0,
          "delayed_evidence": false,
          "event_time_grid": [
            "2026-09-26T14:03:03.337078+00:00",
            "2026-09-26T14:03:03.337079+00:00",
            "2026-09-26T14:03:03.337080+00:00",
            "2026-09-26T14:03:03.337081+00:00"
          ],
          "grammar": "observed-time-complete-event-grammar-development@1",
          "ledger_authorized": false,
          "native_publication_authorized": false,
          "operation_counts": {
            "preserve_unresolved": 112
          },
          "posterior_accuracy_calibrated": false,
          "retracted_parents": 0,
          "source_records": [
            {
              "content_sha256": "dfd337a4c6542cf6d71b8ef6049ed2ac1aa1bb8d50fa64ec607fc867e28aa004",
              "received_at": "2026-09-26T14:03:03.337078+00:00",
              "record_id": "68925a9c-0703-5206-bd42-cc92b9a3719d"
            },
            {
              "content_sha256": "c7e14f9d4bc52f57310a8105ae46ac97f405d00583008f47aa92efd5ca5a1257",
              "received_at": "2026-09-26T14:03:03.337079+00:00",
              "record_id": "bc4d159e-6b06-55cb-9a89-2fc96a0df36c"
            },
            {
              "content_sha256": "002a0e09dc9cc1548eaf87edde4e6170bd88d3be0a2ec9170eb933ba93f902f4",
              "received_at": "2026-09-26T14:03:03.337080+00:00",
              "record_id": "eb0536a4-3246-5ca0-8c2b-c9f0dd2bf1f3"
            },
            {
              "content_sha256": "c65d0589ba257e671a2b6cda6d19028c98814e1bfc6fcb8f62d3d37b5ec5a460",
              "received_at": "2026-09-26T14:03:03.337081+00:00",
              "record_id": "7e6249e9-cc6a-5311-aee2-1e26d1fd7109"
            }
          ],
          "truncated": false
        }
      },
      "context_sha256": "abde482b2c902c2c0dbd1253fbf2f25712bf43f613ee03cc7af04ff79334cdf3",
      "support_sha256": "3d7120082b55894d8275f172fc559f434c4957fc77cd94f49e98b0cc8f6f9875",
      "core_ledger_unchanged": true,
      "execution_traces": 0,
      "perception_restore_equal": true,
      "source_sequence": "eee763a27550c54ea8f54cd854ea7775d0bed8e5a5912acff555256e780e2d54",
      "original_frames": [
        313,
        314,
        315,
        316
      ],
      "source_clock_gaps_seconds": [
        0.03650069236755371,
        0.03666377067565918,
        0.03636050224304199
      ]
    }
  ],
  "detections_per_presentation": {
    "banana": 16,
    "person": 157,
    "potted plant": 48,
    "couch": 115,
    "remote": 11,
    "clock": 10,
    "cup": 36,
    "car": 2,
    "bed": 17,
    "bottle": 44,
    "oven": 18,
    "sink": 45,
    "bowl": 19,
    "chair": 177,
    "cell phone": 14,
    "scissors": 2,
    "book": 172,
    "toothbrush": 2,
    "laptop": 14,
    "dining table": 18,
    "tv": 35,
    "backpack": 13,
    "train": 4,
    "motorcycle": 3,
    "hair drier": 1,
    "handbag": 6,
    "vase": 1,
    "refrigerator": 2
  },
  "associations_per_presentation": {
    "NEW_UNVERIFIED": 342,
    "ASSOCIATED_GEOMETRIC": 601,
    "AMBIGUOUS_NEW_BRANCH": 59
  },
  "role_unresolved_reasons": {
    "contact_and_release_not_observed": 128,
    "role_likelihood_not_calibrated": 128,
    "physical_person_identity_not_resolved": 24,
    "no_stable_ordered_role_evidence": 117,
    "fewer_than_two_person_candidates": 104
  },
  "role_alternatives": 64,
  "regional_hand_candidates": 378,
  "hand_object_measurements": 2530,
  "hand_count_semantics": "regional observations; overlapping crops can duplicate hands",
  "hand_geometry_used_as_proposal_truth": false,
  "continuous_episode_or_independent_window_claim": false,
  "author_labels_read_by_frontend": false,
  "proposal_targets_supervised": 0,
  "proposal_network_training_steps": 0,
  "natural_semantic_publications": 0,
  "memory_writes": 0,
  "executed_actions": 0
}
